"","number","site","site_type","site_replicate","species_site_replicate","species","species_replicate","micro","organ","year","ring_length_µm","mean_vessel_size_µm2","vessel_density_per_mm2","vessel_area","Kth"
"1","01","T1","T",1,"Ho1","Ho",1,0,"R","2021",53.898,174.638833333333,959.197166670959,0.167513074124055,1.42966641879754
"2","01","T1","T",1,"Ho1","Ho",1,0,"R","2022",49.258,173.771666666667,882.62523032965,0.153375257316434,1.26127853313561
"3","01","T1","T",1,"Ho1","Ho",1,0,"R","2023",56.001,133.552090909091,1742.77561759076,0.232751327714629,1.47758634922423
"4","01","T1","T",1,"Ho1","Ho",1,0,"R","2024",31.436,159.716666666667,1448.12957204247,0.23129042814805,1.71974136152379
"5","01","T1","T",1,"Ho1","Ho",1,0,"T","2021",NA,NA,NA,NA,NA
"6","01","T1","T",1,"Ho1","Ho",1,0,"T","2022",NA,NA,NA,NA,NA
"7","01","T1","T",1,"Ho1","Ho",1,0,"T","2023",NA,NA,NA,NA,NA
"8","01","T1","T",1,"Ho1","Ho",1,0,"T","2024",NA,NA,NA,NA,NA
"9","02","T1","T",1,"Ho2","Ho",2,0,"R","2021",262.992,150.2733671875,1046.89189748256,0.157319970516015,1.14517148555245
"10","02","T1","T",1,"Ho2","Ho",2,0,"R","2022",144.662,130.560432692308,1123.02806796649,0.146623030479312,0.856940959745244
"11","02","T1","T",1,"Ho2","Ho",2,0,"R","2023",81.77,135.061589285714,1033.46005524226,0.139580757524321,0.890763246070554
"12","02","T1","T",1,"Ho2","Ho",2,0,"R","2024",145.97,152.610050420168,1130.44992995954,0.172518020808601,1.30362410725774
"13","02","T1","T",1,"Ho2","Ho",2,0,"T","2021",66.336,100.031379310345,1376.59754984145,0.137702951665882,0.588193295512519
"14","02","T1","T",1,"Ho2","Ho",2,0,"T","2022",135.864,134.266253968254,1235.88772830118,0.165938015604334,0.974035855460343
"15","02","T1","T",1,"Ho2","Ho",2,0,"T","2023",148.827,148.903492753623,1198.42745059686,0.178450033205693,1.17305215469515
"16","02","T1","T",1,"Ho2","Ho",2,0,"T","2024",155.327,140.669731707317,1333.91321439452,0.187641213989721,1.82036637462069
"17","03","T1","T",1,"Ho3","Ho",3,0,"R","2021",168.807,162.279038461538,673.894943619897,0.10935902347473,0.83785780751664
"18","03","T1","T",1,"Ho3","Ho",3,0,"R","2022",105.907,139.800675675676,799.243064716765,0.111734720476502,0.694173385216559
"19","03","T1","T",1,"Ho3","Ho",3,0,"R","2023",47.851,193.907894736842,842.300405638227,0.163328698393297,1.37631996145336
"20","03","T1","T",1,"Ho3","Ho",3,0,"R","2024",112.419,181.758648648649,683.830772671885,0.124292157145203,1.0091761742248
"21","03","T1","T",1,"Ho3","Ho",3,0,"T","2021",173.738,139.837623529412,1054.75767409026,0.147494806544192,0.931424360749066
"22","03","T1","T",1,"Ho3","Ho",3,0,"T","2022",84.772,117.864428571429,1078.73935074838,0.127144997153471,0.651279814094954
"23","03","T1","T",1,"Ho3","Ho",3,0,"T","2023",69.629,137.503970588235,1193.56312727176,0.164119669147579,1.01618484680142
"24","03","T1","T",1,"Ho3","Ho",3,0,"T","2024",115.242,163.570754098361,934.214302926794,0.15281013801921,1.17108359136165
"25","04","T1","T",1,"Ho1","Ho",1,1,"R","2021",NA,NA,NA,NA,NA
"26","04","T1","T",1,"Ho1","Ho",1,1,"R","2022",NA,NA,NA,NA,NA
"27","04","T1","T",1,"Ho1","Ho",1,1,"R","2023",NA,NA,NA,NA,NA
"28","04","T1","T",1,"Ho1","Ho",1,1,"R","2024",NA,NA,NA,NA,NA
"29","04","T1","T",1,"Ho1","Ho",1,1,"T","2021",374.85,144.982365384615,1310.84921279734,0.19005001953392,1.2364407479299
"30","04","T1","T",1,"Ho1","Ho",1,1,"T","2022",209.325,145.125047297297,1229.6981413217,0.17846000092071,1.18426947990233
"31","04","T1","T",1,"Ho1","Ho",1,1,"T","2023",255.952,147.938347368421,1354.9869772933,0.200454534126503,1.39569651245803
"32","04","T1","T",1,"Ho1","Ho",1,1,"T","2024",185.77,118.460857142857,1534.23584445772,0.181746893193757,1.01098067612512
"33","05","T1","T",1,"Ho2","Ho",2,1,"R","2021",NA,NA,NA,NA,NA
"34","05","T1","T",1,"Ho2","Ho",2,1,"R","2022",NA,NA,NA,NA,NA
"35","05","T1","T",1,"Ho2","Ho",2,1,"R","2023",NA,NA,NA,NA,NA
"36","05","T1","T",1,"Ho2","Ho",2,1,"R","2024",NA,NA,NA,NA,NA
"37","05","T1","T",1,"Ho2","Ho",2,1,"T","2021",162.034,143.250322580645,1115.52206454029,0.159798895591224,1.01919545327587
"38","05","T1","T",1,"Ho2","Ho",2,1,"T","2022",177.767,161.323384615385,1056.86244367898,0.170496626487179,1.30562877571474
"39","05","T1","T",1,"Ho2","Ho",2,1,"T","2023",177.316,178.631533333333,906.462404960136,0.16192276930705,1.3116765348186
"40","05","T1","T",1,"Ho2","Ho",2,1,"T","2024",164.122,147.726224489796,1065.14414232239,0.157349722682708,1.04493616226862
"41","06","T1","T",1,"Ho3","Ho",3,1,"R","2021",NA,NA,NA,NA,NA
"42","06","T1","T",1,"Ho3","Ho",3,1,"R","2022",NA,NA,NA,NA,NA
"43","06","T1","T",1,"Ho3","Ho",3,1,"R","2023",NA,NA,NA,NA,NA
"44","06","T1","T",1,"Ho3","Ho",3,1,"R","2024",NA,NA,NA,NA,NA
"45","06","T1","T",1,"Ho3","Ho",3,1,"T","2021",162.75,124.92672972973,1013.56608367502,0.12662149619849,0.715109592596822
"46","06","T1","T",1,"Ho3","Ho",3,1,"T","2022",373.281,122.045956521739,1157.88091455766,0.141314683755455,0.784171015673889
"47","06","T1","T",1,"Ho3","Ho",3,1,"T","2023",181.064,154.08695049505,1147.33702970474,0.176789664097252,1.25978289262089
"48","06","T1","T",1,"Ho3","Ho",3,1,"T","2024",159.134,122.697823529412,1038.1135273957,0.127374270387892,0.712371148969207
"49","07","T1","T",1,"Fe1","Fe",1,0,"R","2021",140.899,231.50430952381,535.249906723544,0.123912660078718,1.56141234959369
"50","07","T1","T",1,"Fe1","Fe",1,0,"R","2022",86.733,171.586105263158,369.792389340461,0.063451235842887,0.5978240672967
"51","07","T1","T",1,"Fe1","Fe",1,0,"R","2023",256.922,187.6005,342.294365985142,0.0642145942059956,0.651755500921178
"52","07","T1","T",1,"Fe1","Fe",1,0,"R","2024",276.58,299.278444444444,217.288343946554,0.0650297175722341,0.98728326150089
"53","07","T1","T",1,"Fe1","Fe",1,0,"T","2021",174.431,259.951542168675,486.148285706596,0.126374996592087,1.79952616709887
"54","07","T1","T",1,"Fe1","Fe",1,0,"T","2022",118.584,154.058074074074,252.426520407332,0.0388883435791735,0.277659402580788
"55","07","T1","T",1,"Fe1","Fe",1,0,"T","2023",320.382,179.957939130435,402.537881850318,0.0724398876397136,0.735085845477751
"56","07","T1","T",1,"Fe1","Fe",1,0,"T","2024",347.226,278.250803418803,327.231474280529,0.0910524206224766,1.35116738487649
"57","08","T1","T",1,"Fe2","Fe",2,0,"R","2021",52.855,229.6359,816.503819756372,0.187498589503192,1.96292094853068
"58","08","T1","T",1,"Fe2","Fe",2,0,"R","2022",43.024,190.2635,801.488580217768,0.152494022482263,1.49443191191301
"59","08","T1","T",1,"Fe2","Fe",2,0,"R","2023",191.017,165.122346153846,657.029972140088,0.108490330493167,0.91665016379509
"60","08","T1","T",1,"Fe2","Fe",2,0,"R","2024",57.048,166.575615384615,709.18510953851,0.118132946042983,0.874431692027724
"61","08","T1","T",1,"Fe2","Fe",2,0,"T","2021",60.911,137.85830952381,1548.53912601148,0.21347898614342,1.65131808974357
"62","08","T1","T",1,"Fe2","Fe",2,0,"T","2022",86.834,131.102333333333,1765.60263151151,0.231474624730632,1.5905208777095
"63","08","T1","T",1,"Fe2","Fe",2,0,"T","2023",134.277,109.12022,1876.23776653914,0.20473547785706,1.17155725326968
"64","08","T1","T",1,"Fe2","Fe",2,0,"T","2024",117.859,159.039511627907,876.037746039579,0.139324615297747,1.24514447546737
"65","09","T1","T",1,"Fe3","Fe",3,0,"R","2021",106.935,166.620451612903,667.44126661931,0.111209365269198,0.864739951081067
"66","09","T1","T",1,"Fe3","Fe",3,0,"R","2022",163.309,192.107909090909,684.257105806881,0.131451201877157,1.3526350440627
"67","09","T1","T",1,"Fe3","Fe",3,0,"R","2023",180.308,190.335860759494,821.137037270732,0.156291824790425,1.61825501837924
"68","09","T1","T",1,"Fe3","Fe",3,0,"R","2024",204.253,189.566341463415,785.571350790914,0.148917886927906,1.70765737982575
"69","09","T1","T",1,"Fe3","Fe",3,0,"T","2021",119.448,142.321266666667,735.906342795162,0.104735122854642,0.706451822065833
"70","09","T1","T",1,"Fe3","Fe",3,0,"T","2022",176.31,178.006433333333,725.114140094946,0.129074981837868,1.19203199174955
"71","09","T1","T",1,"Fe3","Fe",3,0,"T","2023",122.087,178.476132075472,937.503974401963,0.167322083156644,1.60672828313736
"72","09","T1","T",1,"Fe3","Fe",3,0,"T","2024",176.05,183.179315789474,804.54669093802,0.147376312366712,1.55799096646887
"73","10","T1","T",1,"Fe1","Fe",1,1,"R","2021",92.8,245.913727272727,689.673754831519,0.169600243652796,2.09549590460024
"74","10","T1","T",1,"Fe1","Fe",1,1,"R","2022",103.517,275.305875,554.734590222137,0.152721691753872,2.23316198019533
"75","10","T1","T",1,"Fe1","Fe",1,1,"R","2023",74.859,264.1986,772.385752323071,0.204063234423702,2.89159640025265
"76","10","T1","T",1,"Fe1","Fe",1,1,"R","2024",146.132,290.055742857143,526.39416489346,0.152683650533838,2.74333622890887
"77","10","T1","T",1,"Fe1","Fe",1,1,"T","2021",110.069,212.636027777778,634.297595449897,0.134874521125462,1.31800852609815
"78","10","T1","T",1,"Fe1","Fe",1,1,"T","2022",94.197,219.596290322581,578.853348513213,0.127114047974305,1.43302584859585
"79","10","T1","T",1,"Fe1","Fe",1,1,"T","2023",105.709,201.419,485.024432111727,0.0976931360915119,0.958792741651686
"80","10","T1","T",1,"Fe1","Fe",1,1,"T","2024",112.014,224.052487179487,543.796288991182,0.12183891106745,1.38342818318966
"81","11","T1","T",1,"Fe2","Fe",2,1,"R","2021",176.92,187.455895833333,468.235245028027,0.0877734573174692,0.835169730450531
"82","11","T1","T",1,"Fe2","Fe",2,1,"R","2022",128.745,237.48768852459,597.066257811118,0.14179588546359,1.83541419320175
"83","11","T1","T",1,"Fe2","Fe",2,1,"R","2023",106.935,294.157725490196,453.175738705014,0.133305144544806,2.04916410066875
"84","11","T1","T",1,"Fe2","Fe",2,1,"R","2024",284.825,229.678538888889,604.079214924014,0.138744031456895,1.64057475914901
"85","11","T1","T",1,"Fe2","Fe",2,1,"T","2021",107.671,189.618114285714,840.051348677556,0.159288952639409,1.50303738015836
"86","11","T1","T",1,"Fe2","Fe",2,1,"T","2022",108.17,196.953407407407,588.153609128408,0.115838857396804,1.20921824528897
"87","11","T1","T",1,"Fe2","Fe",2,1,"T","2023",135.947,159.529790697674,727.395437007547,0.116041241820257,0.870559753131238
"88","11","T1","T",1,"Fe2","Fe",2,1,"T","2024",96.336,274.677558823529,714.851652052309,0.196353706706695,3.29166269980071
"89","12","T1","T",1,"Fe3","Fe",3,1,"R","2021",147.567,202.036423728814,626.999373276919,0.126676711057076,1.2315598803929
"90","12","T1","T",1,"Fe3","Fe",3,1,"R","2022",108.969,241.204317073171,598.872326651712,0.144450590564047,1.79064601213871
"91","12","T1","T",1,"Fe3","Fe",3,1,"R","2023",172.799,197.131120689655,563.832565610094,0.111148945540041,1.0703917038407
"92","12","T1","T",1,"Fe3","Fe",3,1,"R","2024",189.476,219.255816901408,547.077263632543,0.11994987234594,1.35652909187522
"93","12","T1","T",1,"Fe3","Fe",3,1,"T","2021",108.844,158.839444444444,666.289557134978,0.105833063094455,0.789961708020701
"94","12","T1","T",1,"Fe3","Fe",3,1,"T","2022",159.299,147.828536585366,788.126510877021,0.11650758874708,0.877747493465062
"95","12","T1","T",1,"Fe3","Fe",3,1,"T","2023",120.356,148.197307692308,700.912332092576,0.103873320544456,0.780283876385101
"96","12","T1","T",1,"Fe3","Fe",3,1,"T","2024",214.558,173.149333333333,618.088422332226,0.107021598267877,0.884738544097285
"97","13","T1","T",1,"Ft1","Ft",1,0,"R","2021",53.501,431.750176470588,663.012752131986,0.286255872735235,6.53390652629278
"98","13","T1","T",1,"Ft1","Ft",1,0,"R","2022",116.377,398.1049375,539.314211602535,0.214703650502889,4.69020753755497
"99","13","T1","T",1,"Ft1","Ft",1,0,"R","2023",49.158,371.566,623.64000620473,0.231723422545467,4.38567717954137
"100","13","T1","T",1,"Ft1","Ft",1,0,"R","2024",76.459,438.554266666667,622.141641883973,0.272842871519222,7.07120674041308
"101","13","T1","T",1,"Ft1","Ft",1,0,"T","2021",87.937,191.386181818182,658.568852252059,0.126040978096904,1.47934639603124
"102","13","T1","T",1,"Ft1","Ft",1,0,"T","2022",166.405,258.212857142857,535.825743661087,0.138357096201425,2.33066775377607
"103","13","T1","T",1,"Ft1","Ft",1,0,"T","2023",107.275,260.091666666667,888.393320825606,0.231063699469066,3.39031296763408
"104","13","T1","T",1,"Ft1","Ft",1,0,"T","2024",66.466,221.152,540.555722100278,0.119544979053921,1.39232303714757
"105","14","T1","T",1,"Ft2","Ft",2,0,"R","2021",183.33,226.498014084507,795.572056159749,0.180195490781311,2.01650899587588
"106","14","T1","T",1,"Ft2","Ft",2,0,"R","2022",146.506,229.954545454545,622.858930844125,0.143229242324565,1.52654677521108
"107","14","T1","T",1,"Ft2","Ft",2,0,"R","2023",241.797,221.382358024691,778.912870366562,0.17243756793753,1.8321123120726
"108","14","T1","T",1,"Ft2","Ft",2,0,"R","2024",51.625,251.422,669.542557131116,0.168337728799019,1.99704818179022
"109","14","T1","T",1,"Ft2","Ft",2,0,"T","2021",420.074,153.214620689655,505.500650850116,0.0774500904783744,0.653902409156523
"110","14","T1","T",1,"Ft2","Ft",2,0,"T","2022",187.253,144.147125,698.725402843033,0.10071925798429,0.677850949403397
"111","14","T1","T",1,"Ft2","Ft",2,0,"T","2023",39.552,145.303461538462,1065.81536508422,0.154866661907616,0.965123726383202
"112","14","T1","T",1,"Ft2","Ft",2,0,"T","2024",29.29,153.9028,878.358691203434,0.135181861980544,1.1434284545355
"113","15","T1","T",1,"Ft1","Ft",1,0,"R","2021",83.858,225.659411764706,957.936849258831,0.216167465911484,2.29651223775496
"114","15","T1","T",1,"Ft1","Ft",1,0,"R","2022",217.227,181.591402061856,1367.89855798567,0.248398617023008,2.55536862060984
"115","15","T1","T",1,"Ft1","Ft",1,0,"R","2023",247.528,239.120894736842,738.145123917654,0.176505922476827,2.07614436871011
"116","15","T1","T",1,"Ft1","Ft",1,0,"R","2024",28.277,202.958866666667,948.814488241032,0.192570313210313,1.99757513455284
"117","15","T1","T",1,"Ft1","Ft",1,0,"T","2021",132.495,130.508685714286,857.072265513077,0.111855374934277,0.668749770908198
"118","15","T1","T",1,"Ft1","Ft",1,0,"T","2022",229.738,131.477180555556,933.138264892027,0.122686388136507,0.79453694887841
"119","15","T1","T",1,"Ft1","Ft",1,0,"T","2023",187.46,150.133614035088,932.260748000025,0.139963675320298,1.0120282642539
"120","15","T1","T",1,"Ft1","Ft",1,0,"T","2024",42.913,97.6858333333333,1076.81092642217,0.105189172689988,0.432965351797286
"121","16","T1","T",1,"Ft1","Ft",1,1,"R","2021",195.888,221.139,611.332341004806,0.135189422557462,1.98734271214243
"122","16","T1","T",1,"Ft1","Ft",1,1,"R","2022",112.517,185.505347826087,761.572538518379,0.141275778652648,1.29345917014834
"123","16","T1","T",1,"Ft1","Ft",1,1,"R","2023",194.866,188.716583333333,712.201573004247,0.134404247501987,1.27177896681464
"124","16","T1","T",1,"Ft1","Ft",1,1,"R","2024",156.207,197.255256410256,672.460090866488,0.132646287649533,1.30687072608857
"125","16","T1","T",1,"Ft1","Ft",1,1,"T","2021",438.870284129559,119.10841,558.840670566356,0.0665626237144925,0.38689298116156
"126","16","T1","T",1,"Ft1","Ft",1,1,"T","2022",289.3710428549,154.953604166667,649.161303517816,0.100589883665617,0.770615635938074
"127","16","T1","T",1,"Ft1","Ft",1,1,"T","2023",229.664591073204,152.817247191011,671.000912260221,0.102540512274264,0.825228267471287
"128","16","T1","T",1,"Ft1","Ft",1,1,"T","2024",170.758725341426,142.769857142857,674.766264275081,0.0963362831553728,0.653357388588198
"129","17","T1","T",1,"Ft2","Ft",2,1,"R","2021",91.747,130.237444444444,1069.706014339,0.139315777614364,0.816363946856984
"130","17","T1","T",1,"Ft2","Ft",2,1,"R","2022",50.412,114.4484,806.889195536144,0.0923471774063989,0.427791061431573
"131","17","T1","T",1,"Ft2","Ft",2,1,"R","2023",164.365,138.323763636364,1151.6243151116,0.159297009561386,1.0045137423451
"132","17","T1","T",1,"Ft2","Ft",2,1,"R","2024",45.03,161.828090909091,924.229584279689,0.149566309185685,1.11285157280663
"133","17","T1","T",1,"Ft2","Ft",2,1,"T","2021",360.201,136.016709677419,676.72638039958,0.0920460956138605,0.577362365326909
"134","17","T1","T",1,"Ft2","Ft",2,1,"T","2022",101.256,120.794,650.263954741096,0.0785479841489959,0.451850835695228
"135","17","T1","T",1,"Ft2","Ft",2,1,"T","2023",286.161,128.731518518519,717.949700297699,0.0924227551392381,0.530846514020936
"136","17","T1","T",1,"Ft2","Ft",2,1,"T","2024",97.366,131.508230769231,469.73565783415,0.0617741052909898,0.374688190407711
"137","18","T1","T",1,"Ft3","Ft",3,1,"R","2021",131.927685626079,188.298222222222,874.023926634464,0.164577151564956,1.46351555759819
"138","18","T1","T",1,"Ft3","Ft",3,1,"R","2022",124.399037203705,187.401793103448,1054.02954258802,0.197527026265002,1.84402243213924
"139","18","T1","T",1,"Ft3","Ft",3,1,"R","2023",170.081105122704,155.143823529412,783.518687655442,0.121558085009612,0.875094732186678
"140","18","T1","T",1,"Ft3","Ft",3,1,"R","2024",124.535607765161,166.703255319149,669.319062786498,0.111577666613671,0.900495031487196
"141","18","T1","T",1,"Ft3","Ft",3,1,"T","2021",NA,NA,NA,NA,NA
"142","18","T1","T",1,"Ft3","Ft",3,1,"T","2022",NA,NA,NA,NA,NA
"143","18","T1","T",1,"Ft3","Ft",3,1,"T","2023",NA,NA,NA,NA,NA
"144","18","T1","T",1,"Ft3","Ft",3,1,"T","2024",NA,NA,NA,NA,NA
"145","19","T1","T",1,"Ho3","Ho",3,0,"R","2021",600.765,143.738464566929,1052.27429074014,0.151252290854242,0.998911637982079
"146","19","T1","T",1,"Ho3","Ho",3,0,"R","2022",410.665,173.62693495935,1009.28281651852,0.17523868193925,1.48336067085164
"147","19","T1","T",1,"Ho3","Ho",3,0,"R","2023",234.512,169.94284137931,1097.85639093072,0.186572834501201,1.52679468773864
"148","19","T1","T",1,"Ho3","Ho",3,0,"R","2024",179.438,184.34580620155,1040.51924585518,0.191815359245402,1.80501825964993
"149","19","T1","T",1,"Ho3","Ho",3,0,"T","2021",56.537,152.827257142857,1015.90740512864,0.155258342236927,1.07012263081287
"150","19","T1","T",1,"Ho3","Ho",3,0,"T","2022",271.626,178.967444444444,1045.22143359588,0.187060608849213,1.58160421294498
"151","19","T1","T",1,"Ho3","Ho",3,0,"T","2023",454.406,163.770466898955,990.536067290749,0.16222055422046,1.26767659584238
"152","19","T1","T",1,"Ho3","Ho",3,0,"T","2024",248.162,158.752357142857,905.173172470125,0.14369837475211,1.20997262702279
"153","20","T2","T",2,"Ho2","Ho",2,0,"R","2021",284.668,147.222371710526,1422.20730501183,0.209380732507878,1.44841228879529
"154","20","T2","T",2,"Ho2","Ho",2,0,"R","2022",313.979,137.29062601626,1056.12491671224,0.144996050966794,0.880065649773756
"155","20","T2","T",2,"Ho2","Ho",2,0,"R","2023",395.654,149.753155507559,1442.64241350113,0.216040253690835,1.57822013557844
"156","20","T2","T",2,"Ho2","Ho",2,0,"R","2024",158.375,160.937215827338,1310.40732694083,0.210893306797601,1.6219778299988
"157","20","T2","T",2,"Ho2","Ho",2,0,"T","2021",241.62,130.676169811321,953.996399350966,0.124664595480975,0.754935241904505
"158","20","T2","T",2,"Ho2","Ho",2,0,"T","2022",252.048,145.712967346939,938.750632745717,0.136788140296195,0.91506436077882
"159","20","T2","T",2,"Ho2","Ho",2,0,"T","2023",532.844,123.541699173554,1182.61090885838,0.146101761141545,0.816376686050381
"160","20","T2","T",2,"Ho2","Ho",2,0,"T","2024",281.775,140.393435185185,1273.87410136508,0.178843561084084,1.17904543016027
"161","21","T2","T",2,"Ho3","Ho",3,0,"R","2021",99.43,178.810767857143,1178.90253618045,0.210800467723159,1.76423351023497
"162","21","T2","T",2,"Ho3","Ho",3,0,"R","2022",159.299,186.809704081633,1351.21884977875,0.252420793476693,2.36913104173492
"163","21","T2","T",2,"Ho3","Ho",3,0,"R","2023",121.767,168.987791666667,1185.47595623636,0.200330963918312,1.59991696679924
"164","21","T2","T",2,"Ho3","Ho",3,0,"R","2024",202.403,184.965703389831,1095.02096006903,0.202541322105775,2.00270886511642
"165","21","T2","T",2,"Ho3","Ho",3,0,"T","2021",95.238,140.138362068966,1378.75688052153,0.193216730927604,1.26274699494599
"166","21","T2","T",2,"Ho3","Ho",3,0,"T","2022",131.868,170.483631578947,1295.89277113248,0.220928505759571,1.79794378514741
"167","21","T2","T",2,"Ho3","Ho",3,0,"T","2023",125.593,161.864602739726,969.904915707822,0.156993273876354,1.18332454812066
"168","21","T2","T",2,"Ho3","Ho",3,0,"T","2024",263.745,158.337161904762,849.771847178502,0.134550462548811,1.1047193108271
"169","22","T2","T",2,"Ho1","Ho",1,1,"R","2021",NA,NA,NA,NA,NA
"170","22","T2","T",2,"Ho1","Ho",1,1,"R","2022",NA,NA,NA,NA,NA
"171","22","T2","T",2,"Ho1","Ho",1,1,"R","2023",NA,NA,NA,NA,NA
"172","22","T2","T",2,"Ho1","Ho",1,1,"R","2024",NA,NA,NA,NA,NA
"173","22","T2","T",2,"Ho1","Ho",1,1,"T","2021",516.859400345351,127.491572755418,1099.84620316519,0.140221122230605,0.805342590050855
"174","22","T2","T",2,"Ho1","Ho",1,1,"T","2022",328.323478624876,128.250955645161,1315.12484836123,0.168666018595026,1.04056577589811
"175","22","T2","T",2,"Ho1","Ho",1,1,"T","2023",412.478153942756,167.536577039275,1453.38300849535,0.243494814370354,2.2060883583909
"176","22","T2","T",2,"Ho1","Ho",1,1,"T","2024",554.93328449584,150.851016393443,1127.755264755,0.170123027931347,1.34795680778688
"177","23","T2","T",2,"Ho2","Ho",2,1,"R","2021",NA,NA,NA,NA,NA
"178","23","T2","T",2,"Ho2","Ho",2,1,"R","2022",NA,NA,NA,NA,NA
"179","23","T2","T",2,"Ho2","Ho",2,1,"R","2023",NA,NA,NA,NA,NA
"180","23","T2","T",2,"Ho2","Ho",2,1,"R","2024",NA,NA,NA,NA,NA
"181","23","T2","T",2,"Ho2","Ho",2,1,"T","2021",118.781,96.2915142857143,972.776493237984,0.0936701215954324,0.381127410263059
"182","23","T2","T",2,"Ho2","Ho",2,1,"T","2022",164.325,99.0425466666667,1410.71487297843,0.139720793640327,0.584873398956855
"183","23","T2","T",2,"Ho2","Ho",2,1,"T","2023",237.328,91.2678051948052,1074.73638925152,0.0980888314099765,0.381980715404358
"184","23","T2","T",2,"Ho2","Ho",2,1,"T","2024",160.989,104.511078431373,1013.58464108572,0.105930823921344,0.498447626909572
"185","24","T2","T",2,"Ho3","Ho",3,1,"R","2021",NA,NA,NA,NA,NA
"186","24","T2","T",2,"Ho3","Ho",3,1,"R","2022",NA,NA,NA,NA,NA
"187","24","T2","T",2,"Ho3","Ho",3,1,"R","2023",NA,NA,NA,NA,NA
"188","24","T2","T",2,"Ho3","Ho",3,1,"R","2024",NA,NA,NA,NA,NA
"189","24","T2","T",2,"Ho3","Ho",3,1,"T","2021",NA,NA,NA,NA,NA
"190","24","T2","T",2,"Ho3","Ho",3,1,"T","2022",NA,NA,NA,NA,NA
"191","24","T2","T",2,"Ho3","Ho",3,1,"T","2023",NA,NA,NA,NA,NA
"192","24","T2","T",2,"Ho3","Ho",3,1,"T","2024",NA,NA,NA,NA,NA
"193","25","T2","T",2,"Fe1","Fe",1,0,"R","2021",NA,NA,NA,NA,NA
"194","25","T2","T",2,"Fe1","Fe",1,0,"R","2022",NA,NA,NA,NA,NA
"195","25","T2","T",2,"Fe1","Fe",1,0,"R","2023",NA,NA,NA,NA,NA
"196","25","T2","T",2,"Fe1","Fe",1,0,"R","2024",NA,NA,NA,NA,NA
"197","25","T2","T",2,"Fe1","Fe",1,0,"T","2021",78.815,164.473088235294,1131.76429998222,0.186144769572532,1.91997353083615
"198","25","T2","T",2,"Fe1","Fe",1,0,"T","2022",104.815,148.936596153846,1425.63142346601,0.21232869158099,1.91755749847075
"199","25","T2","T",2,"Fe1","Fe",1,0,"T","2023",78.787,202.9370625,1240.86871777988,0.25181825253439,2.81745746982785
"200","25","T2","T",2,"Fe1","Fe",1,0,"T","2024",57.156,200.234818181818,887.107726547041,0.177629854332833,1.88004630607969
"201","26","T2","T",2,"Fe2","Fe",2,0,"R","2021",113.513,284.81364516129,1026.13243341542,0.292256518779272,4.81220920101303
"202","26","T2","T",2,"Fe2","Fe",2,0,"R","2022",165.201,321.562703703704,582.270604680887,0.187236509928377,3.16442811269226
"203","26","T2","T",2,"Fe2","Fe",2,0,"R","2023",148.1,243.03876744186,761.726867654001,0.185129159041978,2.4858126730249
"204","26","T2","T",2,"Fe2","Fe",2,0,"R","2024",85.353,270.110095238095,653.965383070056,0.17664265190347,3.16245783492152
"205","26","T2","T",2,"Fe2","Fe",2,0,"T","2021",185.246,170.89241509434,1058.10621277507,0.180822326127456,1.56697051781436
"206","26","T2","T",2,"Fe2","Fe",2,0,"T","2022",211.996,155.939841269841,1130.52180224403,0.176293390394029,1.49611099722463
"207","26","T2","T",2,"Fe2","Fe",2,0,"T","2023",182.122,146.676536585366,888.274530930436,0.130289031733867,0.951490998470609
"208","26","T2","T",2,"Fe2","Fe",2,0,"T","2024",123.062,147.5938,1101.05784245637,0.162509310987937,1.21759785088241
"209","27","T2","T",2,"Fe3","Fe",3,0,"R","2021",141.858,202.326086956522,371.864053511893,0.0752377988268519,0.802917295222984
"210","27","T2","T",2,"Fe3","Fe",3,0,"R","2022",87.489,181.438066666667,375.869949825885,0.0681971170145055,0.636149166476016
"211","27","T2","T",2,"Fe3","Fe",3,0,"R","2023",114.222,183.357294117647,612.518415835329,0.112309719324794,1.10501491586152
"212","27","T2","T",2,"Fe3","Fe",3,0,"R","2024",86.293,194.874043478261,499.987944586009,0.0974346724518602,0.929687813750603
"213","27","T2","T",2,"Fe3","Fe",3,0,"T","2021",174.781,175.77947,981.184739391644,0.172472133462351,1.70638443000632
"214","27","T2","T",2,"Fe3","Fe",3,0,"T","2022",155.066,205.474620253165,855.939152943699,0.175873772410922,1.80594057271494
"215","27","T2","T",2,"Fe3","Fe",3,0,"T","2023",90.877,167.008610169492,887.851058570964,0.148278771329449,1.39651853310488
"216","27","T2","T",2,"Fe3","Fe",3,0,"T","2024",116.964,186.119441176471,589.811434319797,0.109775374555093,1.03882668272587
"217","28","T2","T",2,"Fe1","Fe",1,0,"R","2021",105.979,161.861444444444,605.984651666232,0.0980855510298599,0.732969613462326
"218","28","T2","T",2,"Fe1","Fe",1,0,"R","2022",65.494,154.354625,769.25008881244,0.118737308989861,0.86482993035155
"219","28","T2","T",2,"Fe1","Fe",1,0,"R","2023",97.688,165.706526315789,736.039054923321,0.1219664750241,0.978025487668743
"220","28","T2","T",2,"Fe1","Fe",1,0,"R","2024",111.833,190.826090909091,654.838680472648,0.124960305570663,1.1430058218261
"221","28","T2","T",2,"Fe1","Fe",1,0,"T","2021",72.744,189.829736842105,730.406812576425,0.138652933019064,1.55644110046154
"222","28","T2","T",2,"Fe1","Fe",1,0,"T","2022",63.843,189.727235294118,795.973987697919,0.15101794405196,1.41123148978144
"223","28","T2","T",2,"Fe1","Fe",1,0,"T","2023",68.552,158.028166666667,538.806993214541,0.085146681324873,0.589729446666424
"224","28","T2","T",2,"Fe1","Fe",1,0,"T","2024",81.116,192.5633,721.891776008562,0.13900986263107,1.19523017863539
"225","29","T2","T",2,"Fe2","Fe",2,0,"R","2021",NA,NA,NA,NA,NA
"226","29","T2","T",2,"Fe2","Fe",2,0,"R","2022",NA,NA,NA,NA,NA
"227","29","T2","T",2,"Fe2","Fe",2,0,"R","2023",NA,NA,NA,NA,NA
"228","29","T2","T",2,"Fe2","Fe",2,0,"R","2024",NA,NA,NA,NA,NA
"229","29","T2","T",2,"Fe2","Fe",2,0,"T","2021",NA,NA,NA,NA,NA
"230","29","T2","T",2,"Fe2","Fe",2,0,"T","2022",NA,NA,NA,NA,NA
"231","29","T2","T",2,"Fe2","Fe",2,0,"T","2023",NA,NA,NA,NA,NA
"232","29","T2","T",2,"Fe2","Fe",2,0,"T","2024",NA,NA,NA,NA,NA
"233","30","T2","T",2,"Fe3","Fe",3,0,"R","2021",NA,NA,NA,NA,NA
"234","30","T2","T",2,"Fe3","Fe",3,0,"R","2022",NA,NA,NA,NA,NA
"235","30","T2","T",2,"Fe3","Fe",3,0,"R","2023",NA,NA,NA,NA,NA
"236","30","T2","T",2,"Fe3","Fe",3,0,"R","2024",NA,NA,NA,NA,NA
"237","30","T2","T",2,"Fe3","Fe",3,0,"T","2021",NA,NA,NA,NA,NA
"238","30","T2","T",2,"Fe3","Fe",3,0,"T","2022",NA,NA,NA,NA,NA
"239","30","T2","T",2,"Fe3","Fe",3,0,"T","2023",NA,NA,NA,NA,NA
"240","30","T2","T",2,"Fe3","Fe",3,0,"T","2024",NA,NA,NA,NA,NA
"241","31","T2","T",2,"Ft1","Ft",1,0,"R","2021",228.153,248.346436363636,702.230964582725,0.174396557558319,2.20047715175485
"242","31","T2","T",2,"Ft1","Ft",1,0,"R","2022",161.817,243.548702702703,800.621009471613,0.19499020821334,2.64932148285255
"243","31","T2","T",2,"Ft1","Ft",1,0,"R","2023",150.739,246.687386363636,808.926522743438,0.199551969655803,2.40204401829562
"244","31","T2","T",2,"Ft1","Ft",1,0,"R","2024",120.056,226.989821428571,809.90027328933,0.183839118408896,2.27079702619867
"245","31","T2","T",2,"Ft1","Ft",1,0,"T","2021",143.442,204.533436363636,995.661405186276,0.203646048657396,2.04679717716378
"246","31","T2","T",2,"Ft1","Ft",1,0,"T","2022",117.01,246.302514285714,879.842863792622,0.216707509528466,2.53420060925922
"247","31","T2","T",2,"Ft1","Ft",1,0,"T","2023",182.404,226.935218181818,830.346833516705,0.188434939830695,2.02313428134198
"248","31","T2","T",2,"Ft1","Ft",1,0,"T","2024",120.47,245.613216216216,670.011150906751,0.164563593674936,2.02762080074757
"249","32","T2","T",2,"Ft2","Ft",2,0,"R","2021",101.497,143.6901,981.366693201481,0.14101267828279,0.892057665993842
"250","32","T2","T",2,"Ft2","Ft",2,0,"R","2022",65.87,132.63325,940.023155450468,0.124678326182651,0.744392659089093
"251","32","T2","T",2,"Ft2","Ft",2,0,"R","2023",131.754,153.916037037037,873.277024857892,0.134411338901621,0.968677110039508
"252","32","T2","T",2,"Ft2","Ft",2,0,"R","2024",63.424,170.577166666667,628.047075556196,0.107130490681662,0.831455786428891
"253","32","T2","T",2,"Ft2","Ft",2,0,"T","2021",192.456,121.188553191489,999.314530784097,0.121105482168957,0.706370346045809
"254","32","T2","T",2,"Ft2","Ft",2,0,"T","2022",99.622,126.60515,672.275231422384,0.0851135065155156,0.48819342233155
"255","32","T2","T",2,"Ft2","Ft",2,0,"T","2023",130.504,124.54475,559.847197051535,0.0697260291949842,0.403325263277033
"256","32","T2","T",2,"Ft2","Ft",2,0,"T","2024",178.505,144.4979,584.036771398331,0.0843920869898388,0.581239019446373
"257","33","T2","T",2,"Ft3","Ft",3,0,"R","2021",195.989,206.03434375,661.364567095656,0.136263814561056,1.41521237735992
"258","33","T2","T",2,"Ft3","Ft",3,0,"R","2022",97.691,232.328266666667,524.962369556719,0.121963597384339,1.50154629666387
"259","33","T2","T",2,"Ft3","Ft",3,0,"R","2023",332.891,174.469509803922,567.506231390721,0.09901253400141,0.891851703020505
"260","33","T2","T",2,"Ft3","Ft",3,0,"R","2024",167.465,197.778269230769,500.492189471525,0.0989864789971964,0.952876250487864
"261","33","T2","T",2,"Ft3","Ft",3,0,"T","2021",NA,NA,NA,NA,NA
"262","33","T2","T",2,"Ft3","Ft",3,0,"T","2022",NA,NA,NA,NA,NA
"263","33","T2","T",2,"Ft3","Ft",3,0,"T","2023",NA,NA,NA,NA,NA
"264","33","T2","T",2,"Ft3","Ft",3,0,"T","2024",NA,NA,NA,NA,NA
"265","34","T2","T",2,"Ft1","Ft",1,1,"R","2021",NA,NA,NA,NA,NA
"266","34","T2","T",2,"Ft1","Ft",1,1,"R","2022",NA,NA,NA,NA,NA
"267","34","T2","T",2,"Ft1","Ft",1,1,"R","2023",NA,NA,NA,NA,NA
"268","34","T2","T",2,"Ft1","Ft",1,1,"R","2024",NA,NA,NA,NA,NA
"269","34","T2","T",2,"Ft1","Ft",1,1,"T","2021",344.29,164.345450704225,425.07487629426,0.069859122127623,0.531916111966254
"270","34","T2","T",2,"Ft1","Ft",1,1,"T","2022",173.034,165.310210526316,469.666947247164,0.0776407419266808,0.69108627953715
"271","34","T2","T",2,"Ft1","Ft",1,1,"T","2023",221.589,151.581567567568,399.952700204791,0.0606254572499237,0.456801496902451
"272","34","T2","T",2,"Ft1","Ft",1,1,"T","2024",133.807,184.084740740741,428.49712600524,0.0788797823488271,0.665050098938397
"273","35","T2","T",2,"Ft2","Ft",2,1,"R","2021",110.633,73.254,681.850877154478,0.0499483041550742,0.148462720667755
"274","35","T2","T",2,"Ft2","Ft",2,1,"R","2022",82.189,81.8030769230769,795.76210275759,0.0650957885043486,0.226041809324377
"275","35","T2","T",2,"Ft2","Ft",2,1,"R","2023",65.786,74.1998888888889,658.652826692249,0.0488719665569175,0.145268552524422
"276","35","T2","T",2,"Ft2","Ft",2,1,"R","2024",81.907,79.9746363636364,508.883492947312,0.0406977722999184,0.139275808082038
"277","35","T2","T",2,"Ft2","Ft",2,1,"T","2021",182.055,142.010761904762,408.27407209399,0.0579793120440273,0.355305450513162
"278","35","T2","T",2,"Ft2","Ft",2,1,"T","2022",122.498,154.980925925926,552.52661467911,0.0856310863416857,0.66873962643883
"279","35","T2","T",2,"Ft2","Ft",2,1,"T","2023",106.899,181.504409090909,538.391810646706,0.0977204874508149,0.877900535547072
"280","35","T2","T",2,"Ft2","Ft",2,1,"T","2024",138.749,203.8545,500.642590957569,0.10205824505836,1.57387000510267
"281","36","T2","T",2,"Ft3","Ft",3,1,"R","2021",NA,NA,NA,NA,NA
"282","36","T2","T",2,"Ft3","Ft",3,1,"R","2022",NA,NA,NA,NA,NA
"283","36","T2","T",2,"Ft3","Ft",3,1,"R","2023",415.013,279.826158415842,424.194147285776,0.118700618657462,1.86341153249093
"284","36","T2","T",2,"Ft3","Ft",3,1,"R","2024",181.413,291.605983333333,732.403947950548,0.213573373439335,3.71616932440695
"285","36","T2","T",2,"Ft3","Ft",3,1,"T","2021",133.171,180.575212121212,845.778736372519,0.152726674728078,1.31700434422767
"286","36","T2","T",2,"Ft3","Ft",3,1,"T","2022",127.699,142.67168,759.88332015268,0.108413829890161,0.677050804709705
"287","36","T2","T",2,"Ft3","Ft",3,1,"T","2023",92.635,149.3664375,923.493956465695,0.137939002330061,0.922932918005827
"288","36","T2","T",2,"Ft3","Ft",3,1,"T","2024",74.859,146.756638888889,900.426063183404,0.132143502600751,0.90868891729359
"289","37","T3","T",3,"Ho1","Ho",1,0,"R","2021",120.011,157.336735849057,1208.56400301264,0.190151515298678,1.48187689148484
"290","37","T3","T",3,"Ho1","Ho",1,0,"R","2022",57.383,115.168114285714,1580.14547488348,0.181982374639435,0.878979063679871
"291","37","T3","T",3,"Ho1","Ho",1,0,"R","2023",136.296,125.487666666667,1335.81186871553,0.167627914510751,0.987124351060464
"292","37","T3","T",3,"Ho1","Ho",1,0,"R","2024",65.48,151.075272727273,1385.57137543173,0.209325573426452,1.41073406413037
"293","37","T3","T",3,"Ho1","Ho",1,0,"T","2021",178.971,119.548939393939,1309.8446032279,0.15659053308677,0.831466067499934
"294","37","T3","T",3,"Ho1","Ho",1,0,"T","2022",268.45,126.619022670025,1283.69960359753,0.162540789209418,0.937740157812339
"295","37","T3","T",3,"Ho1","Ho",1,0,"T","2023",386.185,123.775701078582,1339.30345092858,0.16577322359565,0.920961154302892
"296","37","T3","T",3,"Ho1","Ho",1,0,"T","2024",216.646,134.460018987342,1156.11054665188,0.155450646054278,0.936041408926541
"297","38","T3","T",3,"Ho2","Ho",2,0,"R","2021",96.859,234.456923076923,1268.63527751812,0.297440323673736,3.62079773275358
"298","38","T3","T",3,"Ho2","Ho",2,0,"R","2022",72.221,358.717,881.408057985493,0.316176054336382,4.76414893155538
"299","38","T3","T",3,"Ho2","Ho",2,0,"R","2023",76.968,302.4941,1221.5469660576,0.369510750105324,5.12563521048483
"300","38","T3","T",3,"Ho2","Ho",2,0,"R","2024",73.307,184.221583333333,1359.7554993025,0.250496311027714,2.26559912718994
"301","38","T3","T",3,"Ho2","Ho",2,0,"T","2021",158.626,187.27208974359,1002.13404112202,0.18767173608411,1.91976563568163
"302","38","T3","T",3,"Ho2","Ho",2,0,"T","2022",177.505,173.089130434783,1077.23396014442,0.186457489436215,1.48636836113355
"303","38","T3","T",3,"Ho2","Ho",2,0,"T","2023",398.747,146.190888888889,1094.97411657439,0.160075239412335,1.23309787082793
"304","38","T3","T",3,"Ho2","Ho",2,0,"T","2024",216.646,159.6703,1243.63059867086,0.198570870778955,1.93345461071672
"305","39","T3","T",3,"Ho3","Ho",3,0,"R","2021",54.432,192.463,1009.3882862339,0.194269897733436,1.64901155849297
"306","39","T3","T",3,"Ho3","Ho",3,0,"R","2022",95.238,213.113451612903,1161.26891667871,0.247482027084178,2.60426560396099
"307","39","T3","T",3,"Ho3","Ho",3,0,"R","2023",109.412,277.515785714286,912.057895359412,0.253110463447585,4.22922834560436
"308","39","T3","T",3,"Ho3","Ho",3,0,"R","2024",34.074,153.811117647059,841.225283860877,0.129389801103606,0.917206426053258
"309","39","T3","T",3,"Ho3","Ho",3,0,"T","2021",782.837,131.090738095238,1010.33675362795,0.132445790757835,0.811039549179269
"310","39","T3","T",3,"Ho3","Ho",3,0,"T","2022",160.402,119.432101010101,1234.56450444354,0.147446632598186,0.791736521404735
"311","39","T3","T",3,"Ho3","Ho",3,0,"T","2023",178.225,170.41173255814,1020.59421905146,0.173921229107381,1.48350202667354
"312","39","T3","T",3,"Ho3","Ho",3,0,"T","2024",308.249,136.626109489051,854.869782626197,0.116797532519968,0.77196832719749
"313","40","T3","T",3,"Ho1","Ho",1,1,"R","2021",114.153,187.456702702703,1433.14160804848,0.268652000350817,2.78408547714496
"314","40","T3","T",3,"Ho1","Ho",1,1,"R","2022",129.358,235.441058823529,1087.14091233314,0.255957607490092,2.75460512805876
"315","40","T3","T",3,"Ho1","Ho",1,1,"R","2023",218.739,220.401042857143,1184.31860240764,0.261025055045758,3.22277301825313
"316","40","T3","T",3,"Ho1","Ho",1,1,"R","2024",106.239,212.27975862069,1256.47164830172,0.26672349821523,3.31995649757484
"317","40","T3","T",3,"Ho1","Ho",1,1,"T","2021",475.833,121.3447771261,1129.83107647061,0.137099100164467,0.812375725919408
"318","40","T3","T",3,"Ho1","Ho",1,1,"T","2022",42.502,131.473153846154,1435.07522166482,0.188673865398742,1.07578377178303
"319","40","T3","T",3,"Ho1","Ho",1,1,"T","2023",118.251,127.586986486486,1070.90388350262,0.136633399312774,0.794346602266643
"320","40","T3","T",3,"Ho1","Ho",1,1,"T","2024",220.032,129.615380952381,949.531013401853,0.123073824028181,0.95421322974305
"321","41","T3","T",3,"Ho2","Ho",2,1,"R","2021",108.864,71.7355,152.640392860514,0.0109497349020454,0.0312002278785423
"322","41","T3","T",3,"Ho2","Ho",2,1,"R","2022",28.785,81.9835714285714,478.838071448727,0.0392568552333361,0.130868807496541
"323","41","T3","T",3,"Ho2","Ho",2,1,"R","2023",85.921,83.72575,776.879153371577,0.0650447897754003,0.222487531767594
"324","41","T3","T",3,"Ho2","Ho",2,1,"R","2024",49.192,87.0683636363636,656.835368107913,0.0571895806796445,0.205948618198919
"325","41","T3","T",3,"Ho2","Ho",2,1,"T","2021",50.175,120.20914,1105.77342393838,0.132924072326488,0.736422547255267
"326","41","T3","T",3,"Ho2","Ho",2,1,"T","2022",107.835,115.789397727273,1182.78854755499,0.136954373560108,0.706808395368213
"327","41","T3","T",3,"Ho2","Ho",2,1,"T","2023",96.127,112.401009950249,1411.36754198177,0.158639137129751,0.784762880569726
"328","41","T3","T",3,"Ho2","Ho",2,1,"T","2024",44.155,116.503548780488,1388.57001830868,0.161773334863148,0.827097932195452
"329","42","T3","T",3,"Ho3","Ho",3,1,"R","2021",77.037,261.715227272727,1023.36686084148,0.267830690568504,4.25534902996178
"330","42","T3","T",3,"Ho3","Ho",3,1,"R","2022",122.467,178.167,1260.75391550148,0.224624742863152,1.87114401408678
"331","42","T3","T",3,"Ho3","Ho",3,1,"R","2023",59.657,149.05664,1487.55449373989,0.221729874653769,1.55454218465336
"332","42","T3","T",3,"Ho3","Ho",3,1,"R","2024",47.622,206.828466666667,956.467527809426,0.197824712193281,1.9858451091071
"333","42","T3","T",3,"Ho3","Ho",3,1,"T","2021",186.186,174.64410326087,1246.57999096208,0.217707844664515,1.79859743523756
"334","42","T3","T",3,"Ho3","Ho",3,1,"T","2022",372.728,158.597373401535,1426.28054068751,0.226204347486759,1.79164545285246
"335","42","T3","T",3,"Ho3","Ho",3,1,"T","2023",86.471,155.489935064935,1440.38918885208,0.223966021442844,1.89828774213132
"336","42","T3","T",3,"Ho3","Ho",3,1,"T","2024",201.242,160.093125560538,1348.93879950471,0.215955828602589,1.69369528953168
"337","43","T3","T",3,"Fe1","Fe",1,0,"R","2021",247.321,185.001602272727,735.086678270447,0.135992213289369,1.25187002560261
"338","43","T3","T",3,"Fe1","Fe",1,0,"R","2022",182.347,172.4501,564.377800491303,0.0973270081325053,0.919256373502409
"339","43","T3","T",3,"Fe1","Fe",1,0,"R","2023",260.828,161.507253164557,631.950028643987,0.102064513263553,0.873410505763141
"340","43","T3","T",3,"Fe1","Fe",1,0,"R","2024",222.726,201.2657,487.79976861706,0.0981773618905506,1.0523099298204
"341","43","T3","T",3,"Fe1","Fe",1,0,"T","2021",241.886,122.611433628319,676.282623354442,0.0829199819874083,0.468730651883039
"342","43","T3","T",3,"Fe1","Fe",1,0,"T","2022",111.471,116.8869375,415.9117702826,0.0486146530985367,0.256133249651194
"343","43","T3","T",3,"Fe1","Fe",1,0,"T","2023",253.234,112.354070175439,376.918088914054,0.0423482814122418,0.247269612362536
"344","43","T3","T",3,"Fe1","Fe",1,0,"T","2024",232.678,124.015235294118,409.708382221605,0.0508100814231847,0.293448353731246
"345","44","T3","T",3,"Fe2","Fe",2,0,"R","2021",139.968,162.000970588235,763.338048023216,0.12366150466669,0.913997020037914
"346","44","T3","T",3,"Fe2","Fe",2,0,"R","2022",152.8,113.047129411765,1671.61564507482,0.188971350155504,1.1321693599396
"347","44","T3","T",3,"Fe2","Fe",2,0,"R","2023",185.767,129.859428571429,839.889692108893,0.109067595480294,0.696645090060575
"348","44","T3","T",3,"Fe2","Fe",2,0,"R","2024",101.519,187.735428571429,599.266863603126,0.112503621467189,1.05304915060305
"349","44","T3","T",3,"Fe2","Fe",2,0,"T","2021",169.574,105.942967741935,712.124571872222,0.0754445905460984,0.340086407705085
"350","44","T3","T",3,"Fe2","Fe",2,0,"T","2022",172.162,140.119151515152,812.750398434717,0.113881896222274,0.745339859591488
"351","44","T3","T",3,"Fe2","Fe",2,0,"T","2023",210.455,144.492243243243,693.844408200478,0.100255135002668,0.683188718383839
"352","44","T3","T",3,"Fe2","Fe",2,0,"T","2024",71.692,145.807466666667,780.117751995599,0.113746993120173,0.813512588156147
"353","45","T3","T",3,"Fe3","Fe",3,0,"R","2021",180.837,204.917955555556,639.369031074001,0.131018194693221,1.42348482753129
"354","45","T3","T",3,"Fe3","Fe",3,0,"R","2022",121.404,180.608272727273,511.650839332101,0.0924083743312301,0.875980662509127
"355","45","T3","T",3,"Fe3","Fe",3,0,"R","2023",405.025,221.575086419753,541.793445652916,0.120047929542201,1.41832691808768
"356","45","T3","T",3,"Fe3","Fe",3,0,"R","2024",339.627,257.806189655172,461.180516734892,0.118895191762626,1.7216095137673
"357","45","T3","T",3,"Fe3","Fe",3,0,"T","2021",196.333,204.21725,636.572050573689,0.12999899359502,1.51888643194842
"358","45","T3","T",3,"Fe3","Fe",3,0,"T","2022",106.762,215.6516875,427.469948645996,0.0921846157810473,1.05919687164548
"359","45","T3","T",3,"Fe3","Fe",3,0,"T","2023",421.217,168.562384615385,526.974262963867,0.0888280383961241,0.792767667227069
"360","45","T3","T",3,"Fe3","Fe",3,0,"T","2024",357.035,177.331729323308,1017.41645062257,0.180420218630883,2.51469794541757
"361","46","T3","T",3,"Fe1","Fe",1,1,"R","2021",NA,NA,NA,NA,NA
"362","46","T3","T",3,"Fe1","Fe",1,1,"R","2022",NA,NA,NA,NA,NA
"363","46","T3","T",3,"Fe1","Fe",1,1,"R","2023",NA,NA,NA,NA,NA
"364","46","T3","T",3,"Fe1","Fe",1,1,"R","2024",NA,NA,NA,NA,NA
"365","46","T3","T",3,"Fe1","Fe",1,1,"T","2021",NA,NA,NA,NA,NA
"366","46","T3","T",3,"Fe1","Fe",1,1,"T","2022",NA,NA,NA,NA,NA
"367","46","T3","T",3,"Fe1","Fe",1,1,"T","2023",NA,NA,NA,NA,NA
"368","46","T3","T",3,"Fe1","Fe",1,1,"T","2024",NA,NA,NA,NA,NA
"369","47","T3","T",3,"Fe2","Fe",2,1,"R","2021",NA,NA,NA,NA,NA
"370","47","T3","T",3,"Fe2","Fe",2,1,"R","2022",NA,NA,NA,NA,NA
"371","47","T3","T",3,"Fe2","Fe",2,1,"R","2023",NA,NA,NA,NA,NA
"372","47","T3","T",3,"Fe2","Fe",2,1,"R","2024",NA,NA,NA,NA,NA
"373","47","T3","T",3,"Fe2","Fe",2,1,"T","2021",NA,NA,NA,NA,NA
"374","47","T3","T",3,"Fe2","Fe",2,1,"T","2022",NA,NA,NA,NA,NA
"375","47","T3","T",3,"Fe2","Fe",2,1,"T","2023",NA,NA,NA,NA,NA
"376","47","T3","T",3,"Fe2","Fe",2,1,"T","2024",NA,NA,NA,NA,NA
"377","48","T3","T",3,"Fe3","Fe",3,1,"R","2021",257.476,191.456307692308,590.375198985001,0.11303105575078,1.20345491205061
"378","48","T3","T",3,"Fe3","Fe",3,1,"R","2022",128.815,264.610375,493.14630584699,0.130491628920037,1.82006721019001
"379","48","T3","T",3,"Fe3","Fe",3,1,"R","2023",232.368,195.845057142857,577.715869292091,0.113142797433845,1.39421048591134
"380","48","T3","T",3,"Fe3","Fe",3,1,"R","2024",285.772,271.269272727273,454.460124038927,0.123281067331586,1.72395331560537
"381","48","T3","T",3,"Fe3","Fe",3,1,"T","2021",190.271,214.766456,759.803648881639,0.163180336926178,2.0168479974842
"382","48","T3","T",3,"Fe3","Fe",3,1,"T","2022",136.587,204.428987012987,707.712736554844,0.144676997830096,1.69736813198023
"383","48","T3","T",3,"Fe3","Fe",3,1,"T","2023",285.732,202.41872392638,678.161492662721,0.137272583960797,1.57729807773129
"384","48","T3","T",3,"Fe3","Fe",3,1,"T","2024",326.715,221.474212643678,641.027700146041,0.141971105172632,1.85505589871433
"385","49","T3","T",3,"Ft1","Ft",1,0,"R","2021",222.947517136728,186.861105263158,494.208278872828,0.0923483052203796,0.905066030355859
"386","49","T3","T",3,"Ft1","Ft",1,0,"R","2022",363.155250902622,209.698688311688,659.900946488539,0.138380362894288,1.61658005724481
"387","49","T3","T",3,"Ft1","Ft",1,0,"R","2023",385.233635079274,219.628790697674,570.581151301296,0.125316048255191,1.65052719317948
"388","49","T3","T",3,"Ft1","Ft",1,0,"R","2024",313.046936319397,217.08676,554.721813789323,0.120422761256847,1.38914663837784
"389","49","T3","T",3,"Ft1","Ft",1,0,"T","2021",208.334,109.167177777778,691.098724511274,0.0754452973207177,0.350166689494492
"390","49","T3","T",3,"Ft1","Ft",1,0,"T","2022",140.381,99.6906333333333,748.433001922529,0.0746117599692248,0.321749894399158
"391","49","T3","T",3,"Ft1","Ft",1,0,"T","2023",574.755,108.54487755102,622.238186252504,0.0675407677343471,0.329998782044541
"392","49","T3","T",3,"Ft1","Ft",1,0,"T","2024",279.819,113.739904761905,764.959082587488,0.0870063732002549,0.440697678437198
"393","50","T3","T",3,"Ft2","Ft",2,0,"R","2021",236.06,226.498568965517,597.695896884999,0.135377265321014,1.46556719355213
"394","50","T3","T",3,"Ft2","Ft",2,0,"R","2022",323.2,245.49685483871,521.747986346689,0.128087489666542,1.67640794346025
"395","50","T3","T",3,"Ft2","Ft",2,0,"R","2023",225.558,255.468285714286,626.92455070736,0.160159340241408,2.16327369718655
"396","50","T3","T",3,"Ft2","Ft",2,0,"R","2024",143.835,342.76456,589.176183381737,0.20194871525932,3.32998727080779
"397","50","T3","T",3,"Ft2","Ft",2,0,"T","2021",231.394,172.65886746988,799.264823643663,0.138000159258828,1.11447478001752
"398","50","T3","T",3,"Ft2","Ft",2,0,"T","2022",213.698,126.652493333333,877.31919449974,0.111114663432584,0.631167975067591
"399","50","T3","T",3,"Ft2","Ft",2,0,"T","2023",552.594,151.276731843575,812.872267835938,0.122968660084496,0.965866900142838
"400","50","T3","T",3,"Ft2","Ft",2,0,"T","2024",191.934,174.965302631579,856.924687192061,0.14993208722703,1.56593344351525
"401","51","T3","T",3,"Ft3","Ft",3,0,"R","2021",291.335,249.593017857143,671.5468026988,0.167613393117909,2.13235191931545
"402","51","T3","T",3,"Ft3","Ft",3,0,"R","2022",212.547,198.073765957447,689.493019414029,0.136570478956708,1.30509201353754
"403","51","T3","T",3,"Ft3","Ft",3,0,"R","2023",307.699,210.320097222222,756.340073273752,0.159073517743998,2.05372253273424
"404","51","T3","T",3,"Ft3","Ft",3,0,"R","2024",225.624,243.870928571429,766.0988236295,0.186829231496005,2.75304535988947
"405","51","T3","T",3,"Ft3","Ft",3,0,"T","2021",310.848,101.648166666667,138.38238446374,0.014066315679701,0.0616151918849038
"406","51","T3","T",3,"Ft3","Ft",3,0,"T","2022",257.669,80.3212142857143,206.309016536859,0.016570990726332,0.0546250949952096
"407","51","T3","T",3,"Ft3","Ft",3,0,"T","2023",446.116,113.791272727273,410.361923447011,0.0466956055478471,0.239518278323977
"408","51","T3","T",3,"Ft3","Ft",3,0,"T","2024",213.814,135.812189189189,614.100264435962,0.083402301294708,0.577922852435485
"409","52","T3","T",3,"Ft1","Ft",1,1,"R","2021",266.079,99.6327407407407,313.741806809093,0.0312589560973419,0.13508900212596
"410","52","T3","T",3,"Ft1","Ft",1,1,"R","2022",450.201,93.4696206896552,418.744414510187,0.0391398815901789,0.156087931874733
"411","52","T3","T",3,"Ft1","Ft",1,1,"R","2023",427.868,94.8456835443038,517.277029234888,0.0490614934195498,0.202497281655355
"412","52","T3","T",3,"Ft1","Ft",1,1,"R","2024",296.961,118.963326530612,523.391866206333,0.0622644374829705,0.366566463180705
"413","52","T3","T",3,"Ft1","Ft",1,1,"T","2021",367.471,115.580066666667,392.108014961614,0.0453198705097977,0.29179390804533
"414","52","T3","T",3,"Ft1","Ft",1,1,"T","2022",521.497,125.903676470588,539.89043534193,0.0679741907008555,0.549191698532504
"415","52","T3","T",3,"Ft1","Ft",1,1,"T","2023",158.531,98.2941,262.445974335638,0.0257968908459446,0.110324632312393
"416","52","T3","T",3,"Ft1","Ft",1,1,"T","2024",379.912,121.165644444444,454.949370689866,0.055124233689232,0.314970808350367
"417","53","T3","T",3,"Ft2","Ft",2,1,"R","2021",106.386,204.6014,779.318740002027,0.159449705250651,1.42985515555232
"418","53","T3","T",3,"Ft2","Ft",2,1,"R","2022",95.956,173.680266666667,1027.91056327359,0.178527780738841,1.52899570376588
"419","53","T3","T",3,"Ft2","Ft",2,1,"R","2023",64.871,225.138090909091,796.087172795432,0.179229546280379,2.18308613666846
"420","53","T3","T",3,"Ft2","Ft",2,1,"R","2024",90.373,250.683357142857,844.993475521711,0.211825801207593,2.76056778357057
"421","53","T3","T",3,"Ft2","Ft",2,1,"T","2021",264.899,93.0497692307692,206.50545992349,0.0192152853907746,0.082857760009122
"422","53","T3","T",3,"Ft2","Ft",2,1,"T","2022",209.169,97.5824,262.651071808397,0.0256301219496357,0.115044038854617
"423","53","T3","T",3,"Ft2","Ft",2,1,"T","2023",189.979,123.441692307692,610.125182109745,0.0753148849991659,0.445997266508276
"424","53","T3","T",3,"Ft2","Ft",2,1,"T","2024",221.489,126.999454545455,750.274715494693,0.0952844796270721,0.584362985608422
"425","54","T3","T",3,"Ft3","Ft",3,1,"R","2021",NA,NA,NA,NA,NA
"426","54","T3","T",3,"Ft3","Ft",3,1,"R","2022",NA,NA,NA,NA,NA
"427","54","T3","T",3,"Ft3","Ft",3,1,"R","2023",NA,NA,NA,NA,NA
"428","54","T3","T",3,"Ft3","Ft",3,1,"R","2024",NA,NA,NA,NA,NA
"429","54","T3","T",3,"Ft3","Ft",3,1,"T","2021",NA,NA,NA,NA,NA
"430","54","T3","T",3,"Ft3","Ft",3,1,"T","2022",NA,NA,NA,NA,NA
"431","54","T3","T",3,"Ft3","Ft",3,1,"T","2023",NA,NA,NA,NA,NA
"432","54","T3","T",3,"Ft3","Ft",3,1,"T","2024",NA,NA,NA,NA,NA
"433","55","F1","F",1,"Fe1","Fe",1,0,"R","2021",272.682,192.379512820513,616.563899300153,0.118614262570079,1.18776988921285
"434","55","F1","F",1,"Fe1","Fe",1,0,"R","2022",378.862,182.788216494845,607.424075016026,0.111029963328211,1.06858643209583
"435","55","F1","F",1,"Fe1","Fe",1,0,"R","2023",120.206,219.364711864407,663.094714461477,0.145459580976653,1.75637533087214
"436","55","F1","F",1,"Fe1","Fe",1,0,"R","2024",116.739,272.804212121212,552.078927313098,0.150609456794374,2.26724876387854
"437","55","F1","F",1,"Fe1","Fe",1,0,"T","2021",238.862,178.386153061224,746.555776783728,0.133175213066083,1.19113401520082
"438","55","F1","F",1,"Fe1","Fe",1,0,"T","2022",78.778,173.349525,991.449927729814,0.171867374033248,1.73593500791125
"439","55","F1","F",1,"Fe1","Fe",1,0,"T","2023",80.722,202.081870967742,844.626943329278,0.170683792977745,1.76553817022179
"440","55","F1","F",1,"Fe1","Fe",1,0,"T","2024",166.55,193.274529411765,737.584847721139,0.142556364344551,1.5149103758892
"441","56","F1","F",1,"Fe2","Fe",2,0,"R","2021",74.336,265.164461538462,731.507292137487,0.193969737231095,2.62611255721878
"442","56","F1","F",1,"Fe2","Fe",2,0,"R","2022",84.798,244.304181818182,1012.10068394692,0.247260429509276,3.17185746916184
"443","56","F1","F",1,"Fe2","Fe",2,0,"R","2023",58.423,248.694538461538,870.680339202221,0.216533445105432,2.67865397957837
"444","56","F1","F",1,"Fe2","Fe",2,0,"R","2024",151.319,235.031023809524,984.435677636872,0.231372925189616,3.31540143248357
"445","56","F1","F",1,"Fe2","Fe",2,0,"T","2021",71.698,157.065869565217,929.339225270124,0.145967473538118,1.22660719510891
"446","56","F1","F",1,"Fe2","Fe",2,0,"T","2022",58.106,144.919875,1263.88209561096,0.183161635310678,1.31717674094602
"447","56","F1","F",1,"Fe2","Fe",2,0,"T","2023",80.078,210.682571428571,773.067703780546,0.162871891720867,1.75787508897982
"448","56","F1","F",1,"Fe2","Fe",2,0,"T","2024",114.63,178.190098039216,1189.43221511449,0.211945043022252,2.20033783740135
"449","57","F1","F",1,"Fe3","Fe",3,0,"R","2021",203.067,135.687285714286,282.651628236995,0.0383522322382012,0.253237854708219
"450","57","F1","F",1,"Fe3","Fe",3,0,"R","2022",77.898,178.791333333333,190.131697932253,0.0339938997822381,0.287832637153109
"451","57","F1","F",1,"Fe3","Fe",3,0,"R","2023",71.658,135.967936170213,798.365918015566,0.108552166181214,0.815072331132297
"452","57","F1","F",1,"Fe3","Fe",3,0,"R","2024",173.09,190.169222222222,662.107594700594,0.125912486311638,1.2004917852841
"453","57","F1","F",1,"Fe3","Fe",3,0,"T","2021",114.196,139.479711111111,627.447674548482,0.0875162203833607,0.558607364108147
"454","57","F1","F",1,"Fe3","Fe",3,0,"T","2022",111.252,115.379266666667,205.480325020408,0.023708169215283,0.118709642392851
"455","57","F1","F",1,"Fe3","Fe",3,0,"T","2023",186.293,85.2430555555556,668.528191508908,0.0569873857692489,0.218570501269174
"456","57","F1","F",1,"Fe3","Fe",3,0,"T","2024",186.337,134.161923076923,650.537465384402,0.0872773573895586,0.624261061304519
"457","58","F1","F",1,"Ft1","Ft",1,0,"R","2021",201.658,282.957684210526,597.706811174625,0.16912573512683,2.19839532430514
"458","58","F1","F",1,"Ft1","Ft",1,0,"R","2022",147.883,303.251566666667,620.883055779796,0.188283759382011,3.20697040890002
"459","58","F1","F",1,"Ft1","Ft",1,0,"R","2023",181.227,154.511972972973,727.194156748617,0.112360203893646,0.876478708686999
"460","58","F1","F",1,"Ft1","Ft",1,0,"R","2024",311.672,159.721438596491,556.613610500149,0.0889031266114708,0.743316092839559
"461","58","F1","F",1,"Ft1","Ft",1,0,"T","2021",NA,NA,NA,NA,NA
"462","58","F1","F",1,"Ft1","Ft",1,0,"T","2022",231.293,83.1962857142857,276.315833343889,0.0229884510182592,0.0774674779803719
"463","58","F1","F",1,"Ft1","Ft",1,0,"T","2023",256.419,110.222666666667,359.960496686444,0.0396758058394377,0.196874854661095
"464","58","F1","F",1,"Ft1","Ft",1,0,"T","2024",255.39,117.223727272727,333.612912972535,0.0391073491249525,0.199450598463456
"465","59","F1","F",1,"Ft2","Ft",2,0,"R","2021",196.322,256.536026315789,746.450381267506,0.191491414652272,2.73561446286923
"466","59","F1","F",1,"Ft2","Ft",2,0,"R","2022",107.819,224.738962962963,797.904255564255,0.179320174939246,1.83194231941639
"467","59","F1","F",1,"Ft2","Ft",2,0,"R","2023",167.835,190.997,666.689983929583,0.127335786860599,1.45435619157101
"468","59","F1","F",1,"Ft2","Ft",2,0,"R","2024",242.79,228.06972,615.396306446977,0.140353263300396,1.71400807670341
"469","59","F1","F",1,"Ft2","Ft",2,0,"T","2021",77.425,102.3555,660.950677611375,0.0676519370822511,0.300998080204856
"470","59","F1","F",1,"Ft2","Ft",2,0,"T","2022",104.955,114.226666666667,770.930844410679,0.0880608605875505,0.440353823088219
"471","59","F1","F",1,"Ft2","Ft",2,0,"T","2023",310.252,103.686527777778,460.023219450394,0.0476982103219661,0.250533379880848
"472","59","F1","F",1,"Ft2","Ft",2,0,"T","2024",245.008,148.507916666667,679.643155879109,0.100932389156365,0.918990146624552
"473","60","F1","F",1,"Ft3","Ft",3,0,"R","2021",134.011,258.227458333333,698.821498233953,0.180454899317646,2.33400818676019
"474","60","F1","F",1,"Ft3","Ft",3,0,"R","2022",124.019,369.615315789474,593.423539810923,0.219338429064122,3.70146226673287
"475","60","F1","F",1,"Ft3","Ft",3,0,"R","2023",125.677,278.444333333333,845.665321879161,0.235470716773762,3.29794134454467
"476","60","F1","F",1,"Ft3","Ft",3,0,"R","2024",48.245,396.636363636364,719.781707288548,0.285491598990903,5.37025817700768
"477","60","F1","F",1,"Ft3","Ft",3,0,"T","2021",104.907644811888,183.024692307692,304.399576505526,0.0557126388285157,0.664954575755538
"478","60","F1","F",1,"Ft3","Ft",3,0,"T","2022",242.902516875098,299.452717948718,466.816848386817,0.139789574033687,2.04702083056634
"479","60","F1","F",1,"Ft3","Ft",3,0,"T","2023",105.884569096332,261.951352941176,541.668865938736,0.141890892278765,1.84044733384202
"480","60","F1","F",1,"Ft3","Ft",3,0,"T","2024",95.3770080058605,282.500555555556,445.80151448999,0.12593917551093,1.7022599139561
"481","61","F2","F",2,"Fe1","Fe",1,0,"R","2021",155.139971744022,165.8595,810.836356585305,0.13448491268506,1.24318500121407
"482","61","F2","F",2,"Fe1","Fe",1,0,"R","2022",200.419130343781,232.260024691358,799.882551305527,0.185780741116408,2.22018546703165
"483","61","F2","F",2,"Fe1","Fe",1,0,"R","2023",97.8509758777667,255.080552631579,821.98182235598,0.209671577499676,3.1602528336432
"484","61","F2","F",2,"Fe1","Fe",1,0,"R","2024",65.9306158756737,201.949604651163,1205.04763235173,0.243358892939252,2.67456800444669
"485","61","F2","F",2,"Fe1","Fe",1,0,"T","2021",60.18,165.3202,865.857696572528,0.14314376756891,1.05454821731661
"486","61","F2","F",2,"Fe1","Fe",1,0,"T","2022",79.567,179.050684210526,794.088010761415,0.142182001650207,1.41248874951172
"487","61","F2","F",2,"Fe1","Fe",1,0,"T","2023",79.156,281.719,558.817644730498,0.157429548055831,2.39651235226501
"488","61","F2","F",2,"Fe1","Fe",1,0,"T","2024",48.145,247.529421052632,954.968756415024,0.236382863398762,2.71394229445197
"489","62","F2","F",2,"Fe2","Fe",2,0,"R","2021",307.699,201.99132,738.624915026336,0.149195821571058,1.59147257634615
"490","62","F2","F",2,"Fe2","Fe",2,0,"R","2022",206.241,245.208826923077,793.020838640194,0.194455709568517,2.71849012278433
"491","62","F2","F",2,"Fe2","Fe",2,0,"R","2023",181.83,229.343130434783,768.533095732797,0.176257786018094,2.12948862584749
"492","62","F2","F",2,"Fe2","Fe",2,0,"R","2024",156.224,289.172731707317,745.275254259435,0.215513281148066,3.49236500860756
"493","62","F2","F",2,"Fe2","Fe",2,0,"T","2021",94.786,157.477444444444,1443.47132874797,0.227314175980057,2.03818000318397
"494","62","F2","F",2,"Fe2","Fe",2,0,"T","2022",107.859,240.651137931034,831.313277699286,0.200056486255511,2.53736721995163
"495","62","F2","F",2,"Fe2","Fe",2,0,"T","2023",75.5,231.925625,1216.1549073411,0.282057486981902,4.62423783998729
"496","62","F2","F",2,"Fe2","Fe",2,0,"T","2024",70.878,273.053136363636,730.168575639901,0.199374819652644,4.06397227198514
"497","63","F2","F",2,"Fe3","Fe",3,0,"R","2021",208.271,209.6965,290.394458319835,0.0608947015290653,0.650073855382076
"498","63","F2","F",2,"Fe3","Fe",3,0,"R","2022",88.623,247.117,312.419984714023,0.0772042893625753,0.922644956998838
"499","63","F2","F",2,"Fe3","Fe",3,0,"R","2023",140.49,136.702222222222,321.277735948239,0.0439193804546485,0.303049367562426
"500","63","F2","F",2,"Fe3","Fe",3,0,"R","2024",65.022,201.286105263158,717.908582456304,0.144505022497624,1.62757545877837
"501","63","F2","F",2,"Fe3","Fe",3,0,"T","2021",127.151,146.407625,529.511159253867,0.0775244712373554,0.584390880108011
"502","63","F2","F",2,"Fe3","Fe",3,0,"T","2022",145.192,172.220098039216,627.089275328694,0.107997376476448,1.0405599348236
"503","63","F2","F",2,"Fe3","Fe",3,0,"T","2023",107.476,167.664333333333,581.250430291138,0.0974549658944768,0.905725994904352
"504","63","F2","F",2,"Fe3","Fe",3,0,"T","2024",138.11,182.266430769231,707.144456526208,0.128888696129279,1.26392600056751
"505","64","F2","F",2,"Ft1","Ft",1,0,"R","2021",168.698131965884,182.413884615385,607.556610498213,0.110826761444735,0.965137563869553
"506","64","F2","F",2,"Ft1","Ft",1,0,"R","2022",113.903511066925,204.022363636364,626.362918889885,0.127792043206086,1.28066603307039
"507","64","F2","F",2,"Ft1","Ft",1,0,"R","2023",102.047511904139,193.143709677419,596.552031477632,0.115220272375191,1.08974490204455
"508","64","F2","F",2,"Ft1","Ft",1,0,"R","2024",330.239129297263,164.719549295775,477.135363745803,0.0785935220692841,0.672370735454102
"509","64","F2","F",2,"Ft1","Ft",1,0,"T","2021",168.158,150.033483870968,553.671527730195,0.0830692682255223,0.556907412492777
"510","64","F2","F",2,"Ft1","Ft",1,0,"T","2022",97.382,123.0183,685.479475605238,0.0843265197738479,0.475458252415672
"511","64","F2","F",2,"Ft1","Ft",1,0,"T","2023",273.804,124.933833333333,544.301474829779,0.0680016697394712,0.387723944949242
"512","64","F2","F",2,"Ft1","Ft",1,0,"T","2024",232.53,146.440807692308,676.75733834829,0.0991048912394199,0.748354253773615
"513","65","F2","F",2,"Ft2","Ft",2,0,"R","2021",85.336,207.084083333333,476.247619428298,0.0986233017089912,0.884204921718195
"514","65","F2","F",2,"Ft2","Ft",2,0,"R","2022",87.951,254.770714285714,714.147463254546,0.181943859318692,2.14815203725593
"515","65","F2","F",2,"Ft2","Ft",2,0,"R","2023",85.353,238.740333333333,817.226787555778,0.195104995669996,2.4209041289773
"516","65","F2","F",2,"Ft2","Ft",2,0,"R","2024",73.327,235.96975,455.598225682878,0.107507399414832,1.22933714951341
"517","65","F2","F",2,"Ft2","Ft",2,0,"T","2021",89.909,102.997176470588,591.872071757851,0.060961152222856,0.281863138868668
"518","65","F2","F",2,"Ft2","Ft",2,0,"T","2022",39.219,96.411875,654.710668432548,0.0631218831260852,0.26646781436941
"519","65","F2","F",2,"Ft2","Ft",2,0,"T","2023",80.423,123.249142857143,441.122261829001,0.0543679406656285,0.283534955684719
"520","65","F2","F",2,"Ft2","Ft",2,0,"T","2024",97.758,142.765,622.901886372398,0.0889285878079554,0.585794845278102
"521","66","F2","F",2,"Ft3","Ft",3,0,"R","2021",99.2993563916069,172.872047619048,713.798525572064,0.1233958127031,1.01154226575541
"522","66","F2","F",2,"Ft3","Ft",3,0,"R","2022",97.9933022866412,255.199666666667,674.532868507899,0.172140563198926,2.16280289567738
"523","66","F2","F",2,"Ft3","Ft",3,0,"R","2023",76.6338757783476,223.169708333333,735.832209062197,0.164215459478683,1.71801699477118
"524","66","F2","F",2,"Ft3","Ft",3,0,"R","2024",91.3411124483282,248.676636363636,704.566744109631,0.175209288018862,2.19494566691347
"525","66","F2","F",2,"Ft3","Ft",3,0,"T","2021",114.145,120.89975,862.091187840589,0.10422660908713,0.577362188358445
"526","66","F2","F",2,"Ft3","Ft",3,0,"T","2022",113.735,141.49984,788.282773780866,0.111541886364749,0.700229154594676
"527","66","F2","F",2,"Ft3","Ft",3,0,"T","2023",123.16,141.638730769231,868.768606711836,0.123051282786817,0.818037371513542
"528","66","F2","F",2,"Ft3","Ft",3,0,"T","2024",67.013,175.312411764706,793.116881044222,0.139043233227164,1.11013387078
"529","67","F3","F",3,"Fe1","Fe",1,0,"R","2021",171.608,144.695147058824,525.845045936424,0.0760872262519247,0.533662916242157
"530","67","F3","F",3,"Fe1","Fe",1,0,"R","2022",110.057,237.083544554455,820.072665057081,0.194425734223951,2.54091651502182
"531","67","F3","F",3,"Fe1","Fe",1,0,"R","2023",174.414,340.683055555556,633.939788379578,0.215972544143397,3.57768254293776
"532","67","F3","F",3,"Fe1","Fe",1,0,"R","2024",120.226,301.43995,888.141240289567,0.267721251065825,3.90187458043498
"533","67","F3","F",3,"Fe1","Fe",1,0,"T","2021",158.193710428549,138.268952380952,476.840521857742,0.0659322394100565,0.408381437278717
"534","67","F3","F",3,"Fe1","Fe",1,0,"T","2022",122.442572340537,163.869214285714,407.402280149022,0.0667606915462287,0.546701746789336
"535","67","F3","F",3,"Fe1","Fe",1,0,"T","2023",177.911150646225,229.532339285714,506.279901883457,0.116207610212652,1.37454971058616
"536","67","F3","F",3,"Fe1","Fe",1,0,"T","2024",85.8207315158809,164.844151515152,669.551735649018,0.110371687758559,0.830225733751856
"537","68","F3","F",3,"Fe2","Fe",2,0,"R","2021",277.865,185.267781954887,747.028955295139,0.138400397603607,1.33200771495474
"538","68","F3","F",3,"Fe2","Fe",2,0,"R","2022",155.701,209.16108045977,846.614161223968,0.177078732694147,2.02312887973378
"539","68","F3","F",3,"Fe2","Fe",2,0,"R","2023",150.715,176.285821917808,759.922738712045,0.133963604587885,1.30531051046465
"540","68","F3","F",3,"Fe2","Fe",2,0,"R","2024",272.894,208.434326530612,759.9013940344,0.158389535295233,1.88355540187845
"541","68","F3","F",3,"Fe2","Fe",2,0,"T","2021",279.452,148.821071428571,508.412634901709,0.0756625130538955,0.567569672594675
"542","68","F3","F",3,"Fe2","Fe",2,0,"T","2022",163.295,185.561558441558,544.701774606468,0.101075710181859,0.939039744044001
"543","68","F3","F",3,"Fe2","Fe",2,0,"T","2023",152.672,219.252793650794,513.918310164435,0.112678025211847,1.3762362362475
"544","68","F3","F",3,"Fe2","Fe",2,0,"T","2024",283.315,208.422073529412,503.328483160253,0.104904766126674,1.25676547041561
"545","69","F3","F",3,"Fe3","Fe",3,0,"R","2021",108.864,146.828260869565,504.931770238893,0.0741382536819676,0.587668146224207
"546","69","F3","F",3,"Fe3","Fe",3,0,"R","2022",183.748,184.253853658537,614.404180864732,0.113206338028243,0.97966384800935
"547","69","F3","F",3,"Fe3","Fe",3,0,"R","2023",272.186,218.880581818182,561.253836839588,0.122847566355136,1.29006952285739
"548","69","F3","F",3,"Fe3","Fe",3,0,"R","2024",255.39,282.639066666667,601.159295179336,0.169911102107479,2.35984515046546
"549","69","F3","F",3,"Fe3","Fe",3,0,"T","2021",206.185,165.265627272727,907.642324303529,0.150002078065299,1.34016971303549
"550","69","F3","F",3,"Fe3","Fe",3,0,"T","2022",277.016,168.111395061728,1080.82165970607,0.181698437026121,1.97654680132996
"551","69","F3","F",3,"Fe3","Fe",3,0,"T","2023",151.23,179.9537,1233.93927977385,0.222051938970639,2.27645474756092
"552","69","F3","F",3,"Fe3","Fe",3,0,"T","2024",110.493,191.566414634146,1308.06869159435,0.250582029343908,3.91638068581788
"553","70","F3","F",3,"Ft1","Ft",1,0,"R","2021",92.136,182.50125,827.933222552131,0.151098848032292,1.23754400029677
"554","70","F3","F",3,"Ft1","Ft",1,0,"R","2022",63.849,167.514125,1004.9329915287,0.168340470759563,1.33723643833386
"555","70","F3","F",3,"Ft1","Ft",1,0,"R","2023",75.355,171.1933,936.391945107977,0.160304027176453,1.24193692038818
"556","70","F3","F",3,"Ft1","Ft",1,0,"R","2024",94.715,176.361333333333,956.820463600508,0.168746132721204,1.36892012783074
"557","70","F3","F",3,"Ft1","Ft",1,0,"T","2021",294.385955732301,97.1533611111111,366.707338364304,0.0356268504662016,0.158167067034709
"558","70","F3","F",3,"Ft1","Ft",1,0,"T","2022",104.032232745539,127.997810810811,525.392751489095,0.0672491220064726,0.39428353812743
"559","70","F3","F",3,"Ft1","Ft",1,0,"T","2023",190.069070169013,126.769360465116,787.177711419825,0.099790015049085,0.619982860136608
"560","70","F3","F",3,"Ft1","Ft",1,0,"T","2024",61.0219245460729,127.953744186047,758.881635821999,0.0971017466974566,0.571160083766546
"561","71","F3","F",3,"Ft2","Ft",2,0,"R","2021",181.092,150.550892857143,601.587675610996,0.0905695616950887,0.625703231683351
"562","71","F3","F",3,"Ft2","Ft",2,0,"R","2022",95.743,120.544933333333,491.345639639275,0.0592292273739405,0.314459878883525
"563","71","F3","F",3,"Ft2","Ft",2,0,"R","2023",159.248,136.565222222222,601.898471214887,0.0821983984766769,0.529095486100391
"564","71","F3","F",3,"Ft2","Ft",2,0,"R","2024",194.98,145.863642857143,513.919455326292,0.0749621638890517,0.551598108676851
"565","71","F3","F",3,"Ft2","Ft",2,0,"T","2021",231.484,101.009333333333,798.867686319073,0.080693092416632,0.380725346595837
"566","71","F3","F",3,"Ft2","Ft",2,0,"T","2022",140.49,101.091652173913,907.110559982116,0.0917013052129955,0.409633514117599
"567","71","F3","F",3,"Ft2","Ft",2,0,"T","2023",190.58,124.720383333333,968.763561180959,0.120824562709854,0.685425978975766
"568","71","F3","F",3,"Ft2","Ft",2,0,"T","2024",109.97,128.007904761905,645.163829935943,0.082586070098266,0.508708012341401
"569","72","F3","F",3,"Ft3","Ft",3,0,"R","2021",80.629,263.0304,665.685031191687,0.175095400028362,2.00407271966611
"570","72","F3","F",3,"Ft3","Ft",3,0,"R","2022",85.821,289.0232,716.231508888286,0.207007522639721,2.74910857743883
"571","72","F3","F",3,"Ft3","Ft",3,0,"R","2023",90.651,236.73824,865.975408898742,0.205009494185968,2.32971777188588
"572","72","F3","F",3,"Ft3","Ft",3,0,"R","2024",115.124,224.798483870968,876.184228829184,0.196964886232454,2.03161669635213
"573","72","F3","F",3,"Ft3","Ft",3,0,"T","2021",333.132,134.097529411765,548.277651918801,0.0735226785539947,0.436235917178067
"574","72","F3","F",3,"Ft3","Ft",3,0,"T","2022",255.882,93.3552692307692,552.664287230268,0.0515941233286128,0.21440506085366
"575","72","F3","F",3,"Ft3","Ft",3,0,"T","2023",225.074,128.31358,718.386002302174,0.0921786797772803,0.540250211895986
"576","72","F3","F",3,"Ft3","Ft",3,0,"T","2024",208.397,152.646075471698,707.696844309707,0.108027145907582,0.880143830975742
"577","73","P1","P",1,"Fe1","Fe",1,0,"R","2021",145.998,184.668816666667,902.30825744163,0.166628198170308,1.83812318923948
"578","73","P1","P",1,"Fe1","Fe",1,0,"R","2022",69.123,201.790461538462,831.362443838735,0.167761011247962,1.97079465699852
"579","73","P1","P",1,"Fe1","Fe",1,0,"R","2023",94.197,191.568666666667,754.421057622321,0.144523436113965,1.49565338524617
"580","73","P1","P",1,"Fe1","Fe",1,0,"R","2024",107.457,251.6142,657.866059879726,0.165528442363789,2.42581624086336
"581","73","P1","P",1,"Fe1","Fe",1,0,"T","2021",70.692,194.338304347826,755.884669670657,0.146897344986312,1.60641019717602
"582","73","P1","P",1,"Fe1","Fe",1,0,"T","2022",30.985,210.601727272727,824.278490204999,0.173594473790929,1.91670059763555
"583","73","P1","P",1,"Fe1","Fe",1,0,"T","2023",95.784,184.69436,789.577917522665,0.145830588146981,1.42870264473902
"584","73","P1","P",1,"Fe1","Fe",1,0,"T","2024",120.952,203.562147058824,751.903155822651,0.153059020779564,1.6168056627966
"585","74","P1","P",1,"Fe2","Fe",2,0,"R","2021",157.008,138.394288135593,934.502030043559,0.129329743209145,0.930499307253605
"586","74","P1","P",1,"Fe2","Fe",2,0,"R","2022",135.054,143.155230769231,264.708344260507,0.0378943841091539,0.230021980870119
"587","74","P1","P",1,"Fe2","Fe",2,0,"R","2023",140.249,155.974666666667,949.614862848434,0.148115861694497,1.13088322515142
"588","74","P1","P",1,"Fe2","Fe",2,0,"R","2024",56.08,182.447411764706,698.337150433021,0.127409805635645,1.19290839550438
"589","74","P1","P",1,"Fe2","Fe",2,0,"T","2021",160.772,137.986225806452,981.631687168853,0.135451651644449,0.94079726354158
"590","74","P1","P",1,"Fe2","Fe",2,0,"T","2022",45.079,165.842176470588,1033.21774963093,0.171351080366837,1.3295122590426
"591","74","P1","P",1,"Fe2","Fe",2,0,"T","2023",37.709,146.2604375,1065.35497977804,0.155819285435139,1.09405255166322
"592","74","P1","P",1,"Fe2","Fe",2,0,"T","2024",73.277,229.8379375,499.836220735681,0.114881326061684,1.26872456302053
"593","75","P1","P",1,"Fe3","Fe",3,0,"R","2021",129.057087541207,182.211457627119,739.264156095551,0.134702399453652,1.59646712797775
"594","75","P1","P",1,"Fe3","Fe",3,0,"R","2022",196.134686829575,214.175941176471,706.959642497484,0.15141374680568,1.89762842933469
"595","75","P1","P",1,"Fe3","Fe",3,0,"R","2023",185.422531526346,234.673549450549,785.59749719085,0.184358953105245,2.87521168477582
"596","75","P1","P",1,"Fe3","Fe",3,0,"R","2024",214.576945214798,269.115059322034,828.103918000655,0.222855235017555,3.78276468579117
"597","75","P1","P",1,"Fe3","Fe",3,0,"T","2021",67.38,224.850388888889,611.884259553587,0.137582413715614,1.55503098847286
"598","75","P1","P",1,"Fe3","Fe",3,0,"T","2022",155.74,302.274933333333,493.18571765813,0.149077679926064,2.21156145510256
"599","75","P1","P",1,"Fe3","Fe",3,0,"T","2023",38.896,245.88595,462.530571149288,0.113729768891085,1.27486695722372
"600","75","P1","P",1,"Fe3","Fe",3,0,"T","2024",43.956,156.786473684211,865.5718190812,0.135709953234169,1.07505364174275
"601","76","P1","P",1,"Ft1","Ft",1,0,"R","2021",160.88483072576,99.4537647058823,264.850443205439,0.0263403736608023,0.118727852587948
"602","76","P1","P",1,"Ft1","Ft",1,0,"R","2022",110.734655434043,134.273954545455,888.731621017242,0.119333509283577,0.757464999885453
"603","76","P1","P",1,"Ft1","Ft",1,0,"R","2023",133.758045104913,154.48245,830.097206241873,0.1282354501584,1.08876280509839
"604","76","P1","P",1,"Ft1","Ft",1,0,"R","2024",124.259327089111,114.632891304348,838.612483929883,0.0961325737168034,0.482441239783453
"605","76","P1","P",1,"Ft1","Ft",1,0,"T","2021",154.907,126.557818181818,1024.95291467537,0.129715804620411,0.734031772741844
"606","76","P1","P",1,"Ft1","Ft",1,0,"T","2022",62.803,133.034588235294,970.234003553853,0.129074681154668,0.763658356737225
"607","76","P1","P",1,"Ft1","Ft",1,0,"T","2023",100.493,129.7173,1178.18763340801,0.152831318699077,0.892318181678003
"608","76","P1","P",1,"Ft1","Ft",1,0,"T","2024",185.763,130.898693877551,919.380115243314,0.120345656262342,0.749010051489188
"609","77","P1","P",1,"Ft2","Ft",2,0,"R","2021",185.503,257.565088235294,473.321679984325,0.12191114026884,1.57990280685536
"610","77","P1","P",1,"Ft2","Ft",2,0,"R","2022",104.992,203.169555555556,588.325549921478,0.119529840499524,1.2780427082998
"611","77","P1","P",1,"Ft2","Ft",2,0,"R","2023",85.296,209.055266666667,675.772621345473,0.14127382556141,1.52277522495472
"612","77","P1","P",1,"Ft2","Ft",2,0,"R","2024",111.705,306.676111111111,503.167041258583,0.154309311452466,2.46491749178371
"613","77","P1","P",1,"Ft2","Ft",2,0,"T","2021",186.617,189.38214893617,589.874677512344,0.111711734030318,1.0210307320647
"614","77","P1","P",1,"Ft2","Ft",2,0,"T","2022",109.346,173.273757575758,765.244480159525,0.132596786541348,1.14134965571977
"615","77","P1","P",1,"Ft2","Ft",2,0,"T","2023",115.912,192.850825,769.258175235982,0.148352073732254,1.47906719654846
"616","77","P1","P",1,"Ft2","Ft",2,0,"T","2024",104.218,255.70712,524.741119587284,0.13418004043524,1.7344507007963
"617","78","P1","P",1,"Ft3","Ft",3,0,"R","2021",185.303,165.79825,737.794998726592,0.122325119647621,0.935223596631992
"618","78","P1","P",1,"Ft3","Ft",3,0,"R","2022",144.734,158.156757575758,655.955976472011,0.103743870351253,0.726702933311985
"619","78","P1","P",1,"Ft3","Ft",3,0,"R","2023",186.82,179.217222222222,625.451504865289,0.112091681336666,0.982607205168584
"620","78","P1","P",1,"Ft3","Ft",3,0,"R","2024",309.298,217.403707317073,690.461053775522,0.150108792848852,1.7315653744917
"621","78","P1","P",1,"Ft3","Ft",3,0,"T","2021",139.011,107.95935,634.003371021258,0.0684465918332639,0.325272295074394
"622","78","P1","P",1,"Ft3","Ft",3,0,"T","2022",57.163,116.159666666667,676.885165992526,0.0786267552533031,0.392149819228562
"623","78","P1","P",1,"Ft3","Ft",3,0,"T","2023",158.669,115.422534883721,715.928954440782,0.082634334718207,0.415172880438742
"624","78","P1","P",1,"Ft3","Ft",3,0,"T","2024",270.568,134.827568965517,589.566455079753,0.079489811882021,0.521533375285102
"625","79","P2","P",2,"Fe1","Fe",1,0,"R","2021",94.728,145.761,320.096686633376,0.0466576131403675,0.311074166576849
"626","79","P2","P",2,"Fe1","Fe",1,0,"R","2022",70.651,145.661538461538,549.727251438284,0.0800741171787334,0.544536822146548
"627","79","P2","P",2,"Fe1","Fe",1,0,"R","2023",106.413,144.914727272727,314.969739668873,0.0456437539232767,0.28420700510856
"628","79","P2","P",2,"Fe1","Fe",1,0,"R","2024",53.017,168.900375,331.756124935462,0.0560337339101464,0.410049472519339
"629","79","P2","P",2,"Fe1","Fe",1,0,"T","2021",112.165,107.349142857143,1219.59047638587,0.130921992276758,0.684549947763641
"630","79","P2","P",2,"Fe1","Fe",1,0,"T","2022",64.887,132.62868,1133.41086638017,0.150322787105658,0.943420670767207
"631","79","P2","P",2,"Fe1","Fe",1,0,"T","2023",125.698,113.973235294118,1388.14957575872,0.158211898221379,0.907629367144962
"632","79","P2","P",2,"Fe1","Fe",1,0,"T","2024",67.536,158.165,819.262635250142,0.129578674704339,1.02917639245487
"633","80","P2","P",2,"Fe2","Fe",2,0,"R","2021",119.328,314.078833333333,678.540947715552,0.213115349227395,3.88161896289753
"634","80","P2","P",2,"Fe2","Fe",2,0,"R","2022",107.802,275.603413043478,634.204882709778,0.174789030243654,2.84651451413387
"635","80","P2","P",2,"Fe2","Fe",2,0,"R","2023",83.889,277.783193548387,612.709688895294,0.170200454099373,2.56607329854011
"636","80","P2","P",2,"Fe2","Fe",2,0,"R","2024",149.44,305.751321428571,612.213746684654,0.18718516204557,3.46084252885652
"637","80","P2","P",2,"Fe2","Fe",2,0,"T","2021",83.732,232.77785,774.25645968039,0.180229754033013,2.17472721500457
"638","80","P2","P",2,"Fe2","Fe",2,0,"T","2022",157.209,224.161862068966,704.641595840599,0.157953772214876,2.1691623392684
"639","80","P2","P",2,"Fe2","Fe",2,0,"T","2023",156.989,189.452646153846,703.052415774529,0.133195140553339,1.46570376572397
"640","80","P2","P",2,"Fe2","Fe",2,0,"T","2024",158.451,259.279186440678,608.447353759132,0.157757734874651,2.17287547915308
"641","81","P2","P",2,"Fe3","Fe",3,0,"R","2021",81.48,220.602833333333,535.973667131791,0.11823730956133,1.30634427844518
"642","81","P2","P",2,"Fe3","Fe",3,0,"R","2022",86.444,166.368814814815,660.404009881342,0.10987063242291,0.905338745761959
"643","81","P2","P",2,"Fe3","Fe",3,0,"R","2023",66.067,193.204928571429,400.631873225216,0.0774040524499155,0.697435128801439
"644","81","P2","P",2,"Fe3","Fe",3,0,"R","2024",195.779,201.751371428571,321.659275752287,0.064895200015745,0.687447096267787
"645","81","P2","P",2,"Fe3","Fe",3,0,"T","2021",102.127,163.002285714286,568.527700273168,0.0926713146364127,0.85433440553173
"646","81","P2","P",2,"Fe3","Fe",3,0,"T","2022",90.033,147.563378378378,1003.77500254765,0.148120430507697,1.1760937433191
"647","81","P2","P",2,"Fe3","Fe",3,0,"T","2023",118.337,150.863736842105,892.552945114097,0.134653872629339,1.01290486718109
"648","81","P2","P",2,"Fe3","Fe",3,0,"T","2024",209.756,177.564480769231,606.175926462401,0.107635313637104,1.2010064973026
"649","82","P2","P",2,"Ft1","Ft",1,0,"R","2021",667.816964052117,181.650991452991,369.466874230165,0.0671140240129472,0.552451616271932
"650","82","P2","P",2,"Ft1","Ft",1,0,"R","2022",209.972267280624,179.348016666667,613.011691525571,0.10994243106859,0.902024058891388
"651","82","P2","P",2,"Ft1","Ft",1,0,"R","2023",99.1711579718487,177.946595744681,664.749449688186,0.118289901595163,0.954120977017149
"652","82","P2","P",2,"Ft1","Ft",1,0,"R","2024",287.093297054053,225.043148148148,492.274524220979,0.110783008683821,1.18995192023344
"653","82","P2","P",2,"Ft1","Ft",1,0,"T","2021",293.132,116.693533333333,1026.12298117806,0.119741916308201,0.614355515445121
"654","82","P2","P",2,"Ft1","Ft",1,0,"T","2022",166.006,131.479857142857,1059.50037380574,0.139302957790782,0.790210005642449
"655","82","P2","P",2,"Ft1","Ft",1,0,"T","2023",256.487,99.7058936170213,860.810564464783,0.0858278865649337,0.364988214241298
"656","82","P2","P",2,"Ft1","Ft",1,0,"T","2024",339.193,116.702378378378,775.971141853605,0.0905576778073017,0.469050479497734
"657","83","P2","P",2,"Ft2","Ft",2,0,"R","2021",399.956,177.223121212121,466.423786709116,0.0826610792881663,0.673672998596803
"658","83","P2","P",2,"Ft2","Ft",2,0,"R","2022",268.739,183.045268292683,387.300798810574,0.070893578628252,0.658088916894383
"659","83","P2","P",2,"Ft2","Ft",2,0,"R","2023",421.926,115.49580952381,392.931358812369,0.045381925373325,0.238343269133044
"660","83","P2","P",2,"Ft2","Ft",2,0,"R","2024",474.357,165.631268817204,462.739482332425,0.0766441275905359,0.657409689545252
"661","83","P2","P",2,"Ft2","Ft",2,0,"T","2021",126.2,122.324510638298,1020.9609652772,0.124888550458338,0.67915979601766
"662","83","P2","P",2,"Ft2","Ft",2,0,"T","2022",98.613,87.2509444444444,551.448275338597,0.0481143828355526,0.173479198723327
"663","83","P2","P",2,"Ft2","Ft",2,0,"T","2023",184.59,126.236972222222,658.837677904893,0.0831696736446334,0.468179753917129
"664","83","P2","P",2,"Ft2","Ft",2,0,"T","2024",232.865,157.44031372549,671.60681597313,0.105737987806987,0.793446707253586
"665","84","P2","P",2,"Ft3","Ft",3,0,"R","2021",204.402,213.290071428571,322.296920124038,0.0687427331144646,0.734321611845825
"666","84","P2","P",2,"Ft3","Ft",3,0,"R","2022",122.552,220.196,443.357256468203,0.0976254944452725,1.08714887117771
"667","84","P2","P",2,"Ft3","Ft",3,0,"R","2023",110.937,265.710363636364,534.367273238617,0.141986922487605,1.90484675069545
"668","84","P2","P",2,"Ft3","Ft",3,0,"R","2024",50.304,267.867583333333,537.676662930504,0.144026148313925,1.77333737535917
"669","84","P2","P",2,"Ft3","Ft",3,0,"T","2021",101.043,101.887791666667,571.904803947019,0.0582701175177197,0.257822062010504
"670","84","P2","P",2,"Ft3","Ft",3,0,"T","2022",146.524,143.3616,383.462026282407,0.0549737296270879,0.36177295083473
"671","84","P2","P",2,"Ft3","Ft",3,0,"T","2023",110.493,123.694346153846,584.764359674325,0.0723320451239881,0.403802491378203
"672","84","P2","P",2,"Ft3","Ft",3,0,"T","2024",96.922,136.489227272727,546.495392574855,0.0745907338406477,0.466960673334286
"673","85","P3","P",3,"Fe1","Fe",1,0,"R","2021",174.028,179.261433962264,732.273361203498,0.131268372781706,1.31343631881789
"674","85","P3","P",3,"Fe1","Fe",1,0,"R","2022",106.993,186.247038461538,619.535242241163,0.115386604089968,1.0450703719261
"675","85","P3","P",3,"Fe1","Fe",1,0,"R","2023",295.521,167.919534482759,467.772507884025,0.0785481417677179,0.63914019913328
"676","85","P3","P",3,"Fe1","Fe",1,0,"R","2024",185.987,214.178081081081,451.247931564177,0.0966474160742225,1.04292938376023
"677","85","P3","P",3,"Fe1","Fe",1,0,"T","2021",199.072,143.144777777778,855.64597150687,0.122481252447802,0.843459045667916
"678","85","P3","P",3,"Fe1","Fe",1,0,"T","2022",128.937,134.537306451613,791.971258953466,0.106549679966692,0.674797757418647
"679","85","P3","P",3,"Fe1","Fe",1,0,"T","2023",332.423,125.365778947368,1017.10115768172,0.127509678901039,0.835964216369789
"680","85","P3","P",3,"Fe1","Fe",1,0,"T","2024",225.035,183.296545454545,660.838321947577,0.12112938151697,1.26238479182736
"681","86","P3","P",3,"Fe2","Fe",2,0,"R","2021",107.843,195.795736842105,594.389287299282,0.116378888477817,1.09653177686926
"682","86","P3","P",3,"Fe2","Fe",2,0,"R","2022",148.617,158.041607843137,664.820675417819,0.105069328470393,0.778378721945215
"683","86","P3","P",3,"Fe2","Fe",2,0,"R","2023",101.604,187.025518518519,508.129510668649,0.0950331852073652,0.831422445614746
"684","86","P3","P",3,"Fe2","Fe",2,0,"R","2024",272.117,189.789893617021,580.558075965911,0.110184055476073,1.08874258901136
"685","86","P3","P",3,"Fe2","Fe",2,0,"T","2021",113.784,141.600166666667,664.060157955655,0.0940310290432137,0.611348430200372
"686","86","P3","P",3,"Fe2","Fe",2,0,"T","2022",153.437,120.383441176471,676.898088310273,0.0814873211965652,0.473880737226501
"687","86","P3","P",3,"Fe2","Fe",2,0,"T","2023",135.581,138.034333333333,476.929479659636,0.0658326427718314,0.457812221141138
"688","86","P3","P",3,"Fe2","Fe",2,0,"T","2024",266.102,138.733905660377,630.624464224134,0.087488994926797,0.61010715563644
"689","87","P3","P",3,"Fe3","Fe",3,0,"R","2021",139.753,164.40475,967.508845383323,0.159063049848034,1.32049797334993
"690","87","P3","P",3,"Fe3","Fe",3,0,"R","2022",274.797,127.127169312169,1290.31320637528,0.164033865452599,1.08790880343982
"691","87","P3","P",3,"Fe3","Fe",3,0,"R","2023",154.046,154.493256097561,1083.07578028529,0.167327903896681,1.41518419104866
"692","87","P3","P",3,"Fe3","Fe",3,0,"R","2024",277.905,178.226064516129,1031.04009287774,0.183758218111943,1.76221176745674
"693","87","P3","P",3,"Fe3","Fe",3,0,"T","2021",125.687,151.54586440678,1072.49062685131,0.16253151911435,1.22345779422653
"694","87","P3","P",3,"Fe3","Fe",3,0,"T","2022",210.901,110.405896551724,1666.74732523139,0.18401873276736,1.01977795330086
"695","87","P3","P",3,"Fe3","Fe",3,0,"T","2023",205.801,149.416520408163,955.321990581219,0.142740887702046,1.16818695227568
"696","87","P3","P",3,"Fe3","Fe",3,0,"T","2024",218.839,151.98187394958,1126.31343156368,0.17117922598363,1.40844544715822
"697","88","P3","P",3,"Ft1","Ft",1,0,"R","2021",251.77,128.607742857143,530.57158933271,0.0682356145282068,0.404412886521015
"698","88","P3","P",3,"Ft1","Ft",1,0,"R","2022",409.808,133.228907894737,679.200648367892,0.0904891606234515,0.596462229037001
"699","88","P3","P",3,"Ft1","Ft",1,0,"R","2023",106.75,117.621294117647,675.410697006808,0.0794426802428428,0.424992422336643
"700","88","P3","P",3,"Ft1","Ft",1,0,"R","2024",296.741,121.611945454545,641.702668538137,0.0780387099242962,0.422813845731894
"701","88","P3","P",3,"Ft1","Ft",1,0,"T","2021",172.684,116.616387755102,655.680900365195,0.076463138120602,0.414832790011329
"702","88","P3","P",3,"Ft1","Ft",1,0,"T","2022",160.195,103.897146341463,635.40687237558,0.0660169608055772,0.296385573885741
"703","88","P3","P",3,"Ft1","Ft",1,0,"T","2023",279.594,124.818541666667,768.255615488823,0.0958925455525424,0.543179987445385
"704","88","P3","P",3,"Ft1","Ft",1,0,"T","2024",116.551,125.870743589744,838.325133910248,0.105520607975254,1.18681412326654
"705","89","P3","P",3,"Ft2","Ft",2,0,"R","2021",91.589,161.302375,604.917552229458,0.0975746378537982,0.718431155429708
"706","89","P3","P",3,"Ft2","Ft",2,0,"R","2022",167.165,158.99447826087,440.814716350101,0.0700871058357976,0.56719781002758
"707","89","P3","P",3,"Ft2","Ft",2,0,"R","2023",142.681,149.103428571429,613.659349067074,0.0914987129208118,0.672036377237192
"708","89","P3","P",3,"Ft2","Ft",2,0,"R","2024",326.541,154.940305555556,726.414915559041,0.112550948976831,1.01067879818224
"709","89","P3","P",3,"Ft2","Ft",2,0,"T","2021",84.264,94.5749166666667,635.293643225185,0.060082843366885,0.248267028321895
"710","89","P3","P",3,"Ft2","Ft",2,0,"T","2022",140.242,107.120235294118,440.102035387864,0.0471438335841681,0.233690678996112
"711","89","P3","P",3,"Ft2","Ft",2,0,"T","2023",171.271,129.659518518519,543.183162024186,0.0704288672554224,0.444257246184354
"712","89","P3","P",3,"Ft2","Ft",2,0,"T","2024",249.086,145.804928571429,542.028356095987,0.0790304057442642,0.573237950225325
"713","90","P3","P",3,"Ft3","Ft",3,0,"R","2021",259.603,226.285328358209,697.103710183743,0.157744341958654,1.7619696120974
"714","90","P3","P",3,"Ft3","Ft",3,0,"R","2022",277.684,184.570333333333,635.19052896286,0.117237327660851,1.13202134012779
"715","90","P3","P",3,"Ft3","Ft",3,0,"R","2023",152.428,152.774734693878,763.317569793473,0.116615639212373,0.91332108179094
"716","90","P3","P",3,"Ft3","Ft",3,0,"R","2024",269.782,221.825686046512,718.260238380935,0.159328570138782,1.92796598853413
"717","90","P3","P",3,"Ft3","Ft",3,0,"T","2021",595.485845847941,131.855175,190.208027240262,0.0250799127181695,0.30362355428363
"718","90","P3","P",3,"Ft3","Ft",3,0,"T","2022",242.62048035163,120.84984,839.540456195744,0.101458329804783,0.546519058374609
"719","90","P3","P",3,"Ft3","Ft",3,0,"T","2023",228.217780335932,160.939134328358,980.613743517988,0.157819126992276,1.29242600039818
"720","90","P3","P",3,"Ft3","Ft",3,0,"T","2024",205.288054000314,138.4640375,806.53282077982,0.111675790741438,0.72321382567001
