"","id_amap","image_surface_rectified_µm2","mean_vessel_size_µm2","std_dev_vessel_size_µm2","mean_vessel_perim_µm","std_dev_perim_µm","sum_vessel_area_µm2","dh","count_vessel","count_cluster","vessel_grouping","image_surface_rectified_mm2","vessel_density_per_mm2","vessel_density_per_m2","dh_m","vessel_area","Kth"
"1","1826",188711.604806765,142.800301621181,55.7616709201151,53.3372012205308,13.1753770106568,37128.078421507,13.9692381468743,260,86,3.02325581395349,0.188711604806765,1377.76370597999,1377763705.97999,1.39692381468743e-05,0.196745072776659,1.28278942808549
"2","1827",389685.061224695,145.37124085707,91.4067167043337,52.8210218227619,23.6366917991179,58003.125101971,14.7839064811273,399,242,1.64876033057851,0.389685061224695,1023.90376152997,1023903761.52997,1.47839064811273e-05,0.148846160331833,1.19592986732663
"3","1828",170014.361978451,140.2444855106,72.0960544145212,51.7017752388538,16.3110969470041,18231.783116378,14.1639172244229,130,79,1.64556962025316,0.170014361978451,764.641283755059,764641283.755059,1.41639172244229e-05,0.107236723440393,0.752455826572276
"4","1829",85129.0219138188,181.47452768584,95.795788912437,59.49766088248,17.0181512672121,13610.589576438,16.1523237477837,75,42,1.78571428571429,0.0851290219138188,881.015643242407,881015643.242407,1.61523237477837e-05,0.159881897741252,1.46626818000407
"5","1830",210107.418764939,189.201158903773,100.454515985625,59.5805857064067,20.1139969474116,28380.173835566,16.5090087183357,150,102,1.47058823529412,0.210107418764939,713.920531134671,713920531.134671,1.65090087183357e-05,0.135074591855877,1.29665251359274
"6","1831",621812.557561452,238.526676199042,141.446589640042,66.174385497241,24.6270309169614,86108.130107854,18.7871694718573,361,256,1.41015625,0.621812557561452,580.560806645214,580560806.645214,1.87871694718573e-05,0.138479239540517,1.76840963524563
"7","1832",472852.307352652,159.247003809207,81.9617233129117,51.0848421196568,16.0999871643239,53825.487287512,15.0986225288331,338,233,1.45064377682403,0.472852307352652,714.810935136075,714810935.136075,1.50986225288331e-05,0.113831499710477,0.908301948113984
"8","1833",421515.11292514,215.725116678274,118.110686160381,59.8179398607338,18.8492889417521,56735.705686386,17.6919679931449,263,202,1.3019801980198,0.42151511292514,623.939668912199,623939668.912199,1.76919679931449e-05,0.134599457876288,1.49464111650523
"9","1834",73521.0042979975,222.593039510364,164.689805329473,84.8466671334091,40.3050978332296,9794.093738456,18.7385304159225,44,29,1.51724137931034,0.0735210042979975,598.468429806235,598468429.806235,1.87385304159224e-05,0.133214906841565,1.80415191913804
"10","1835",146397.209995059,405.530285974663,243.605376216823,89.709678557163,35.4730488279944,37308.786309669,24.5248248038774,92,53,1.73584905660377,0.146397209995059,628.427276743218,628427276.743218,2.45248248038774e-05,0.254846293251956,5.55863847048281
"11","1836",212446.764517122,128.470471309546,58.6402053010458,46.6913941626011,14.1373714804937,23510.096249647,13.406091000464,183,127,1.44094488188976,0.212446764517122,861.392266509435,861392266.509435,1.3406091000464e-05,0.110663470460866,0.680298271742251
"12","1837",268048.665105218,199.274769738574,100.879878225999,53.5781169169257,15.2017460125371,40253.503487192,16.8594190192379,202,118,1.71186440677966,0.268048665105218,753.594500911647,753594500.911647,1.68594190192379e-05,0.150172370645424,1.48866811393465
"13","1838",249402.896645046,131.788355677876,51.3762221872839,45.1203697720759,10.3308759049188,19109.311573292,13.4170009836966,145,84,1.72619047619048,0.249402896645046,581.388596325592,581388596.325592,1.34170009836966e-05,0.0766202471196181,0.460657411114184
"14","1839",129569.472409713,133.4525264974,81.9690634540286,46.3433461999455,18.9850775713914,14679.777914714,14.1124402770837,110,69,1.59420289855072,0.129569472409713,848.965407933188,848965407.933188,1.41124402770837e-05,0.11329657859758,0.823357052743001
"15","1840",135699.576815803,169.793973060543,117.319675880782,52.5563436436623,18.4970494470238,25638.889932142,16.2016524510337,151,60,2.51666666666667,0.135699576815803,1112.75218053897,1112752180.53897,1.62016524510337e-05,0.188938613765494,1.87467266889228
"16","1842",326172.8097323,144.989259213803,92.7873407858577,54.9230736741579,18.784941406548,55095.918501245,14.8016443595082,380,139,2.73381294964029,0.3261728097323,1165.02660142603,1165026601.42603,1.48016443595082e-05,0.168916343905134,1.36730514992668
"17","1843",177369.994426066,266.597611565781,176.371808692131,70.2699232254375,27.649896300402,34124.49428042,20.1622679643686,128,74,1.72972972972973,0.177369994426066,721.655319515471,721655319.515471,2.01622679643686e-05,0.192391584556565,2.91592999862298
"18","1844",335605.213894605,171.400223529648,85.2602005474226,78.2683789852682,22.1435332698756,30680.640011807,15.6079292155186,179,138,1.29710144927536,0.335605213894605,533.3647767946,533364776.7946,1.56079292155186e-05,0.0914188419654353,0.773918495697082
"19","1845",211788.002124829,197.854602548192,112.801892371305,60.1618288780673,21.3068950251175,20576.878665012,17.018810834905,104,76,1.36842105263158,0.211788002124829,491.057089903997,491057089.903997,1.7018810834905e-05,0.0971579053514272,1.0072530178045
"20","1846",101380.410855866,194.270620611394,101.673123848039,60.9454391711408,16.7306347942808,13793.214063409,16.6960404029739,71,48,1.47916666666667,0.101380410855866,700.332533677948,700332533.677948,1.66960404029739e-05,0.136054035951965,1.33060146386182
"21","1847",76183.1600503946,180.506412813208,93.1759825400295,54.0947196218868,14.8986185161647,9566.8398791,16.0663377866828,53,35,1.51428571428571,0.0761831600503946,695.691803345265,695691803.345266,1.60663377866828e-05,0.125576831845405,1.13337651105365
"22","1848",511964.886945955,134.936849124939,58.7598906838829,51.793531362846,18.4330080828832,103361.626429703,13.6883302612053,766,257,2.98054474708171,0.511964886945955,1496.19635942115,1496196359.42115,1.36883302612053e-05,0.201892022412495,1.28434068610984
"23","1849",158771.593336578,152.859306976715,76.2763389312944,49.8288265349644,13.0238528965594,38673.404665109,14.7453760684243,253,46,5.5,0.158771593336578,1593.48404008057,1593484040.08057,1.47453760684243e-05,0.243578866045173,1.84187807597739
"24","1850",160685.454152094,100.990306941764,36.4691281584398,48.7777902399583,13.0795549750405,7271.302099807,11.6877049807015,72,63,1.14285714285714,0.160685454152094,448.080384001962,448080384.001962,1.16877049807015e-05,0.0452517755149416,0.204438479176636
"25","1851",85045.786765333,111.774411674149,41.0456909910072,55.6450144411702,11.5669190670534,5253.397348685,12.3051243940102,47,38,1.23684210526316,0.085045786765333,552.64348520506,552643485.20506,1.23051243940102e-05,0.0617714004243468,0.309798160978754
"26","1853",230678.547633508,215.908405633963,120.631922473206,63.1694478336,22.8229871620729,29147.634760585,17.7376269589003,135,112,1.20535714285714,0.230678547633508,585.22997211896,585229972.11896,1.77376269589003e-05,0.126356070209413,1.41644062757671
"27","1854",486177.049905996,134.613989414956,70.7033131356308,53.4999199282752,14.2804006160338,54787.893691887,13.9121348895222,407,273,1.49084249084249,0.486177049905996,837.143588079065,837143588.079065,1.39121348895222e-05,0.112691238104473,0.766769486169605
"28","1855",62083.0163769453,201.818162735596,140.971318156962,58.2074272736854,21.8234850877667,17961.816483468,17.6879980665303,89,17,5.23529411764706,0.0620830163769453,1433.5643658102,1433564365.8102,1.76879980665303e-05,0.289319326471034,3.43100754112418
"29","1856",579113.74778766,130.538217695018,70.8281150441345,62.2100007011477,35.11604362939,137848.357885939,13.7504697711664,1056,170,6.21176470588235,0.57911374778766,1823.47596484136,1823475964.84136,1.37504697711664e-05,0.238033302460095,1.59389582464184
"30","1857",164046.620871874,217.699138092549,123.161120586552,58.4802196907609,17.3043678148408,40056.641409029,17.8397521572409,184,70,2.62857142857143,0.164046620871874,1121.63236903069,1121632369.03069,1.78397521572409e-05,0.244178399994686,2.77776529301787
"31","1858",124195.603135589,169.730717942488,77.3289403378002,51.4017527767126,13.0771057368532,29533.144921993,15.4065711340413,174,48,3.625,0.124195603135589,1401.01578161376,1401015781.61376,1.54065711340413e-05,0.237795414462061,1.929997508279
"32","1859",93381.0750066395,195.388456310268,97.7496733752892,59.5253974136098,19.5293009510562,24032.780126163,16.6716973899197,123,34,3.61764705882353,0.0933810750066395,1317.18337994347,1317183379.94347,1.66716973899197e-05,0.257362427284696,2.48802800414953
"33","1860",394709.835714872,142.859580827641,121.39069340655,61.5329909581208,29.847794244368,88715.799693965,15.4470750308056,621,129,4.81395348837209,0.394709835714872,1573.30763971282,1573307639.71282,1.54470750308056e-05,0.224762069922298,2.19022344115497
"34","1861",405355.720726155,195.585604469703,108.203034042499,95.2934459823931,28.6123312800231,28359.912648107,16.8631455475941,145,127,1.14173228346457,0.405355720726155,357.710506071671,357710506.071671,1.68631455475941e-05,0.0699630255551914,0.707254625781285
"35","1862",148706.163966053,204.199913621114,117.535803247056,63.3443304574857,17.3112845948963,14293.993953478,17.3047618310848,70,58,1.20689655172414,0.148706163966053,470.726956657827,470726956.657827,1.73047618310848e-05,0.0961224038886584,1.03209891604196
"36","1863",231463.805547514,223.210046471094,142.58736592781,72.7490834799487,26.9032934741392,26115.575437118,18.3526472124928,117,89,1.31460674157303,0.231463805547514,505.478598363331,505478598.363331,1.83526472124928e-05,0.112827901430823,1.40212710571981
"37","1864",350597.945015633,128.775844810681,65.8253294084098,50.9683756203284,19.2869707625291,26270.272341379,13.5664245693281,204,153,1.33333333333333,0.350597945015633,581.863079633578,581863079.633578,1.35664245693281e-05,0.0749299096439588,0.481916910562152
"38","1865",310950.908153105,224.454755505974,155.485636153471,61.751639661485,25.3249254777852,52297.958032892,18.6390638252085,233,136,1.71323529411765,0.310950908153105,749.31442195781,749314421.95781,1.86390638252085e-05,0.168187185377641,2.21131300692234
"39","1866",546514.318563381,138.79348419443,145.029163068654,61.6178591207383,46.2690057116081,14850.902808804,15.9677067059436,107,92,1.16304347826087,0.546514318563381,195.786270122383,195786270.122383,1.59677067059436e-05,0.0271738585877173,0.311201848181684
"40","1867",483131.848190665,112.306823350685,55.3854010960851,46.6597405787113,19.5930364038431,37735.09264583,12.6249849625105,336,243,1.38271604938272,0.483131848190665,695.46232826158,695462328.26158,1.26249849625105e-05,0.078105164847129,0.432003072095955
"41","1868",169066.740764932,183.900497505057,86.7546198795343,54.7836468390283,13.9775483253267,19493.452735536,16.0833377304167,106,80,1.325,0.169066740764932,626.971334044825,626971334.044825,1.60833377304166e-05,0.115300340252252,1.02575149494922
"42","1869",157910.219069681,228.5379805583,151.372463088293,61.49557305657,23.3072576746501,22853.79805583,18.6679205355311,100,76,1.31578947368421,0.157910219069681,633.271238486934,633271238.486934,1.86679205355311e-05,0.144726529989458,1.88045647265142
"43","1870",124651.206053618,183.076575066372,89.9805193019964,52.6562358630465,13.960867531733,15744.585455708,16.107115637798,86,63,1.36507936507937,0.124651206053618,689.925133680677,689925133.680677,1.6107115637798e-05,0.126309130526467,1.13543641868345
"44","1871",104666.008822416,257.813831868143,130.778518210989,60.0408088632714,16.4188117601379,18046.96823077,19.1712776923717,70,54,1.2962962962963,0.104666008822416,668.794012378624,668794012.378623,1.91712776923717e-05,0.172424347061803,2.20895238703928
"45","1872",443262.485865734,118.387313093952,75.5520751250339,55.8534111025455,35.4220936951555,46881.375985205,13.3697296461174,396,174,2.27586206896552,0.443262485865734,893.37584981182,893375849.81182,1.33697296461174e-05,0.105764366442247,0.697934162340113
"46","1873",214064.921515648,163.763178346466,101.992091547666,53.8845181489248,22.1099951576692,21780.50272008,15.6647328959603,133,83,1.60240963855422,0.214064921515648,621.306840272183,621306840.272182,1.56647328959603e-05,0.101747182891373,0.91471933266391
"47","1874",77247.4199917266,314.447201041348,166.653756915793,76.0964004982174,23.8347885081274,14464.571247902,21.2612095903021,46,31,1.48387096774194,0.0772474199917266,595.489143908324,595489143.908324,2.12612095903021e-05,0.187249894552481,2.97519523913301
"48","1875",115174.172518935,258.280996560667,124.288772118237,65.1736542342564,16.6414383220904,20145.917731732,19.092106893577,78,63,1.23809523809524,0.115174172518935,677.235167347754,677235167.347754,1.9092106893577e-05,0.174916973928508,2.20011143371004
"49","1876",131499.2136154,196.182526775765,169.665682221286,63.6491384416325,32.317585050307,32566.299444777,18.1608714717823,166,39,4.25641025641026,0.1314992136154,1262.36496353131,1262364963.53131,1.81608714717823e-05,0.247653948258768,3.35754172731871
"50","1877",292497.073374146,182.411211316597,156.54512623802,59.5336503379579,21.6434909502913,69316.260300307,17.4895493427539,380,107,3.55140186915888,0.292497073374146,1299.15829794962,1299158297.94962,1.74895493427539e-05,0.236981038820999,2.97211968980892
"51","1878",320829.058439538,140.569453511785,99.6820385598836,61.0190968581728,26.239476270582,49621.01708966,14.8090639141067,353,139,2.53956834532374,0.320829058439538,1100.27440069468,1100274400.69468,1.48090639141067e-05,0.154664971218657,1.29390140859218
"52","1879",220989.319230152,183.96540409291,111.112058448586,63.5872052878077,22.6268773831375,14349.301519247,16.5278885585714,78,62,1.25806451612903,0.220989319230152,352.958234686292,352958234.686292,1.65278885585714e-05,0.0649321042719841,0.643995109426763
"53","1880",107836.884659968,103.986293537763,33.3671149251758,46.4619270066316,10.7248851283614,3951.479154435,11.7846416955665,38,24,1.58333333333333,0.107836884659968,352.384067101177,352384067.101177,1.17846416955665e-05,0.0366431130396138,0.166177239869851
"54","1881",114166.315342696,214.124301853891,102.891440946497,75.2101725106719,23.829721709131,13703.955318649,17.3790148462544,64,45,1.42222222222222,0.114166315342696,560.585666690648,560585666.690648,1.73790148462544e-05,0.120035014509433,1.2503521731381
"55","1882",101859.834359152,188.201063114582,93.4230712457537,70.7800001332755,30.5737492731478,18443.704185229,16.3479147432496,98,55,1.78181818181818,0.101859834359152,962.1064143346,962106414.3346,1.63479147432496e-05,0.18106945000713,1.6802051583033
"56","1883",85427.7375289448,266.381335137095,160.041680098522,97.7580800939054,46.9776266861691,19712.218800145,19.8736860935306,74,36,2.05555555555556,0.0854277375289448,866.229191366881,866229191.366881,1.98736860935306e-05,0.230747288531036,3.30397129436836
"57","1884",188067.901405152,174.027172294927,112.443619310725,55.0216165428333,17.0469659741766,26104.075844239,16.2341450290627,150,86,1.74418604651163,0.188067901405152,797.58427078344,797584270.78344,1.62341450290627e-05,0.138801335311353,1.35451560721647
"58","1885",323251.091740546,226.918233754301,124.863975596281,60.0881380977796,18.6610285968183,42206.7914783,18.1539970405882,186,138,1.34782608695652,0.323251091740546,575.404089119955,575404089.119955,1.81539970405882e-05,0.130569679598103,1.52809984678968
"59","1886",88957.564944341,140.57885947493,57.289811422631,55.1554203581127,14.2976624356301,9981.09902272,13.8956557259971,71,51,1.3921568627451,0.088957564944341,798.133357679286,798133357.679286,1.38956557259971e-05,0.11220067713145,0.727581071311967
"60","1887",88681.848514982,137.961814615649,50.2761021139175,50.1637557371351,11.6371996987406,10209.174281558,13.6678716131803,74,57,1.29824561403509,0.088681848514982,834.443589518754,834443589.518754,1.36678716131803e-05,0.115121351804403,0.712016884336255
"61","1888",126714.561576611,96.4517911536271,30.5392883400715,43.5598683192881,7.53622356309886,5690.655678064,11.3452883132567,59,44,1.34090909090909,0.126714561576611,465.613417005187,465613417.005187,1.13452883132567e-05,0.044909248055311,0.188615500793167
"62","1889",175231.891549333,110.794517636483,62.4388096036013,80.9950994978276,25.7490708399507,3213.041011458,12.6985289019718,29,29,1,0.175231891549333,165.494989203125,165494989.203125,1.26985289019718e-05,0.0183359375000151,0.105217564052134
"63","1890",125861.40130463,188.756060644056,91.2390021720656,56.7300596436056,16.9659461453373,13401.680305728,16.3272552360415,71,56,1.26785714285714,0.12586140130463,564.112581490765,564112581.490765,1.63272552360415e-05,0.106479668641946,0.980185470733489
"64","1891",202884.85303497,203.510810330788,115.640569365957,56.750885175177,17.2045133453935,22996.721567379,17.2541833928994,113,76,1.48684210526316,0.20288485303497,556.966172238215,556966172.238215,1.72541833928994e-05,0.113348637039036,1.20696924805773
"65","1892",138328.328988873,159.638496380807,70.1010502555143,48.643040759747,11.751415378545,13249.995199607,14.8921295807134,83,62,1.33870967741935,0.138328328988873,600.02170637568,600021706.37568,1.48921295807134e-05,0.0957865630016597,0.721579081690086
"66","1893",124010.788249971,148.023489721893,87.2567116151704,52.9330933745333,15.3341862510359,11101.761729142,14.7784003481817,75,56,1.33928571428571,0.124010788249971,604.786092068224,604786092.068224,1.47784003481817e-05,0.0895225478832048,0.705344448063651
"67","1894",135299.829063206,216.181844287658,121.090337410999,65.1539577273836,17.3663711734982,15781.274632999,17.7474875403878,73,57,1.28070175438596,0.135299829063206,539.542440706985,539542440.706985,1.77474875403878e-05,0.1166392799035,1.30876863676972
"68","1895",107982.272369988,261.816079425951,190.64319003804,68.4419512434512,25.4330479271965,21468.918512928,20.2852982202716,82,46,1.78260869565217,0.107982272369988,759.383908120002,759383908.120002,2.02852982202716e-05,0.198818917603136,3.14395791588044
"69","1896",223077.864337556,201.486645622923,114.391164378001,57.3483529324903,20.9552588874353,31230.430071553,17.1688723042688,155,103,1.50485436893204,0.223077864337556,694.824654433027,694824654.433027,1.71688723042688e-05,0.139997888917817,1.47615529679965
"70","1897",216809.491017039,244.165618211558,167.804341885265,65.8306734727117,25.1603117133883,39798.995768484,19.4126156240817,163,79,2.06329113924051,0.216809491017039,751.81210580486,751812105.80486,1.94126156240817e-05,0.183566667592777,2.61056964230688
"71","1898",207389.681646941,131.408493319437,58.5358220496597,46.2706611538169,12.4877663843063,18660.00605136,13.529845256121,142,104,1.36538461538462,0.207389681646941,684.701374110502,684701374.110502,1.3529845256121e-05,0.0899755759456089,0.560999229138463
"72","1899",301104.244847184,193.069950509432,105.859490876636,56.5342162021091,16.8700742444114,42475.389112075,16.7392729638457,220,154,1.42857142857143,0.301104244847184,730.643967213594,730643967.213594,1.67392729638457e-05,0.141065394589944,1.40262609781166
"73","1900",204885.782196599,120.631344140504,87.3488112267581,55.4645903954021,21.5669979496069,46201.804805813,13.7675413570689,383,56,6.83928571428571,0.204885782196599,1869.33420120138,1869334201.20138,1.37675413570689e-05,0.225500297338738,1.64211004575352
"74","1901",236720.762293994,180.955611816449,116.951474381136,56.2251779938912,18.2734069907386,26600.474937018,16.5546325695581,147,93,1.58064516129032,0.236720762293994,620.984820154618,620984820.154618,1.65546325695581e-05,0.112370688059806,1.14037822270902
"75","1902",217531.227370358,123.698407534227,48.1010796090138,48.8972740510455,10.8151609016674,10885.459863012,12.9946205934684,88,76,1.15789473684211,0.217531227370358,404.539619730897,404539619.730897,1.29946205934684e-05,0.0500409067452139,0.282036440082141
"76","1903",356349.931855741,190.083983714869,98.4381664906016,57.2682477932081,18.575516330816,42008.560400986,16.5051551721379,221,162,1.3641975308642,0.356349931855741,620.176911074775,620176911.074775,1.65051551721379e-05,0.117885697865075,1.12534008108531
"77","1904",311222.791384836,125.845102705422,73.4394881488891,48.7501707729114,25.3929578961197,29825.289341185,13.6168889828525,237,175,1.35428571428571,0.311222791384836,761.512352438683,761512352.438683,1.36168889828525e-05,0.0958326002040935,0.640144894786905
"78","1905",288681.67273549,123.276852593072,52.5312943897045,44.9176239052889,13.1584562378709,22189.833466753,13.059275142711,180,135,1.33333333333333,0.28868167273549,623.524168660781,623524168.660781,1.3059275142711e-05,0.076866097028213,0.443424134602686
"79","1906",184848.289197764,122.558568359284,61.3263269096057,47.3241588093895,15.5746258315695,11643.063994132,13.2025752441468,95,74,1.28378378378378,0.184848289197764,513.934970197978,513934970.197978,1.32025752441468e-05,0.0629871341772355,0.381797009236077
"80","1907",224907.394805263,156.770601335598,93.8748426105422,54.5576143651639,20.7307391003835,19126.013362943,15.2448243396044,122,90,1.35555555555556,0.224907394805263,542.445481197424,542445481.197424,1.52448243396044e-05,0.0850395042790982,0.716366949328731
"81","1909",44219.2202328126,108.650915364783,42.8214255040554,53.8004880583913,17.7630975050073,2498.97105339,12.1761991200288,23,20,1.15,0.0442192202328126,520.135811506983,520135811.506983,1.21761991200288e-05,0.0565132320342378,0.279546120486976
"82","1910",300400.579282682,162.451122100811,90.5527386950436,68.6036526297673,19.5055250461513,25829.728414029,15.3826523292486,159,128,1.2421875,0.300400579282682,529.293253627112,529293253.627112,1.53826523292486e-05,0.0859842829721137,0.724621145734687
"83","1911",328348.696985648,182.171098007366,98.4974287763251,56.6756115175,14.9174573201647,33883.82422937,16.2333074619777,186,142,1.30985915492958,0.328348696985648,566.470955138677,566470955.138677,1.62333074619777e-05,0.103194635886894,0.961823649736895
"84","1912",660957.171734928,165.353746286739,79.4179583895908,53.2986075685749,13.9090697596503,108141.350071527,15.281543242102,654,363,1.80165289256198,0.660957171734928,989.474096004335,989474096.004335,1.5281543242102e-05,0.163613248628001,1.31935915465841
"85","1913",688182.731685084,169.617764462113,92.7862688947411,58.4862662867337,20.5116235576975,150959.810371281,15.6886388365381,890,319,2.78996865203762,0.688182731685084,1293.26116309363,1293261163.09363,1.56886388365381e-05,0.219360067349613,1.91565388311865
"86","1914",929140.272556943,226.979325474705,156.549330633665,72.0390699962708,29.497564340199,84663.288402065,18.7328385151665,373,279,1.33691756272401,0.929140272556943,401.446381151389,401446381.151389,1.87328385151665e-05,0.0911200288080036,1.20873654200095
"87","1915",439371.516473847,236.760605368101,151.989669768187,70.0378974902785,27.3816110737248,37408.17564816,18.9180295311298,158,123,1.28455284552846,0.439371516473847,359.604558046959,359604558.046959,1.89180295311298e-05,0.0851401928563266,1.12620780070438
"88","1916",222217.859069812,120.953813141926,41.2602700254631,44.5999960770514,8.53255568408333,21166.917299837,12.7541574329562,175,108,1.62037037037037,0.222217859069812,787.515462224942,787515462.224942,1.27541574329562e-05,0.0952529980643329,0.50951377567153
"89","1917",210107.418764939,163.381834883311,94.5295425997918,63.6077154778667,22.1553823376179,36760.912848745,15.4983788945409,225,93,2.41935483870968,0.210107418764939,1070.88079670201,1070880796.70201,1.54983788945409e-05,0.174962469506476,1.51069215516144
"90","1918",196641.943098695,124.618882873638,65.7602814306609,57.2361343510757,26.1794314033829,23054.493331623,13.3903119528062,185,92,2.01086956521739,0.196641943098695,940.79623647305,940796236.47305,1.33903119528062e-05,0.117240976000994,0.739516890734057
"91","1919",232105.044750652,193.184766569679,119.076495819413,71.0768626160584,22.5262268718691,26466.313020046,16.9897713083248,137,105,1.3047619047619,0.232105044750652,590.249988522126,590249988.522126,1.69897713083248e-05,0.114027306250403,1.20247447573399
"92","1920",185344.414490713,148.040145878188,81.1406266642597,49.3696415827321,16.3122998711932,16580.496338357,14.6534842324756,112,82,1.36585365853659,0.185344414490713,604.280416584186,604280416.584186,1.46534842324756e-05,0.0894577610224547,0.681227030981568
"93","1921",313165.40118256,218.001106307597,101.63519641193,60.7534008921009,17.4155765951084,49704.252238132,17.4966021423533,228,140,1.62857142857143,0.31316540118256,728.049775419115,728049775.419115,1.74966021423533e-05,0.158715656488364,1.66826748397788
"94","1922",345861.207947189,129.862753928979,64.6291758579177,64.1448177432639,32.7270560173708,49217.983739083,13.5883316700833,379,189,2.00529100529101,0.345861207947189,1095.81529032846,1095815290.32846,1.35883316700833e-05,0.142305591399537,0.91346446670945
"95","1923",162216.269004675,230.872580446783,135.234125430738,61.5502266134917,22.0395699256927,27704.709653614,18.4474951029646,120,60,2,0.162216269004675,739.753174797416,739753174.797416,1.84474951029646e-05,0.17078872435918,2.09472106290936
"96","1924",1256748.88860063,174.859804600127,106.440704275256,67.4649258221381,32.8135951466336,300059.424693818,16.1438049726184,1716,496,3.45967741935484,1.25674888860063,1365.42790335048,1365427903.35048,1.61438049726184e-05,0.238758456375425,2.26768188200918
"97","1925",899299.650425245,132.895327441265,54.0356247517479,46.4353134002393,10.2740534401976,137147.977919385,13.5147133687226,1032,556,1.85611510791367,0.899299650425245,1147.55965879894,1147559658.79894,1.35147133687226e-05,0.152505316614471,0.936035622189276
"98","1926",273925.230868222,133.354345750096,58.2523533694021,53.351943548399,13.4640876965037,26404.160458519,13.6091756927294,198,139,1.42446043165468,0.273925230868222,722.824981738365,722824981.738365,1.36091756927294e-05,0.0963918525315447,0.606247811923235
"99","1927",293181.299150681,175.684691699187,109.034547545114,58.6718125936817,24.454851503106,81693.381640122,16.2230832013665,465,79,5.88607594936709,0.293181299150681,1586.0493194725,1586049319.4725,1.62230832013665e-05,0.278644585711231,2.6862103430289
"100","1928",216214.797785094,229.849802516293,147.758119205084,76.7776017457531,43.8969074908654,54934.102801394,18.6465749659741,239,76,3.14473684210526,0.216214797785094,1105.38225157722,1105382251.57722,1.86465749659741e-05,0.254071892230039,3.26737152818674
"101","1929",214454.264874684,219.631912122214,112.661512522416,59.1383354547013,20.0124648610906,33823.314466821,17.7221865193805,154,101,1.52475247524752,0.214454264874684,718.101829730407,718101829.730407,1.77221865193805e-05,0.15771807796215,1.73198845378192
"102","1930",499243.325419305,141.236210660807,81.6077814674441,47.1602400356722,14.3886868999776,51268.744469873,14.4089115397226,363,286,1.26923076923077,0.499243325419305,727.100356715081,727100356.715081,1.44089115397226e-05,0.102692899152559,0.766317609005613
"103","1931",358020.384621901,200.047977277647,108.141784433439,66.7968016448043,19.6090194523478,36808.827819087,17.010740962875,184,138,1.33333333333333,0.358020384621901,513.937216715521,513937216.715521,1.7010740962875e-05,0.102812100651643,1.05218653625635
"104","1932",701995.65933629,124.976881463935,51.7263084011487,49.3550247197822,13.3350614593271,63113.325139287,13.1221717350244,505,363,1.39118457300275,0.70199565933629,719.377667487942,719377667.487942,1.31221717350244e-05,0.0899055774774423,0.521518318028539
"105","1933",93808.2027422907,219.225841680047,149.167679060861,57.4526929751132,20.5334239244693,23237.939218085,18.3605713566131,106,27,3.92592592592593,0.0938082027422907,1129.96515124805,1129965151.24805,1.83605713566131e-05,0.247717561351475,3.13978249490069
"106","1934",157094.569374485,115.215451160348,64.5184046885653,51.0860159483348,20.3726583463757,26153.907413399,12.9631384925517,227,83,2.73493975903614,0.157094569374485,1444.98947929176,1444989479.29176,1.29631384925517e-05,0.166485114778556,0.997688751133319
"107","1935",190400.949761233,132.411745501637,58.6430932212724,52.2492255518137,13.756411131188,13505.998041167,13.5734336314077,102,78,1.30769230769231,0.190400949761233,535.711613455239,535711613.455239,1.35734336314077e-05,0.0709345098231066,0.444610488266515
"108","1936",199377.751005508,104.628660669254,34.100976171042,47.1138155399661,11.0042394315311,6173.090979486,11.8321737677452,59,50,1.18,0.199377751005508,295.92068173329,295920681.73329,1.18321737677452e-05,0.0309617845940867,0.141815343838537
"109","1937",267432.341686659,199.589935733415,123.207024100512,62.6946453008815,22.5545186822313,26944.641324011,17.2725079496159,135,104,1.29807692307692,0.267432341686659,504.800575534633,504800575.534633,1.72725079496159e-05,0.100753114429148,1.09857874810824
"110","1938",562259.72541858,124.904795089304,57.1626181444416,46.0995388915429,11.9154031888379,40718.963199113,13.2231000066741,326,265,1.23018867924528,0.56225972541858,579.803221291203,579803221.291203,1.32231000066741e-05,0.0724202025474959,0.433414564261242
"111","1939",458096.960684707,182.755354011732,106.375199103672,53.4725589788475,15.6522262319554,53912.829433461,16.4049790978191,295,223,1.32286995515695,0.458096960684707,643.968472436644,643968472.436644,1.6404979097819e-05,0.117688686152553,1.14039965727793
"112","1940",379099.412176132,139.569463620719,81.1187715404194,49.6093891883203,15.780070966575,53594.674030356,14.3343098280016,384,191,2.01047120418848,0.379099412176132,1012.92692013353,1012926920.13353,1.43343098280016e-05,0.141373666930023,1.04562271550308
"113","1941",443147.216137075,128.915953896369,89.1911175150559,54.1731158591475,24.3718609040857,135490.667545084,14.1267496632959,1051,68,15.4558823529412,0.443147216137075,2371.67235114685,2371672351.14685,1.41267496632959e-05,0.305746403477741,2.30947589926088
"114","1942",178406.052984851,129.405315989706,56.1498474125863,47.4370029359608,13.8980853968125,13199.34223095,13.3965072160223,102,78,1.30769230769231,0.178406052984851,571.729480549974,571729480.549974,1.33965072160223e-05,0.0739848340911998,0.45024268238459
"115","1943",190037.617386099,232.445248245329,114.207152518804,60.7992911893816,17.8072149015558,17665.838866645,18.1474478432689,76,58,1.31034482758621,0.190037617386099,399.920821179267,399920821.179267,1.81474478432689e-05,0.0929596945574905,1.06053740375934
"116","1944",514822.809577193,141.155568594773,84.0681036375596,47.8138070599945,16.767505644669,50957.160262713,14.4606035310717,361,278,1.29856115107914,0.514822809577193,701.212132182872,701212132.182872,1.44606035310717e-05,0.0989799972238263,0.749695398416569
"117","1945",321056.859898551,178.974683572561,111.052315349194,64.0762044381792,35.7097917899065,37942.632917383,16.3708650953611,212,134,1.58208955223881,0.321056859898551,660.319172332866,660319172.332866,1.63708650953611e-05,0.11818041492517,1.159658653306
"118","1946",285860.165481715,135.370301258965,56.1378877783705,47.1999492602953,12.820036024452,34384.056519777,13.6578897368187,254,124,2.04838709677419,0.285860165481715,888.546326739768,888546326.739768,1.36578897368187e-05,0.120282783933309,0.755969426605542
"119","1947",399371.004030084,207.691839317062,141.660432591569,69.135264179631,38.2599655833099,69784.458010533,17.8870132660549,336,187,1.79679144385027,0.399371004030084,841.322971896802,841322971.896802,1.78870132660549e-05,0.174735915492944,2.10573546036103
"120","1948",211149.500919997,117.921490798173,48.9373462945397,42.0104535645354,9.07894509415303,14976.029331368,12.7461363625988,127,106,1.19811320754717,0.211149500919997,601.469572254018,601469572.254018,1.27461363625988e-05,0.0709261886299334,0.388166141307339
"121","1949",609783.162006421,173.78068277829,111.353897920201,74.6217631037735,30.9866987247853,68295.808331868,16.2078543853715,393,271,1.45018450184502,0.609783162006421,644.491393804445,644491393.804445,1.62078543853715e-05,0.112000154460068,1.08744919074706
"122","1950",686931.192659659,118.404005193284,40.2738230294773,42.5969736103435,8.59190517995721,77554.623401601,12.6184901838684,655,442,1.48190045248869,0.686931192659659,953.516170177062,953516170.177063,1.26184901838684e-05,0.112900133565525,0.59108152656842
"123","1951",123991.622261832,193.985251773916,93.880287054883,58.301184153662,18.09705476741,13772.952875948,16.5537496146828,71,52,1.36538461538462,0.123991622261832,572.619332700317,572619332.700317,1.65537496146828e-05,0.111079705424482,1.05133538398007
"124","1952",326392.123396568,224.806254807218,133.188301778789,78.7364968917818,24.4086527795101,37093.032043191,18.2327649170959,165,120,1.375,0.326392123396568,505.526905131605,505526905.131605,1.82327649170959e-05,0.11364561024692,1.36597940480569
"125","1953",269111.008447735,268.703700366486,217.961615998605,67.8187274135496,26.8655888499252,59652.22148136,20.9793701453841,222,85,2.61176470588235,0.269111008447735,824.938382418924,824938382.418924,2.09793701453841e-05,0.221663995930309,3.90733852591835
"126","1954",120637.848137477,174.10931224416,70.4061324758636,64.45865921364,15.6325696211752,8705.465612208,15.4526912285725,50,43,1.16279069767442,0.120637848137477,414.463626232961,414463626.232961,1.54526912285725e-05,0.0721619769136415,0.577820141636955
"127","1955",110815.826816306,282.194211232882,179.790083950936,65.8234927770941,24.6663941313883,23986.507954795,20.6228872856504,85,50,1.7,0.110815826816306,767.038449669291,767038449.669291,2.06228872856504e-05,0.216453810289719,3.39238203139977
"128","1956",262164.706746788,109.07820182508,41.3457565182294,60.7994383015467,13.6330780660915,8180.865136881,12.1819786494119,75,60,1.25,0.262164706746788,286.079697495052,286079697.495052,1.21819786494119e-05,0.0312050589814231,0.154045182466788
"129","1957",198325.538256721,211.194446215237,115.248735583831,59.4163443734359,19.6927081563541,32946.333609577,17.4959462851457,156,95,1.64210526315789,0.198325538256721,786.585536947173,786585536.947173,1.74959462851457e-05,0.166122496876473,1.80212723685511
"130","1958",84972.9560104082,217.200392335718,128.026915160021,55.7951743165493,17.3370714334291,15421.227855836,17.9006084215564,71,40,1.775,0.0849729560104082,835.559963234695,835559963.234695,1.79006084215564e-05,0.181483951834594,2.09767662519866
"131","1959",95797.632311036,235.116409710791,121.870713635527,61.3165593336716,18.6171751800434,15752.799450623,18.3480827346511,67,45,1.48888888888889,0.095797632311036,699.390980587748,699390980.587748,1.83480827346511e-05,0.164438296339901,1.938083719865
"132","1960",787359.327704887,187.109077662606,126.247055879585,59.1026236194357,21.5560202164671,85883.066647136,16.9497418737641,459,333,1.37837837837838,0.787359327704887,582.961278096447,582961278.096447,1.69497418737641e-05,0.10907734705764,1.17647258322493
"133","1961",580355.430019185,184.083365706422,99.5871954130415,61.0282037017477,18.0450995572036,60563.427317413,16.3214782467694,329,257,1.28015564202335,0.580355430019185,566.893980795741,566893980.795741,1.63214782467694e-05,0.104355751983592,0.983624992253328
"134","1962",338633.440020441,114.365498967336,53.281317230843,53.198138168084,11.8661473734165,13609.494377113,12.6697149533481,119,97,1.22680412371134,0.338633440020441,351.412429891203,351412429.891203,1.26697149533481e-05,0.0401894578878314,0.221398279938056
"135","1963",107702.722743,204.902443917976,80.0084922109611,67.9054898276219,15.2819364265674,16802.000401274,16.7286351450334,82,48,1.70833333333333,0.107702722743,761.354939890129,761354939.890129,1.67286351450334e-05,0.156003487872511,1.4578705191548
"136","1964",152696.796496258,125.741212245225,67.0582383164008,49.1329004633046,14.1490420669234,18986.923049029,13.4651344541246,151,67,2.25373134328358,0.152696796496258,988.88780553887,988887805.53887,1.34651344541246e-05,0.124343951442978,0.79483969106839
"137","1965",117825.923877771,127.05256274669,38.8261346595385,52.330436783069,9.57681314503371,3684.524319654,12.9963053066121,29,26,1.11538461538462,0.117825923877771,246.125801908277,246125801.908277,1.29963053066121e-05,0.0312709138905307,0.171682690946709
"138","1966",141167.907031464,138.05137483424,55.1775324952672,50.6148214103082,14.8975602891478,20155.500725799,13.7551114980292,146,78,1.87179487179487,0.141167907031464,1034.22940149888,1034229401.49888,1.37551114980292e-05,0.142776790770913,0.905238648095585
"139","1967",80240.5997392529,145.349055926094,64.4317680593929,55.2717436546353,13.8712725556284,12354.669753718,14.2209921637704,85,47,1.80851063829787,0.0802405997392529,1059.31411624805,1059314116.24805,1.42209921637704e-05,0.153970306725838,1.05933688726644
"140","1968",148547.633864167,130.983231315714,51.8374282876929,49.3483193999619,10.9995572321436,13753.23928815,13.3881555888472,105,71,1.47887323943662,0.148547633864167,706.843975017554,706843975.017554,1.33881555888472e-05,0.0925847078838432,0.555259900373898
"141","1969",76507.8866494218,307.15940632825,132.98602595992,70.1890669062143,18.1590494852522,17200.926754382,20.6292894008579,56,35,1.6,0.0765078866494218,731.950684464805,731950684.464805,2.06292894008579e-05,0.224825537701766,3.24122098582582
"142","1970",556456.811809992,144.708798195107,73.219053659718,50.2462585958316,15.4067302309241,56725.848892482,14.3679366519105,392,277,1.41516245487365,0.556456811809992,704.457186398596,704457186.398596,1.43679366519105e-05,0.101941152823647,0.734043790220182
"143","1971",214904.391796102,210.799542613468,134.214726252286,61.1679851909167,25.4894690381955,32884.728647701,17.829423387469,156,108,1.44444444444444,0.214904391796102,725.904197193003,725904197.193003,1.7829423387469e-05,0.153020272749482,1.79356965241229
"144","1972",239383.465646052,216.240816168946,113.379602534108,59.9464247776081,19.4021500423794,32003.640793004,17.6252662863184,148,104,1.42307692307692,0.239383465646052,618.254897432348,618254897.432348,1.76252662863184e-05,0.133691943621219,1.45881446455293
"145","1973",207239.091740141,271.555534297055,188.09535950066,66.2357755467165,27.0268107009675,34487.552855726,20.4953752564282,127,75,1.69333333333333,0.207239091740141,612.818744444443,612818744.444443,2.04953752564282e-05,0.166414321574861,2.6439015850188
"146","1974",219097.08860125,138.642381976937,107.634875054904,77.8117776440544,52.7177837678444,33135.529292488,14.9432945230029,239,82,2.91463414634146,0.21909708860125,1090.84060188026,1090840601.88026,1.49432945230029e-05,0.151236739401835,1.32995352905531
"147","1975",67045.9121054195,222.613672751132,159.227725231048,81.651223153579,38.8189462662331,16918.639129086,18.6468670907695,76,28,2.71428571428571,0.0670459121054195,1133.55158597144,1133551585.97144,1.86468670907695e-05,0.252344081805972,3.35084652815978
"148","1976",405208.142617491,191.353620746881,99.8845300400563,72.8399315710206,25.6198276770443,37122.602424895,16.5735529504786,194,157,1.23566878980892,0.405208142617491,478.766292174766,478766292.174766,1.65735529504786e-05,0.0916136634992008,0.883234030239029
"149","1977",157178.352122632,168.57527006908,71.1312831113195,51.857206319376,13.0247743269214,21071.908758635,15.258479152838,125,85,1.47058823529412,0.157178352122632,795.27491102893,795274911.02893,1.5258479152838e-05,0.134063682905865,1.05402769778682
"150","1978",193764.85447932,180.933839476709,124.767693073982,57.2526768002524,23.8698605343117,18636.185466101,16.7151647594245,103,70,1.47142857142857,0.19376485447932,531.572148503293,531572148.503293,1.67151647594245e-05,0.0961793897875839,1.0145994257948
"151","1979",68100.3152528512,77.5452457574062,18.1817524948649,37.3989864240937,7.2169414527666,2481.447864237,10.066214661926,32,18,1.77777777777778,0.0681003152528512,469.895034717335,469895034.717335,1.0066214661926e-05,0.0364381259473407,0.117965592386208
"152","1980",144219.953742558,121.315702802577,42.6915440142949,44.3722703822019,9.37598178595089,25233.666182936,12.7947512266208,208,63,3.3015873015873,0.144219953742558,1442.2414832506,1442241483.2506,1.27947512266208e-05,0.174966539151578,0.945050714230045
"153","1981",61039.0176230733,123.512762952121,53.4541493323081,45.3285024774091,10.973733796882,8151.84235484,13.082517555744,66,45,1.46666666666667,0.0610390176230733,1081.27559338457,1081275593.38457,1.3082517555744e-05,0.133551336051623,0.774446554672614
"154","1982",425742.582308767,103.055163461877,36.3989509885871,47.2437251870233,10.5713745621864,31019.604202025,11.7954321987796,301,230,1.30869565217391,0.425742582308767,706.999986629718,706999986.629718,1.17954321987796e-05,0.0728599991896705,0.334629779283317
"155","1983",296774.374326933,166.990681589554,90.4520077592807,54.092432317738,16.1581501573685,55440.906287732,15.5474697485793,332,119,2.78991596638655,0.296774374326933,1118.69497072635,1118694970.72635,1.55474697485793e-05,0.1868116356524,1.59823381284945
"156","1984",470620.291134044,141.126775321619,61.882737248808,48.8321136283909,13.3307917022155,96389.587544666,14.0064518652109,683,205,3.33170731707317,0.470620291134044,1451.27614101421,1451276141.01421,1.40064518652109e-05,0.204813921882539,1.36569064656053
"157","1985",826541.178655318,153.071560994971,105.331305458473,60.7973689580903,27.2281299137623,213687.899148979,15.3803185544259,1396,228,6.12280701754386,0.826541178655318,1688.96606249083,1688966062.49083,1.53803185544259e-05,0.258532671653,2.31085125928576
"158","1986",211798.68031822,127.631451587664,50.393874385986,49.1691395698705,16.4894092750323,46330.216926322,13.2167120549868,363,104,3.49038461538462,0.21179868031822,1713.89169873299,1713891698.73299,1.32167120549868e-05,0.218746485373339,1.27869461378423
