"","number","site","site_type","site_replicate","species_site_replicate","species","species_replicate","micro","diam_tig_princip_mm","diam_tig_lat_mm","diam_rac_pivot_mm","diam_rac_lat_mm","conicite_mm","empreinte_mm","empreinte_photo_mm","x_mm","y_mm","y_photo_mm","prof_pivot_mm","axes_caul_totaux","axes_caul_morts","axes_caul_inflo","axes_rac_lat","inclinaison_axe_principal","complex_rac","mean_vessel_size_µm2_Tige","std_dev_vessel_size_µm2_Tige","mean_vessel_perim_µm_Tige","std_dev_perim_µm_Tige","sum_vessel_area_µm2_Tige","count_vessel_Tige","count_cluster_Tige","vessel_grouping_Tige","dh_Tige","vessel_density_per_mm2_Tige","vessel_area_Tige","Kth_Tige","Ring_Size_Year_2024_Tige","Ring_Size_Year_2023_Tige","Ring_Size_Year_2022_Tige","Ring_Size_Year_2021_Tige","mean_vessel_size_µm2_Racine","std_dev_vessel_size_µm2_Racine","mean_vessel_perim_µm_Racine","std_dev_perim_µm_Racine","sum_vessel_area_µm2_Racine","count_vessel_Racine","count_cluster_Racine","vessel_grouping_Racine","dh_Racine","image_surface_rectified_mm2_Racine","vessel_density_per_mm2_Racine","vessel_area_Racine","Kth_Racine","Ring_Size_Year_2024_Racine","Ring_Size_Year_2023_Racine","Ring_Size_Year_2022_Racine","Ring_Size_Year_2021_Racine"
"1",1,"T1","T",1,"Ho1","Ho",1,0,4.82,1.77,4.45,2.48,25,115,88,263,24,83,11,11,2,5,4,1,8,NA,NA,NA,NA,NA,NA,NA,NA,NA,NA,NA,NA,NA,NA,NA,NA,108.650915364783,42.8214255040554,53.8004880583913,17.7630975050073,2498.97105339,23,20,1.15,12.1761991200288,0.0442192202328126,520.135811506983,0.0565132320342378,0.279546120486976,31.436,56.001,49.258,53.898
"2",2,"T1","T",1,"Ho2","Ho",2,0,5.48,3.2,5.18,1.94,15,81,56,233,12,28,47,5,0,5,3,1,7,142.800301621181,55.7616709201151,53.3372012205308,13.1753770106568,37128.078421507,260,86,3.02325581395349,13.9692381468743,1377.76370597999,0.196745072776659,1.28278942808549,155.327,148.827,135.864,66.336,145.37124085707,91.4067167043337,52.8210218227619,23.6366917991179,58003.125101971,399,242,1.64876033057851,14.7839064811273,0.389685061224695,1023.90376152997,0.148846160331833,1.19592986732663,145.97,81.77,144.662,262.992
"3",3,"T1","T",1,"Ho3","Ho",3,0,4.24,1.51,3.77,1.91,25,117,126,161,13,39,130,9,1,7,1,0,6,120.953813141926,41.2602700254631,44.5999960770514,8.53255568408333,21166.917299837,175,108,1.62037037037037,12.7541574329562,787.515462224942,0.0952529980643329,0.50951377567153,115.242,69.629,84.772,173.738,163.381834883311,94.5295425997918,63.6077154778667,22.1553823376179,36760.912848745,225,93,2.41935483870968,15.4983788945409,0.210107418764939,1070.88079670201,0.174962469506476,1.51069215516144,112.419,47.851,105.907,168.807
"4",4,"t1","T",1,"Ho1","Ho",1,1,5.09,1.92,NA,NA,NA,91,100,143,19,NA,NA,13,3,2,NA,0,NA,127.67118627451,45.681375884808,NA,NA,39067.383,306,205,1.49268292682927,13.1383506128203,1065.02337342377,0.135972797495093,0.775911655172075,185.77,255.952,209.325,374.85,NA,NA,NA,NA,NA,NA,NA,NA,NA,NA,NA,NA,NA,NA,NA,NA,NA
"5",5,"t1","T",1,"Ho2","Ho",2,1,5.16,4.38,3.71,NA,32,112,91,253,24,71,NA,9,1,5,NA,NA,NA,146.338340625,56.7473376135971,NA,NA,46828.269,320,119,2.6890756302521,14.1351229577908,932.689237853764,0.136488195386316,0.910384961803931,164.122,177.316,177.767,162.034,NA,NA,NA,NA,NA,NA,NA,NA,NA,NA,NA,NA,NA,NA,NA,NA,NA
"6",6,"t1","T",1,"Ho3","Ho",3,1,3.19,2,NA,NA,NA,104,115,104,118,128,72,3,0,3,NA,0,NA,103.055163461877,36.3989509885871,47.2437251870233,10.5713745621864,31019.604202025,301,230,1.30869565217391,11.7954321987796,706.999986629718,0.0728599991896705,0.334629779283317,159.134,181.064,373.281,162.75,NA,NA,NA,NA,NA,NA,NA,NA,NA,NA,NA,NA,NA,NA,NA,NA,NA
"7",7,"T1","T",1,"Fe1","Fe",1,0,5.4,4.59,4.49,2.36,16,165,196,NA,NA,130,36,5,0,5,7,0,6,226.979325474705,156.549330633665,72.0390699962708,29.497564340199,84663.288402065,373,279,1.33691756272401,18.7328385151665,401.446381151389,0.0911200288080036,1.20873654200095,347.226,320.382,118.584,174.431,236.760605368101,151.989669768187,70.0378974902785,27.3816110737248,37408.17564816,158,123,1.28455284552846,18.9180295311298,0.439371516473847,359.604558046959,0.0851401928563266,1.12620780070438,276.58,256.922,86.733,140.899
"8",8,"T1","T",1,"Fe2","Fe",2,0,5.76,4.33,2.84,2.08,51,65,62,145,80,90,27,2,1,1,4,1,6,140.2444855106,72.0960544145212,51.7017752388538,16.3110969470041,18231.783116378,130,79,1.64556962025316,14.1639172244229,764.641283755059,0.107236723440393,0.752455826572276,117.859,134.277,86.834,60.911,181.47452768584,95.795788912437,59.49766088248,17.0181512672121,13610.589576438,75,42,1.78571428571429,16.1523237477837,0.0851290219138188,881.015643242407,0.159881897741252,1.46626818000407,57.048,191.017,43.024,52.855
"9",9,"T1","T",1,"Fe3","Fe",3,0,3.26,2.86,2.93,1.2,22,155,156,168,185,182,55,7,0,3,3,1,8,162.451122100811,90.5527386950436,68.6036526297673,19.5055250461513,25829.728414029,159,128,1.2421875,15.3826523292486,529.293253627112,0.0859842829721137,0.724621145734687,176.05,122.087,176.31,119.448,182.171098007366,98.4974287763251,56.6756115175,14.9174573201647,33883.82422937,186,142,1.30985915492958,16.2333074619777,0.328348696985648,566.470955138677,0.103194635886894,0.961823649736895,204.253,180.308,163.309,106.935
"10",10,"t1","T",1,"Fe1","Fe",1,1,5.11,4.59,3.97,1.88,24,177,167,177,75,131,26,3,0,1,2,0,NA,216.240816168946,113.379602534108,59.9464247776081,19.4021500423794,32003.640793004,148,104,1.42307692307692,17.6252662863184,618.254897432348,0.133691943621219,1.45881446455293,112.014,105.709,94.197,110.069,271.555534297055,188.09535950066,66.2357755467165,27.0268107009675,34487.552855726,127,75,1.69333333333333,20.4953752564282,0.207239091740141,612.818744444443,0.166414321574861,2.6439015850188,146.132,74.859,103.517,92.8
"11",11,"t1","T",1,"Fe2","Fe",2,1,7.61,5.43,7.02,4.8,22,245,275,260,145,145,43,2,0,1,5,0,NA,189.201158903773,100.454515985625,59.5805857064067,20.1139969474116,28380.173835566,150,102,1.47058823529412,16.5090087183357,713.920531134671,0.135074591855877,1.29665251359274,96.336,135.947,108.17,107.671,238.526676199042,141.446589640042,66.174385497241,24.6270309169614,86108.130107854,361,256,1.41015625,18.7871694718573,0.621812557561452,580.560806645214,0.138479239540517,1.76840963524563,284.825,106.935,128.745,176.92
"12",12,"t1","T",1,"Fe3","Fe",3,1,4.12,2.18,3.35,1.4,27,279,350,315,257,227,35,6,0,6,2,0,6,159.247003809207,81.9617233129117,51.0848421196568,16.0999871643239,53825.487287512,338,233,1.45064377682403,15.0986225288331,714.810935136075,0.113831499710477,0.908301948113984,214.558,120.356,159.299,108.844,215.725116678274,118.110686160381,59.8179398607338,18.8492889417521,56735.705686386,263,202,1.3019801980198,17.6919679931449,0.42151511292514,623.939668912199,0.134599457876288,1.49464111650523,189.476,172.799,108.969,147.567
"13",13,"T1","T",1,"Ft1","Ft",1,0,8.24,3.87,8.33,3.54,27,187,177,187,124,NA,53,3,0,3,3,1,4,222.593039510364,164.689805329473,84.8466671334091,40.3050978332296,9794.093738456,44,29,1.51724137931034,18.7385304159225,598.468429806235,0.133214906841565,1.80415191913804,66.466,107.275,166.405,87.937,405.530285974663,243.605376216823,89.709678557163,35.4730488279944,37308.786309669,92,53,1.73584905660377,24.5248248038774,0.146397209995059,628.427276743218,0.254846293251956,5.55863847048281,76.459,49.158,116.377,53.501
"14",14,"T1","T",1,"Ft2","Ft",2,0,12.53,4.09,11.26,2.37,17,177,135,177,104,110,15,5,0,4,4,0,7,148.040145878188,81.1406266642597,49.3696415827321,16.3122998711932,16580.496338357,112,82,1.36585365853659,14.6534842324756,604.280416584186,0.0894577610224547,0.681227030981568,29.29,39.552,187.253,420.074,218.001106307597,101.63519641193,60.7534008921009,17.4155765951084,49704.252238132,228,140,1.62857142857143,17.4966021423533,0.31316540118256,728.049775419115,0.158715656488364,1.66826748397788,51.625,241.797,146.506,183.33
"15",15,"T1","T",1,"Ft1","Ft",1,0,8.24,4.47,6.64,3.68,32,66,146,66,203,180,32,2,0,2,1,0,6,128.470471309546,58.6402053010458,46.6913941626011,14.1373714804937,23510.096249647,183,127,1.44094488188976,13.406091000464,861.392266509435,0.110663470460866,0.680298271742251,42.913,187.46,229.738,132.495,210.337878306878,108.976288013997,NA,NA,39753.859,189,118,1.60169491525424,17.3623571651656,0.230164817099989,821.150697058508,0.172719095389501,1.82451465772526,28.277,247.528,217.227,83.858
"16",16,"t1","T",1,"Ft1","Ft",1,1,13.39,3.18,10.72,7.87,15.57,135,153,205,27,NA,24,8,0,5,2,1,8,144.708798195107,73.219053659718,50.2462585958316,15.4067302309241,56725.848892482,392,277,1.41516245487365,14.3679366519105,704.457186398596,0.101941152823647,0.734043790220182,580.924,848.096,259.858,313.5,210.799542613468,134.214726252286,61.1679851909167,25.4894690381955,32884.728647701,156,108,1.44444444444444,17.829423387469,0.214904391796102,725.904197193003,0.153020272749482,1.79356965241229,156.207,194.866,112.517,195.888
"17",17,"t1","T",1,"Ft2","Ft",2,1,7.57,6.61,5.37,3.46,33,203,208,203,116,198,66,2,0,2,3,0,6,139.070849673203,55.6704975251197,NA,NA,21277.84,153,84,1.82142857142857,13.8074113318931,691.625008974708,0.0961848776533491,0.614623961869044,97.366,286.161,101.256,360.201,133.4525264974,81.9690634540286,46.3433461999455,18.9850775713914,14679.777914714,110,69,1.59420289855072,14.1124402770837,0.129569472409713,848.965407933188,0.11329657859758,0.823357052743001,45.03,164.365,50.412,91.747
"18",18,"t1","T",1,"Ft3","Ft",3,1,8.62,6.13,6.75,4.44,18.6,125,162,175,61,128,29,5,0,3,3,0,6,NA,NA,NA,NA,NA,NA,NA,NA,NA,NA,NA,NA,NA,NA,NA,NA,164.117494623656,68.4517516175704,NA,NA,15262.927,93,85,1.09411764705882,15.0408733761977,0.116560183032843,797.871087537633,0.130944603919328,0.998423271907538,79.787,102.585,121.565,148.794
"19",19,"T1","T",1,"Ho3","Ho",3,0,6.39,2.85,5.23,3.38,21,95,156,178,18,44,8,5,0,5,2,0,6,165.353746286739,79.4179583895908,53.2986075685749,13.9090697596503,108141.350071527,654,363,1.80165289256198,15.281543242102,989.474096004335,0.163613248628001,1.31935915465841,248.162,454.406,271.626,56.537,150.647777777778,67.6925470033549,NA,NA,123380.53,819,319,2.56739811912226,14.5004697792399,0.866014006157155,945.712187305406,0.142469439434921,1.02229685077618,179.438,234.512,410.665,600.765
"20",19,"T1","T",1,"Ho3","Ho",3,0,6.39,2.85,5.23,3.38,21,95,156,178,18,44,8,5,0,5,2,0,6,165.353746286739,79.4179583895908,53.2986075685749,13.9090697596503,108141.350071527,654,363,1.80165289256198,15.281543242102,989.474096004335,0.163613248628001,1.31935915465841,248.162,454.406,271.626,56.537,150.647777777778,67.6925470033549,NA,NA,123380.53,819,319,2.56739811912226,14.5004697792399,0.866014006157155,945.712187305406,0.142469439434921,1.02229685077618,179.438,234.512,410.665,600.765
"21",20,"T2","T",2,"Ho2","Ho",2,0,7.16,3.04,5.7,2.28,10,115,147,177,17,NA,19,17,6,2,2,1,8,174.859804600127,106.440704275256,67.4649258221381,32.8135951466336,300059.424693818,1716,496,3.45967741935484,16.1438049726184,1365.42790335048,0.238758456375425,2.26768188200918,281.775,532.844,252.048,241.62,132.895327441265,54.0356247517479,46.4353134002393,10.2740534401976,137147.977919385,1032,556,1.85611510791367,13.5147133687226,0.899299650425245,1147.55965879894,0.152505316614471,0.936035622189276,158.375,395.654,313.979,284.668
"22",21,"T2","T",2,"Ho3","Ho",3,0,4.49,1.6,3.79,1.69,8,117,125,224,14.2,NA,NA,10,0,10,2,NA,7,133.354345750096,58.2523533694021,53.351943548399,13.4640876965037,26404.160458519,198,139,1.42446043165468,13.6091756927294,722.824981738365,0.0963918525315447,0.606247811923235,263.745,125.593,131.868,95.238,175.684691699187,109.034547545114,58.6718125936817,24.454851503106,81693.381640122,465,79,5.88607594936709,16.2230832013665,0.293181299150681,1586.0493194725,0.278644585711231,2.6862103430289,202.403,121.767,159.299,99.43
"23",22,"t2","T",2,"Ho1","Ho",1,1,4.59,2.88,NA,NA,NA,135,132,248,7,36,32,4,0,2,NA,0,NA,153.071560994971,105.331305458473,60.7973689580903,27.2281299137623,213687.899148979,1396,228,6.12280701754386,15.3803185544259,1688.96606249083,0.258532671653,2.31085125928576,542.267,404.026,99.446,178.609,NA,NA,NA,NA,NA,NA,NA,NA,NA,NA,NA,NA,NA,NA,NA,NA,NA
"24",23,"t2","T",2,"Ho2","Ho",2,1,5.83,2.69,NA,NA,NA,163,175,163,11,NA,17,5,0,5,3,0,5,127.631451587664,50.393874385986,49.1691395698705,16.4894092750323,46330.216926322,363,104,3.49038461538462,13.2167120549868,1713.89169873299,0.218746485373339,1.27869461378423,160.989,237.328,164.325,118.781,NA,NA,NA,NA,NA,NA,NA,NA,NA,NA,NA,NA,NA,NA,NA,NA,NA
"25",24,"t2","T",2,"Ho3","Ho",3,1,4.84,2.79,NA,NA,NA,127,90,127,17,104,NA,9,0,1,NA,0,NA,NA,NA,NA,NA,NA,NA,NA,NA,NA,NA,NA,NA,NA,NA,NA,NA,NA,NA,NA,NA,NA,NA,NA,NA,NA,NA,NA,NA,NA,NA,NA,NA,NA
"26",25,"T2","T",2,"Fe1","Fe",1,0,6.79,4.81,6.95,3.04,10,385,450,385,36,139,92,9,0,2,4,0,5,169.793973060543,117.319675880782,52.5563436436623,18.4970494470238,25638.889932142,151,60,2.51666666666667,16.2016524510337,1112.75218053897,0.188938613765494,1.87467266889228,57.156,78.787,104.815,78.815,NA,NA,NA,NA,NA,NA,NA,NA,NA,NA,NA,NA,NA,NA,NA,NA,NA
"27",26,"T2","T",2,"Fe2","Fe",2,0,4.25,3.33,4.2,2.57,9,203,146,203,185,169,22,4,0,2,2,1,3,156.303972826087,85.0324030213743,NA,NA,28759.931,184,139,1.32374100719424,15.0471029226191,970.549193895,0.151700694828945,1.21651891670088,123.062,182.122,211.996,185.246,266.597611565781,176.371808692131,70.2699232254375,27.649896300402,34124.49428042,128,74,1.72972972972973,20.1622679643686,0.177369994426066,721.655319515471,0.192391584556565,2.91592999862298,85.353,148.1,165.201,113.513
"28",27,"T2","T",2,"Fe3","Fe",3,0,5.92,4.28,5.95,2.26,15,295,281,323,NA,149,51,2,0,2,4,1,4,171.400223529648,85.2602005474226,78.2683789852682,22.1435332698756,30680.640011807,179,138,1.29710144927536,15.6079292155186,533.3647767946,0.0914188419654353,0.773918495697082,116.964,90.877,155.066,174.781,197.854602548192,112.801892371305,60.1618288780673,21.3068950251175,20576.878665012,104,76,1.36842105263158,17.018810834905,0.211788002124829,491.057089903997,0.0971579053514272,1.0072530178045,86.293,114.222,87.489,141.858
"29",28,"T2","T",2,"Fe1","Fe",1,0,4.43,2.75,5.22,NA,45,205,284,253,295,350,75,6,1,2,3,0,5,194.270620611394,101.673123848039,60.9454391711408,16.7306347942808,13793.214063409,71,48,1.47916666666667,16.6960404029739,700.332533677948,0.136054035951965,1.33060146386182,81.116,68.552,63.843,72.744,179.510916666667,87.23294534601,NA,NA,15078.917,84,35,2.4,15.9320137848586,0.111532951611632,753.140652930048,0.135196968986405,1.18644751645046,111.833,97.688,65.494,105.979
"30",29,"T2","T",2,"Fe2","Fe",2,0,3.92,3.26,NA,NA,32,NA,181,295,237,193,18,2,0,2,2,1,5,NA,NA,NA,NA,NA,NA,NA,NA,NA,NA,NA,NA,NA,NA,NA,NA,NA,NA,NA,NA,NA,NA,NA,NA,NA,NA,NA,NA,NA,NA,NA,NA,NA
"31",30,"T2","T",2,"Fe3","Fe",3,0,5.05,2.97,NA,NA,14,182,204,194,115,115,17,5,0,3,2,0,6,NA,NA,NA,NA,NA,NA,NA,NA,NA,NA,NA,NA,NA,NA,NA,NA,NA,NA,NA,NA,NA,NA,NA,NA,NA,NA,NA,NA,NA,NA,NA,NA,NA
"32",31,"T2","T",2,"Ft1","Ft",1,0,9.55,6.89,9.49,5.18,24.11,NA,317,317,138,194,71,3,0,3,5,0,5,229.849802516293,147.758119205084,76.7776017457531,43.8969074908654,54934.102801394,239,76,3.14473684210526,18.6465749659741,1105.38225157722,0.254071892230039,3.26737152818674,120.47,182.404,117.01,143.442,219.631912122214,112.661512522416,59.1383354547013,20.0124648610906,33823.314466821,154,101,1.52475247524752,17.7221865193805,0.214454264874684,718.101829730407,0.15771807796215,1.73198845378192,120.056,150.739,161.817,228.153
"33",32,"T2","T",2,"Ft2","Ft",2,0,5.27,3.74,4.83,2.93,22,NA,131,146,117,128,29,2,0,2,3,0,4,100.990306941764,36.4691281584398,48.7777902399583,13.0795549750405,7271.302099807,72,63,1.14285714285714,11.6877049807015,448.080384001962,0.0452517755149416,0.204438479176636,178.505,130.504,99.622,192.456,111.774411674149,41.0456909910072,55.6450144411702,11.5669190670534,5253.397348685,47,38,1.23684210526316,12.3051243940102,0.085045786765333,552.64348520506,0.0617714004243468,0.309798160978754,63.424,131.754,65.87,101.497
"34",33,"T2","T",2,"Ft3","Ft",3,0,6.68,3.94,6.5,3.99,19,127,109,127,NA,51,22,3,0,3,3,0,3,NA,NA,NA,NA,NA,NA,NA,NA,NA,NA,NA,NA,NA,NA,NA,NA,215.908405633963,120.631922473206,63.1694478336,22.8229871620729,29147.634760585,135,112,1.20535714285714,17.7376269589003,0.230678547633508,585.22997211896,0.126356070209413,1.41644062757671,167.465,332.891,97.691,195.989
"35",34,"t2","T",2,"Ft1","Ft",1,1,10.56,7.81,9.43,5.38,38,210,201,210,NA,121,30,2,0,2,2,0,6,191.353620746881,99.8845300400563,72.8399315710206,25.6198276770443,37122.602424895,194,157,1.23566878980892,16.5735529504786,478.766292174766,0.0916136634992008,0.883234030239029,133.807,221.589,173.034,344.29,NA,NA,NA,NA,NA,NA,NA,NA,NA,NA,NA,NA,NA,NA,NA,NA,NA
"36",35,"t2","T",2,"Ft2","Ft",2,1,10.24,5.68,8.94,6.82,9,125,121,210,40,88,169,3,0,1,2,0,5,180.933839476709,124.767693073982,57.2526768002524,23.8698605343117,18636.185466101,103,70,1.47142857142857,16.7151647594245,531.572148503293,0.0961793897875839,1.0145994257948,138.749,106.899,122.498,182.055,77.5452457574062,18.1817524948649,37.3989864240937,7.2169414527666,2481.447864237,32,18,1.77777777777778,10.066214661926,0.0681003152528512,469.895034717335,0.0364381259473407,0.117965592386208,81.907,65.786,82.189,110.633
"37",36,"t2","T",2,"Ft3","Ft",3,1,10.71,5.85,6.35,5.02,20,87,77,130,89,71,93,3,0,3,0,1,3,130.983231315714,51.8374282876929,49.3483193999619,10.9995572321436,13753.23928815,105,71,1.47887323943662,13.3881555888472,706.843975017554,0.0925847078838432,0.555259900373898,74.859,92.635,127.699,133.171,307.15940632825,132.98602595992,70.1890669062143,18.1590494852522,17200.926754382,56,35,1.6,20.6292894008579,0.0765078866494218,731.950684464805,0.224825537701766,3.24122098582582,35.013,58.167,44.266,90.72
"38",37,"T3","T",3,"Ho1","Ho",1,0,6.92,5.01,4.83,2.28,40,60,123,134,88,NA,11,4,0,3,4,0,5,112.72942384106,37.5946571246841,NA,NA,170221.43,1510,257,5.87548638132296,12.3003193815075,1145.92441873925,0.129179399489877,0.641373886581265,216.646,386.185,268.45,178.971,152.859306976715,76.2763389312944,49.8288265349644,13.0238528965594,38673.404665109,253,46,5.5,14.7453760684243,0.158771593336578,1593.48404008057,0.243578866045173,1.84187807597739,65.48,136.296,57.383,120.011
"39",38,"T3","T",3,"Ho2","Ho",2,0,6.16,3.03,4.31,2.36,24,130,150,195,22,103,16,4,0,3,3,1,7,134.613989414956,70.7033131356308,53.4999199282752,14.2804006160338,54787.893691887,407,273,1.49084249084249,13.9121348895222,837.143588079065,0.112691238104473,0.766769486169605,216.646,398.747,177.505,158.626,246.81719047619,189.305318862341,NA,NA,10366.322,42,17,2.47058823529412,19.8569230040487,0.0368550999904523,1139.5980477839,0.281272388426175,4.33200800931458,73.307,76.968,72.221,96.859
"40",39,"T3","T",3,"Ho3","Ho",3,0,4.73,1.38,3.2,2.01,23,185,152,327,15,67,18,13,0,8,5,1,7,124.976881463935,51.7263084011487,49.3550247197822,13.3350614593271,63113.325139287,505,363,1.39118457300275,13.1221717350244,719.377667487942,0.0899055774774423,0.521518318028539,308.249,178.225,160.402,782.837,219.225841680047,149.167679060861,57.4526929751132,20.5334239244693,23237.939218085,106,27,3.92592592592593,18.3605713566131,0.0938082027422907,1129.96515124805,0.247717561351475,3.13978249490069,34.074,109.412,95.238,54.432
"41",40,"t3","T",3,"Ho1","Ho",1,1,4.1,1.46,3.96,1.81,27,160,119,225,17,NA,37,26,7,9,2,0,6,130.538217695018,70.8281150441345,62.2100007011477,35.11604362939,137848.357885939,1056,170,6.21176470588235,13.7504697711664,1823.47596484136,0.238033302460095,1.59389582464184,220.032,118.251,42.502,475.833,217.699138092549,123.161120586552,58.4802196907609,17.3043678148408,40056.641409029,184,70,2.62857142857143,17.8397521572409,0.164046620871874,1121.63236903069,0.244178399994686,2.77776529301787,106.239,218.739,129.358,114.153
"42",41,"t3","T",3,"Ho2","Ho",2,1,4.07,1.61,2.97,1.65,24,68,117,227,17,52,46,6,0,6,6,0,6,121.315702802577,42.6915440142949,44.3722703822019,9.37598178595089,25233.666182936,208,63,3.3015873015873,12.7947512266208,1442.2414832506,0.174966539151578,0.945050714230045,44.155,96.127,107.835,50.175,98.171191011236,28.2274120745953,NA,NA,8737.236,89,45,1.97777777777778,11.4019312179709,0.0757278306435392,1175.26144937301,0.11537681623454,0.485666228253279,49.192,85.921,28.785,108.864
"43",42,"t3","T",3,"Ho3","Ho",3,1,5.77,2.43,5.08,2.62,17,156,143,249,37,NA,15,11,0,0,3,1,6,122.646235890014,53.1558287107391,NA,NA,84748.549,691,48,14.3958333333333,13.0450880688572,1068.00942571577,0.130987335959095,0.75622824522908,201.242,86.471,372.728,186.186,195.388456310268,97.7496733752892,59.5253974136098,19.5293009510562,24032.780126163,123,34,3.61764705882353,16.6716973899197,0.0933810750066395,1317.18337994347,0.257362427284696,2.48802800414953,47.622,59.657,122.467,77.037
"44",43,"T3","T",3,"Fe1","Fe",1,0,5.31,2.08,2.47,1.21,26,118,116,145,250,232,25,6,0,6,5,1,6,124.904795089304,57.1626181444416,46.0995388915429,11.9154031888379,40718.963199113,326,265,1.23018867924528,13.2231000066741,579.803221291203,0.0724202025474959,0.433414564261242,232.678,253.234,111.471,241.886,182.755354011732,106.375199103672,53.4725589788475,15.6522262319554,53912.829433461,295,223,1.32286995515695,16.4049790978191,0.458096960684707,643.968472436644,0.117688686152553,1.14039965727793,222.726,260.828,182.347,247.321
"45",44,"T3","T",3,"Fe2","Fe",2,0,3.04,1.87,1.72,1.64,39,227,191,232,190,225,52,4,0,3,2,1,5,115.215451160348,64.5184046885653,51.0860159483348,20.3726583463757,26153.907413399,227,83,2.73493975903614,12.9631384925517,1444.98947929176,0.166485114778556,0.997688751133319,71.692,210.455,172.162,169.574,132.411745501637,58.6430932212724,52.2492255518137,13.756411131188,13505.998041167,102,78,1.30769230769231,13.5734336314077,0.190400949761233,535.711613455239,0.0709345098231066,0.444610488266515,101.519,185.767,152.8,139.968
"46",45,"T3","T",3,"Fe3","Fe",3,0,4.1,1.74,3.5,2.87,23,NA,213,213,292,260,132,9,0,8,2,1,7,142.859580827641,121.39069340655,61.5329909581208,29.847794244368,88715.799693965,621,129,4.81395348837209,15.4470750308056,1573.30763971282,0.224762069922298,2.19022344115497,357.035,421.217,106.762,196.333,195.585604469703,108.203034042499,95.2934459823931,28.6123312800231,28359.912648107,145,127,1.14173228346457,16.8631455475941,0.405355720726155,357.710506071671,0.0699630255551914,0.707254625781285,339.627,405.025,121.404,180.837
"47",46,"t3","T",3,"Fe1","Fe",1,1,4.15,3.3,3.24,NA,27,140,147,180,180,157,43,3,0,2,3,1,4,NA,NA,NA,NA,NA,NA,NA,NA,NA,NA,NA,NA,NA,NA,NA,NA,NA,NA,NA,NA,NA,NA,NA,NA,NA,NA,NA,NA,NA,NA,NA,NA,NA
"48",47,"t3","T",3,"Fe2","Fe",2,1,4.44,1.91,3.8,NA,13,197,157,257,NA,103,63,3,0,1,3,0,6,NA,NA,NA,NA,NA,NA,NA,NA,NA,NA,NA,NA,NA,NA,NA,NA,NA,NA,NA,NA,NA,NA,NA,NA,NA,NA,NA,NA,NA,NA,NA,NA,NA
"49",48,"t3","T",3,"Fe3","Fe",3,1,6.92,5.15,5.49,2.74,35,280,381,280,295,272,13,4,0,4,5,0,7,209.957153846154,118.893757855056,NA,NA,84612.733,403,58,6.94827586206897,17.5248151077774,511.538283495675,0.107401122086099,1.17972740391485,326.715,285.732,136.587,190.271,223.210046471094,142.58736592781,72.7490834799487,26.9032934741392,26115.575437118,117,89,1.31460674157303,18.3526472124928,0.231463805547514,505.478598363331,0.112827901430823,1.40212710571981,285.772,232.368,128.815,257.476
"50",49,"T3","T",3,"Ft1","Ft",1,0,7.67,5.71,7.86,2.34,9,175,180,175,201,197,17,4,0,4,3,0,5,129.862753928979,64.6291758579177,64.1448177432639,32.7270560173708,49217.983739083,379,189,2.00529100529101,13.5883316700833,1095.81529032846,0.142305591399537,0.91346446670945,279.819,574.755,140.381,208.334,230.872580446783,135.234125430738,61.5502266134917,22.0395699256927,27704.709653614,120,60,2,18.4474951029646,0.162216269004675,739.753174797416,0.17078872435918,2.09472106290936,140.378,48.324,91.76,158.894
"51",50,"T3","T",3,"Ft2","Ft",2,0,10.39,3.94,5.89,3.65,17,177,169,215,256,262,20,6,0,6,5,0,6,141.236210660807,81.6077814674441,47.1602400356722,14.3886868999776,51268.744469873,363,286,1.26923076923077,14.4089115397226,727.100356715081,0.102692899152559,0.766317609005613,191.934,552.594,213.698,231.394,200.047977277647,108.141784433439,66.7968016448043,19.6090194523478,36808.827819087,184,138,1.33333333333333,17.010740962875,0.358020384621901,513.937216715521,0.102812100651643,1.05218653625635,143.835,225.558,323.2,236.06
"52",51,"T3","T",3,"Ft3","Ft",3,0,7.72,3.72,5.86,2.77,22,153,158,153,295,315,43,4,0,4,3,0,6,128.775844810681,65.8253294084098,50.9683756203284,19.2869707625291,26270.272341379,204,153,1.33333333333333,13.5664245693281,581.863079633578,0.0749299096439588,0.481916910562152,213.814,446.116,257.669,310.848,224.454755505974,155.485636153471,61.751639661485,25.3249254777852,52297.958032892,233,136,1.71323529411765,18.6390638252085,0.310950908153105,749.31442195781,0.168187185377641,2.21131300692234,225.624,307.699,212.547,291.335
"53",52,"t3","T",3,"Ft1","Ft",1,1,7.7,3.69,6.83,3.34,15,115,136,115,227,221,40,8,0,6,2,0,6,117.52525,79.1624543671194,NA,NA,16453.535,140,92,1.52173913043478,13.4244841932764,409.803759735127,0.0481622893138107,0.325428899105302,379.912,158.531,521.497,367.471,112.306823350685,55.3854010960851,46.6597405787113,19.5930364038431,37735.09264583,336,243,1.38271604938272,12.6249849625105,0.483131848190665,695.46232826158,0.078105164847129,0.432003072095955,296.961,427.868,450.201,266.079
"54",53,"t3","T",3,"Ft2","Ft",2,1,8.28,4.89,8.5,2.75,35,225,229,270,143,144,82,3,0,3,3,1,4,138.642381976937,107.634875054904,77.8117776440544,52.7177837678444,33135.529292488,239,82,2.91463414634146,14.9432945230029,1090.84060188026,0.151236739401835,1.32995352905531,221.489,189.979,209.169,264.899,222.613672751132,159.227725231048,81.651223153579,38.8189462662331,16918.639129086,76,28,2.71428571428571,18.6468670907695,0.0670459121054195,1133.55158597144,0.252344081805972,3.35084652815978,90.373,64.871,95.956,106.386
"55",54,"t3","T",3,"Ft3","Ft",3,1,23.25,10.53,13.23,6.33,6.62,252,352,252,231,221,19,4,0,1,6,1,5,NA,NA,NA,NA,NA,NA,NA,NA,NA,NA,NA,NA,NA,NA,NA,NA,NA,NA,NA,NA,NA,NA,NA,NA,NA,NA,NA,NA,NA,NA,NA,NA,NA
"56",55,"F1","F",1,"Fe1","Fe",1,0,3,2.09,2.46,0.92,34,155,142,261,247,215,42,4,2,1,2,1,5,180.024603960396,98.052793825757,NA,NA,36364.97,202,80,2.525,16.1511823381239,670.67524110335,0.120738044665674,1.11588464496623,166.55,80.722,78.778,238.862,203.8449609375,123.058770648404,NA,NA,52184.31,256,76,3.36842105263158,17.4072538774616,0.436419956945467,586.590956545071,0.119573610623221,1.31687988415941,116.739,120.206,378.862,272.682
"57",56,"F1","F",1,"Fe2","Fe",2,0,2.82,1.96,2.13,1.04,33,135,148,198,237,250,53,3,0,1,2,0,4,183.076575066372,89.9805193019964,52.6562358630465,13.960867531733,15744.585455708,86,63,1.36507936507937,16.107115637798,689.925133680677,0.126309130526467,1.13543641868345,114.63,80.078,58.106,71.698,257.813831868143,130.778518210989,60.0408088632714,16.4188117601379,18046.96823077,70,54,1.2962962962963,19.1712776923717,0.104666008822416,668.794012378624,0.172424347061803,2.20895238703928,151.319,58.423,84.798,74.336
"58",57,"F1","F",1,"Fe3","Fe",3,0,5.99,4.31,3.83,1.17,19,243,231,315,226,184,74,2,0,2,3,1,5,118.387313093952,75.5520751250339,55.8534111025455,35.4220936951555,46881.375985205,396,174,2.27586206896552,13.3697296461174,893.37584981182,0.105764366442247,0.697934162340113,186.337,186.293,111.252,114.196,163.763178346466,101.992091547666,53.8845181489248,22.1099951576692,21780.50272008,133,83,1.60240963855422,15.6647328959603,0.214064921515648,621.306840272183,0.101747182891373,0.91471933266391,173.09,71.658,77.898,203.067
"59",58,"F1","F",1,"Ft1","Ft",1,0,5.18,2.96,6.42,2.59,18,177,156,177,215,131,24,3,1,2,5,0,4,104.628660669254,34.100976171042,47.1138155399661,11.0042394315311,6173.090979486,59,50,1.18,11.8321737677452,295.92068173329,0.0309617845940867,0.141815343838537,255.39,256.419,231.293,NA,199.589935733415,123.207024100512,62.6946453008815,22.5545186822313,26944.641324011,135,104,1.29807692307692,17.2725079496159,0.267432341686659,504.800575534633,0.100753114429148,1.09857874810824,311.672,181.227,147.883,201.658
"60",59,"F1","F",1,"Ft2","Ft",2,0,8.54,3.88,6.57,3.1,20,122,155,122,290,290,38,7,1,6,4,0,4,124.618882873638,65.7602814306609,57.2361343510757,26.1794314033829,23054.493331623,185,92,2.01086956521739,13.3903119528062,940.79623647305,0.117240976000994,0.739516890734057,245.008,310.252,104.955,77.425,193.184766569679,119.076495819413,71.0768626160584,22.5262268718691,26466.313020046,137,105,1.3047619047619,16.9897713083248,0.232105044750652,590.249988522126,0.114027306250403,1.20247447573399,242.79,167.835,107.819,196.322
"61",60,"F1","F",1,"Ft3","Ft",3,0,5.49,2.77,3.93,2.45,23,86,102,86,240,204,25,3,0,2,2,0,3,314.447201041348,166.653756915793,76.0964004982174,23.8347885081274,14464.571247902,46,31,1.48387096774194,21.2612095903021,595.489143908324,0.187249894552481,2.97519523913301,59.884,34.553,51.282,63.802,258.280996560667,124.288772118237,65.1736542342564,16.6414383220904,20145.917731732,78,63,1.23809523809524,19.092106893577,0.115174172518935,677.235167347754,0.174916973928508,2.20011143371004,48.245,125.677,124.019,134.011
"62",61,"F2","F",2,"Fe1","Fe",1,0,2.77,2.23,1.77,1.03,49,150,172,275,220,195,42,1,0,1,1,0,3,217.200392335718,128.026915160021,55.7951743165493,17.3370714334291,15421.227855836,71,40,1.775,17.9006084215564,835.559963234695,0.181483951834594,2.09767662519866,48.145,79.156,79.567,60.18,235.116409710791,121.870713635527,61.3165593336716,18.6171751800434,15752.799450623,67,45,1.48888888888889,18.3480827346511,0.095797632311036,699.390980587748,0.164438296339901,1.938083719865,31.506,78.667,59.84,76.337
"63",62,"F2","F",2,"Fe2","Fe",2,0,4.9,2.42,4.11,1.89,26,283,263,283,278,243,37,8,0,2,3,0,4,196.182526775765,169.665682221286,63.6491384416325,32.317585050307,32566.299444777,166,39,4.25641025641026,18.1608714717823,1262.36496353131,0.247653948258768,3.35754172731871,70.878,75.5,107.859,94.786,182.411211316597,156.54512623802,59.5336503379579,21.6434909502913,69316.260300307,380,107,3.55140186915888,17.4895493427539,0.292497073374146,1299.15829794962,0.236981038820999,2.97211968980892,156.224,181.83,206.241,307.699
"64",63,"F2","F",2,"Fe3","Fe",3,0,2.44,1.94,2.06,1.29,20,160,138,175,235,191,50,6,2,1,3,1,4,140.569453511785,99.6820385598836,61.0190968581728,26.239476270582,49621.01708966,353,139,2.53956834532374,14.8090639141067,1100.27440069468,0.154664971218657,1.29390140859218,138.11,107.476,145.192,127.151,183.96540409291,111.112058448586,63.5872052878077,22.6268773831375,14349.301519247,78,62,1.25806451612903,16.5278885585714,0.220989319230152,352.958234686292,0.0649321042719841,0.643995109426763,65.022,140.49,88.623,208.271
"65",64,"F2","F",2,"Ft1","Ft",1,0,4.53,3.5,2.99,1.71,29,136,139,136,222,206,37,4,0,4,3,0,3,109.07820182508,41.3457565182294,60.7994383015467,13.6330780660915,8180.865136881,75,60,1.25,12.1819786494119,286.079697495052,0.0312050589814231,0.154045182466788,232.53,273.804,97.382,168.158,211.194446215237,115.248735583831,59.4163443734359,19.6927081563541,32946.333609577,156,95,1.64210526315789,17.4959462851457,0.198325538256721,786.585536947173,0.166122496876473,1.80212723685511,228.069,130.721,79.876,186.363
"66",65,"F2","F",2,"Ft2","Ft",2,0,3.5,2.05,1.88,1.03,16,54,50,54,168,174,69,2,0,2,3,1,5,103.986293537763,33.3671149251758,46.4619270066316,10.7248851283614,3951.479154435,38,24,1.58333333333333,11.7846416955665,352.384067101177,0.0366431130396138,0.166177239869851,97.758,80.423,39.219,89.909,214.124301853891,102.891440946497,75.2101725106719,23.829721709131,13703.955318649,64,45,1.42222222222222,17.3790148462544,0.114166315342696,560.585666690648,0.120035014509433,1.2503521731381,73.327,85.353,87.951,85.336
"67",66,"F2","F",2,"Ft3","Ft",3,0,5.25,2.92,4.16,2.38,27,129,77,149,195,200,23,2,0,2,4,1,4,188.201063114582,93.4230712457537,70.7800001332755,30.5737492731478,18443.704185229,98,55,1.78181818181818,16.3479147432496,962.1064143346,0.18106945000713,1.6802051583033,67.013,123.16,113.735,114.145,266.381335137095,160.041680098522,97.7580800939054,46.9776266861691,19712.218800145,74,36,2.05555555555556,19.8736860935306,0.0854277375289448,866.229191366881,0.230747288531036,3.30397129436836,39.773,55.992,75.709,92.527
"68",67,"F3","F",3,"Fe1","Fe",1,0,2.6,2.16,1.51,0.98,20,150,104,280,145,248,50,2,0,0,2,1,4,174.10931224416,70.4061324758636,64.45865921364,15.6325696211752,8705.465612208,50,43,1.16279069767442,15.4526912285725,414.463626232961,0.0721619769136415,0.577820141636955,123.332,55.992,104.433,93.146,235.286418604651,145.924604965504,NA,NA,40469.264,172,50,3.44,18.7677766814864,0.239160866786354,719.181203476948,0.169213569693874,2.18162139303102,120.226,174.414,110.057,171.608
"69",68,"F3","F",3,"Fe2","Fe",2,0,4.62,2.52,3.56,1.38,18,248,205,275,325,278,76,6,0,2,4,0,5,187.109077662606,126.247055879585,59.1026236194357,21.5560202164671,85883.066647136,459,333,1.37837837837838,16.9497418737641,582.961278096447,0.10907734705764,1.17647258322493,283.315,152.672,163.295,279.452,184.083365706422,99.5871954130415,61.0282037017477,18.0450995572036,60563.427317413,329,257,1.28015564202335,16.3214782467694,0.580355430019185,566.893980795741,0.104355751983592,0.983624992253328,272.894,150.715,155.701,277.865
"70",69,"F3","F",3,"Fe3","Fe",3,0,5.18,2.48,3.35,2.06,33,233,280,233,342,322,26,3,0,2,2,0,4,180.28081595092,124.070170586846,NA,NA,58771.546,326,86,3.7906976744186,16.6885865807354,762.770548411604,0.137512896850975,1.44664472527101,110.493,151.23,277.016,206.185,226.918233754301,124.863975596281,60.0881380977796,18.6610285968183,42206.7914783,186,138,1.34782608695652,18.1539970405882,0.323251091740546,575.404089119955,0.130569679598103,1.52809984678968,255.39,272.186,183.748,108.864
"71",70,"F3","F",3,"Ft1","Ft",1,0,3.45,2.74,2.19,0.85,27,77,84,101,172,117,47,2,0,2,2,1,3,140.57885947493,57.289811422631,55.1554203581127,14.2976624356301,9981.09902272,71,51,1.3921568627451,13.8956557259971,798.133357679286,0.11220067713145,0.727581071311967,67.512,150.216,36.764,92.152,137.961814615649,50.2761021139175,50.1637557371351,11.6371996987406,10209.174281558,74,57,1.29824561403509,13.6678716131803,0.088681848514982,834.443589518754,0.115121351804403,0.712016884336255,94.715,75.355,63.849,92.136
"72",71,"F3","F",3,"Ft2","Ft",2,0,4.66,2.81,3.45,3.17,19,188,176,194,118,124,75,3,0,2,1,0,5,102.566842767296,42.5386299035366,NA,NA,16308.128,159,44,3.61363636363636,11.8875153966291,717.66153848219,0.0736082781776383,0.350407819113769,109.97,190.58,140.49,231.484,138.025254098361,64.2489045040942,NA,NA,16839.081,122,29,4.20689655172414,13.9177689780192,0.22413454968265,544.31590387443,0.0751293409420471,0.499366338792448,194.98,159.248,95.743,181.092
"73",72,"F3","F",3,"Ft3","Ft",3,0,4.6,3.08,6.91,3.92,18,NA,151,151,NA,175,55,4,0,3,3,0,5,114.365498967336,53.281317230843,53.198138168084,11.8661473734165,13609.494377113,119,97,1.22680412371134,12.6697149533481,351.412429891203,0.0401894578878314,0.221398279938056,208.397,225.074,255.882,333.132,204.902443917976,80.0084922109611,67.9054898276219,15.2819364265674,16802.000401274,82,48,1.70833333333333,16.7286351450334,0.107702722743,761.354939890129,0.156003487872511,1.4578705191548,115.124,90.651,85.821,80.629
"74",73,"P1","P",1,"Fe1","Fe",1,0,3.47,2.79,3.1,2.45,10,127,173,127,265,293,15,2,0,1,2,1,5,188.756060644056,91.2390021720656,56.7300596436056,16.9659461453373,13401.680305728,71,56,1.26785714285714,16.3272552360415,564.112581490765,0.106479668641946,0.980185470733489,120.952,95.784,30.985,70.692,203.510810330788,115.640569365957,56.750885175177,17.2045133453935,22996.721567379,113,76,1.48684210526316,17.2541833928994,0.20288485303497,556.966172238215,0.113348637039036,1.20696924805773,107.457,94.197,69.123,145.998
"75",74,"P1","P",1,"Fe2","Fe",2,0,2.39,1.78,2.6,0.89,27,NA,102,131,254,252,83,3,0,3,3,0,5,159.638496380807,70.1010502555143,48.643040759747,11.751415378545,13249.995199607,83,62,1.33870967741935,14.8921295807134,600.02170637568,0.0957865630016597,0.721579081690086,73.277,37.709,45.079,160.772,147.96596,71.2608863314642,NA,NA,14796.596,100,56,1.78571428571429,14.4536953726712,0.187514075355521,533.29329977178,0.0789092550622992,0.569077563407716,56.08,140.249,135.054,157.008
"76",75,"P1","P",1,"Fe3","Fe",3,0,4.03,2.18,4.28,2.65,18,113,112,113,284,260,77,2,0,2,4,1,5,216.181844287658,121.090337410999,65.1539577273836,17.3663711734982,15781.274632999,73,57,1.28070175438596,17.7474875403878,539.542440706985,0.1166392799035,1.30876863676972,43.956,38.896,155.74,67.38,261.816079425951,190.64319003804,68.4419512434512,25.4330479271965,21468.918512928,82,46,1.78260869565217,20.2852982202716,0.107982272369988,759.383908120002,0.198818917603136,3.14395791588044,38.755,63.337,58.629,129.776
"77",76,"P1","P",1,"Ft1","Ft",1,0,5.59,4.32,4.25,3.84,65,179,143,183,198,206,32,3,0,3,2,1,5,138.05137483424,55.1775324952672,50.6148214103082,14.8975602891478,20155.500725799,146,78,1.87179487179487,13.7551114980292,1034.22940149888,0.142776790770913,0.905238648095585,185.763,100.493,62.803,154.907,137.95568852459,137.851682789335,NA,NA,8415.297,61,47,1.29787234042553,15.7256125782092,0.0668093061624273,913.046452715679,0.125959952039326,1.36525227434502,129.912,55.972,63.424,120.335
"78",77,"P1","P",1,"Ft2","Ft",2,0,9.33,4.84,10.85,6.22,49,163,277,163,165,172,32,4,0,4,4,0,5,201.486645622923,114.391164378001,57.3483529324903,20.9552588874353,31230.430071553,155,103,1.50485436893204,17.1688723042688,694.824654433027,0.139997888917817,1.47615529679965,104.218,115.912,109.346,186.617,244.165618211558,167.804341885265,65.8306734727117,25.1603117133883,39798.995768484,163,79,2.06329113924051,19.4126156240817,0.216809491017039,751.81210580486,0.183566667592777,2.61056964230688,111.705,85.296,104.992,185.503
"79",78,"P1","P",1,"Ft3","Ft",3,0,3.92,2.44,2.54,0.95,49,115,128,181,123,122,32,2,0,2,1,1,5,131.408493319437,58.5358220496597,46.2706611538169,12.4877663843063,18660.00605136,142,104,1.36538461538462,13.529845256121,684.701374110502,0.0899755759456089,0.560999229138463,270.568,158.669,57.163,139.011,193.069950509432,105.859490876636,56.5342162021091,16.8700742444114,42475.389112075,220,154,1.42857142857143,16.7392729638457,0.301104244847184,730.643967213594,0.141065394589944,1.40262609781166,309.298,186.82,144.734,185.303
"80",79,"P2","P",2,"Fe1","Fe",1,0,2.88,2.56,3.11,2.54,22,184,212,184,245,262,149,3,0,3,3,1,6,125.741212245225,67.0582383164008,49.1329004633046,14.1490420669234,18986.923049029,151,67,2.25373134328358,13.4651344541246,988.88780553887,0.124343951442978,0.79483969106839,67.536,125.698,64.887,112.165,127.05256274669,38.8261346595385,52.330436783069,9.57681314503371,3684.524319654,29,26,1.11538461538462,12.9963053066121,0.117825923877771,246.125801908277,0.0312709138905307,0.171682690946709,53.017,106.413,70.651,94.728
"81",80,"P2","P",2,"Fe2","Fe",2,0,5.42,2.94,3.54,2.63,36,215,244,235,183,182,97,4,0,4,4,1,6,224.806254807218,133.188301778789,78.7364968917818,24.4086527795101,37093.032043191,165,120,1.375,18.2327649170959,505.526905131605,0.11364561024692,1.36597940480569,158.451,156.989,157.209,83.732,268.703700366486,217.961615998605,67.8187274135496,26.8655888499252,59652.22148136,222,85,2.61176470588235,20.9793701453841,0.269111008447735,824.938382418924,0.221663995930309,3.90733852591835,149.44,83.889,107.802,119.328
"82",81,"P2","P",2,"Fe3","Fe",3,0,4.38,3.27,2.96,1.79,21,185,202,185,233,260,163,3,0,3,4,1,6,120.631344140504,87.3488112267581,55.4645903954021,21.5669979496069,46201.804805813,383,56,6.83928571428571,13.7675413570689,1869.33420120138,0.225500297338738,1.64211004575352,209.756,118.337,90.033,102.127,180.955611816449,116.951474381136,56.2251779938912,18.2734069907386,26600.474937018,147,93,1.58064516129032,16.5546325695581,0.236720762293994,620.984820154618,0.112370688059806,1.14037822270902,195.779,66.067,86.444,81.48
"83",82,"P2","P",2,"Ft1","Ft",1,0,11.53,6.48,13.11,7.17,22,255,308,255,157,144,165,4,0,4,4,0,5,118.404005193284,40.2738230294773,42.5969736103435,8.59190517995721,77554.623401601,655,442,1.48190045248869,12.6184901838684,953.516170177062,0.112900133565525,0.59108152656842,339.193,256.487,166.006,293.132,193.985251773916,93.880287054883,58.301184153662,18.09705476741,13772.952875948,71,52,1.36538461538462,16.5537496146828,0.123991622261832,572.619332700317,0.111079705424482,1.05133538398007,45.538,120.952,70.646,92.349
"84",83,"P2","P",2,"Ft2","Ft",2,0,8.08,8.79,7.26,4.94,19,215,196,215,217,189,35,4,0,4,3,0,5,117.921490798173,48.9373462945397,42.0104535645354,9.07894509415303,14976.029331368,127,106,1.19811320754717,12.7461363625988,601.469572254018,0.0709261886299334,0.388166141307339,232.865,184.59,98.613,126.2,173.78068277829,111.353897920201,74.6217631037735,30.9866987247853,68295.808331868,393,271,1.45018450184502,16.2078543853715,0.609783162006421,644.491393804445,0.112000154460068,1.08744919074706,474.357,421.926,268.739,399.956
"85",84,"P2","P",2,"Ft3","Ft",3,0,3.01,1.63,2.19,0.82,27,NA,83,114,146,178,60,4,0,4,2,1,5,129.405315989706,56.1498474125863,47.4370029359608,13.8980853968125,13199.34223095,102,78,1.30769230769231,13.3965072160223,571.729480549974,0.0739848340911998,0.45024268238459,96.922,110.493,146.524,101.043,232.445248245329,114.207152518804,60.7992911893816,17.8072149015558,17665.838866645,76,58,1.31034482758621,18.1474478432689,0.190037617386099,399.920821179267,0.0929596945574905,1.06053740375934,50.304,110.937,122.552,204.402
"86",85,"P3","P",3,"Fe1","Fe",1,0,3.34,1.97,2.56,1.67,32,155,231,155,245,292,90,5,0,4,3,1,6,141.155568594773,84.0681036375596,47.8138070599945,16.767505644669,50957.160262713,361,278,1.29856115107914,14.4606035310717,701.212132182872,0.0989799972238263,0.749695398416569,225.035,332.423,128.937,199.072,178.974683572561,111.052315349194,64.0762044381792,35.7097917899065,37942.632917383,212,134,1.58208955223881,16.3708650953611,0.321056859898551,660.319172332866,0.11818041492517,1.159658653306,185.987,295.521,106.993,174.028
"87",86,"P3","P",3,"Fe2","Fe",2,0,3.4,2.8,2.77,1.25,27,165,205,242,222,180,132,2,0,2,4,1,5,123.698407534227,48.1010796090138,48.8972740510455,10.8151609016674,10885.459863012,88,76,1.15789473684211,12.9946205934684,404.539619730897,0.0500409067452139,0.282036440082141,266.102,135.581,153.437,113.784,190.083983714869,98.4381664906016,57.2682477932081,18.575516330816,42008.560400986,221,162,1.3641975308642,16.5051551721379,0.356349931855741,620.176911074775,0.117885697865075,1.12534008108531,272.117,101.604,148.617,107.843
"88",87,"P3","P",3,"Fe3","Fe",3,0,3.98,3.23,2.31,0.98,33,180,201,249,219,195,86,5,1,4,4,1,4,139.569463620719,81.1187715404194,49.6093891883203,15.780070966575,53594.674030356,384,191,2.01047120418848,14.3343098280016,1012.92692013353,0.141373666930023,1.04562271550308,218.839,205.801,210.901,125.687,128.915953896369,89.1911175150559,54.1731158591475,24.3718609040857,135490.667545084,1051,68,15.4558823529412,14.1267496632959,0.443147216137075,2371.67235114685,0.305746403477741,2.30947589926088,277.905,154.046,274.797,139.753
"89",88,"P3","P",3,"Ft1","Ft",1,0,5.77,3.32,4.34,2.72,39,149,127,149,183,202,27,2,0,2,2,1,5,125.845102705422,73.4394881488891,48.7501707729114,25.3929578961197,29825.289341185,237,175,1.35428571428571,13.6168889828525,761.512352438683,0.0958326002040935,0.640144894786905,116.551,279.594,160.195,172.684,123.276852593072,52.5312943897045,44.9176239052889,13.1584562378709,22189.833466753,180,135,1.33333333333333,13.059275142711,0.28868167273549,623.524168660781,0.076866097028213,0.443424134602686,296.741,106.75,409.808,251.77
"90",89,"P3","P",3,"Ft2","Ft",2,0,3.65,1.75,2.59,1.97,21,65,67,108,144,123,47,4,0,3,3,0,4,122.558568359284,61.3263269096057,47.3241588093895,15.5746258315695,11643.063994132,95,74,1.28378378378378,13.2025752441468,513.934970197978,0.0629871341772355,0.381797009236077,249.086,171.271,140.242,84.264,156.770601335598,93.8748426105422,54.5576143651639,20.7307391003835,19126.013362943,122,90,1.35555555555556,15.2448243396044,0.224907394805263,542.445481197424,0.0850395042790982,0.716366949328731,326.541,142.681,167.165,91.589
"91",90,"P3","P",3,"Ft3","Ft",3,0,6.33,3.94,9.38,5.71,92,210,149,NA,165,167,57,5,0,2,4,0,6,135.370301258965,56.1378877783705,47.1999492602953,12.820036024452,34384.056519777,254,124,2.04838709677419,13.6578897368187,888.546326739768,0.120282783933309,0.755969426605542,111.559,164.349,108.4,224.885,207.691839317062,141.660432591569,69.135264179631,38.2599655833099,69784.458010533,336,187,1.79679144385027,17.8870132660549,0.399371004030084,841.322971896802,0.174735915492944,2.10573546036103,269.782,152.428,277.684,259.603
