"","number","site","site_type","site_replicate","species_site_replicate","species","species_replicate","micro","diam_tig_princip_mm","diam_tig_lat_mm","diam_rac_pivot_mm","diam_rac_lat_mm","conicite_mm","empreinte_mm","empreinte_photo_mm","x_mm","y_mm","y_photo_mm","prof_pivot_mm","axes_caul_totaux","axes_caul_morts","axes_caul_inflo","axes_rac_lat","inclinaison_axe_principal","complex_rac","aire_conic","tig_ratio","rac_ratio","surface","inflo","ring_length_µm_R_2021","ring_length_µm_R_2022","ring_length_µm_R_2023","ring_length_µm_R_2024","ring_length_µm_T_2021","ring_length_µm_T_2022","ring_length_µm_T_2023","ring_length_µm_T_2024","mean_vessel_size_µm2_R_2021","mean_vessel_size_µm2_R_2022","mean_vessel_size_µm2_R_2023","mean_vessel_size_µm2_R_2024","mean_vessel_size_µm2_T_2021","mean_vessel_size_µm2_T_2022","mean_vessel_size_µm2_T_2023","mean_vessel_size_µm2_T_2024","sum_vessel_area_µm2_R_2021","sum_vessel_area_µm2_R_2022","sum_vessel_area_µm2_R_2023","sum_vessel_area_µm2_R_2024","sum_vessel_area_µm2_T_2021","sum_vessel_area_µm2_T_2022","sum_vessel_area_µm2_T_2023","sum_vessel_area_µm2_T_2024","vessel_density_per_mm2_R_2021","vessel_density_per_mm2_R_2022","vessel_density_per_mm2_R_2023","vessel_density_per_mm2_R_2024","vessel_density_per_mm2_T_2021","vessel_density_per_mm2_T_2022","vessel_density_per_mm2_T_2023","vessel_density_per_mm2_T_2024","vessel_area_R_2021","vessel_area_R_2022","vessel_area_R_2023","vessel_area_R_2024","vessel_area_T_2021","vessel_area_T_2022","vessel_area_T_2023","vessel_area_T_2024","Kth_R_2021","Kth_R_2022","Kth_R_2023","Kth_R_2024","Kth_T_2021","Kth_T_2022","Kth_T_2023","Kth_T_2024"
"1","1","T1","T",1,"Ho1","Ho",1,0,4.82,1.77,4.45,2.48,25,115,88,263,24,83,11,11,2,5,4,1,8,111.25,0.367219917012448,0.557303370786517,7304,0.454545454545455,53.898,49.258,56.001,31.436,NA,NA,NA,NA,174.638833333333,173.771666666667,133.552090909091,159.716666666667,NA,NA,NA,NA,2095.666,1563.945,2938.146,1916.6,NA,NA,NA,NA,959.197166670959,882.62523032965,1742.77561759076,1448.12957204247,NA,NA,NA,NA,0.167513074124055,0.153375257316434,0.232751327714629,0.23129042814805,NA,NA,NA,NA,1.42966641879754,1.26127853313561,1.47758634922423,1.71974136152379,NA,NA,NA,NA
"2","2","T1","T",1,"Ho2","Ho",2,0,5.48,3.2,5.18,1.94,15,81,56,233,12,28,47,5,0,5,3,1,7,77.7,0.583941605839416,0.374517374517375,1568,1,262.992,144.662,81.77,145.97,66.336,135.864,148.827,155.327,150.2733671875,130.560432692308,135.061589285714,152.610050420168,100.031379310345,134.266253968254,148.903492753623,140.669731707317,19234.991,13578.285,7563.449,18160.596,2900.91,8458.774,10274.341,11534.918,1046.89189748256,1123.02806796649,1033.46005524226,1130.44992995954,1376.59754984145,1235.88772830118,1198.42745059686,1333.91321439452,0.157319970516015,0.146623030479312,0.139580757524321,0.172518020808601,0.137702951665882,0.165938015604334,0.178450033205693,0.187641213989721,1.14517148555245,0.856940959745244,0.890763246070554,1.30362410725774,0.588193295512519,0.974035855460343,1.17305215469515,1.82036637462069
"3","3","T1","T",1,"Ho3","Ho",3,0,4.24,1.51,3.77,1.91,25,117,126,161,13,39,130,9,1,7,1,0,6,94.25,0.356132075471698,0.506631299734748,4914,0.777777777777778,168.807,105.907,47.851,112.419,173.738,84.772,69.629,115.242,162.279038461538,139.800675675676,193.907894736842,181.758648648649,139.837623529412,117.864428571429,137.503970588235,163.570754098361,8438.51,5172.625,3684.25,6725.07,11886.198,4950.306,4675.135,9977.816,673.894943619897,799.243064716765,842.300405638227,683.830772671885,1054.75767409026,1078.73935074838,1193.56312727176,934.214302926794,0.10935902347473,0.111734720476502,0.163328698393297,0.124292157145203,0.147494806544192,0.127144997153471,0.164119669147579,0.15281013801921,0.83785780751664,0.694173385216559,1.37631996145336,1.0091761742248,0.931424360749066,0.651279814094954,1.01618484680142,1.17108359136165
"4","4","t1","T",1,"Ho1","Ho",1,1,5.09,1.92,NA,NA,NA,91,100,143,19,NA,NA,13,3,2,NA,0,NA,NA,0.37721021611002,NA,NA,0.153846153846154,NA,NA,NA,NA,374.85,209.325,255.952,185.77,NA,NA,NA,NA,144.982365384615,145.125047297297,147.938347368421,118.460857142857,NA,NA,NA,NA,7539.083,21478.507,14054.143,9950.712,NA,NA,NA,NA,1310.84921279734,1229.6981413217,1354.9869772933,1534.23584445772,NA,NA,NA,NA,0.19005001953392,0.17846000092071,0.200454534126503,0.181746893193757,NA,NA,NA,NA,1.2364407479299,1.18426947990233,1.39569651245803,1.01098067612512
"5","5","t1","T",1,"Ho2","Ho",2,1,5.16,4.38,3.71,NA,32,112,91,253,24,71,NA,9,1,5,NA,NA,NA,118.72,0.848837209302326,NA,6461,0.555555555555556,NA,NA,NA,NA,162.034,177.767,177.316,164.122,NA,NA,NA,NA,143.250322580645,161.323384615385,178.631533333333,147.726224489796,NA,NA,NA,NA,13322.28,16777.632,10717.892,14477.17,NA,NA,NA,NA,1115.52206454029,1056.86244367898,906.462404960136,1065.14414232239,NA,NA,NA,NA,0.159798895591224,0.170496626487179,0.16192276930705,0.157349722682708,NA,NA,NA,NA,1.01919545327587,1.30562877571474,1.3116765348186,1.04493616226862
"6","6","t1","T",1,"Ho3","Ho",3,1,3.19,2,NA,NA,NA,104,115,104,118,128,72,3,0,3,NA,0,NA,NA,0.626959247648903,NA,14720,1,NA,NA,NA,NA,162.75,373.281,181.064,159.134,NA,NA,NA,NA,124.92672972973,122.045956521739,154.08695049505,122.697823529412,NA,NA,NA,NA,9244.578,25263.513,15562.782,10429.315,NA,NA,NA,NA,1013.56608367502,1157.88091455766,1147.33702970474,1038.1135273957,NA,NA,NA,NA,0.12662149619849,0.141314683755455,0.176789664097252,0.127374270387892,NA,NA,NA,NA,0.715109592596822,0.784171015673889,1.25978289262089,0.712371148969207
"7","7","T1","T",1,"Fe1","Fe",1,0,5.4,4.59,4.49,2.36,16,165,196,NA,NA,130,36,5,0,5,7,0,6,71.84,0.85,0.525612472160356,25480,1,140.899,86.733,256.922,276.58,174.431,118.584,320.382,347.226,231.50430952381,171.586105263158,187.6005,299.278444444444,259.951542168675,154.058074074074,179.957939130435,278.250803418803,9723.181,3260.136,8629.623,10774.024,21575.978,4159.568,20695.163,32555.344,535.249906723544,369.792389340461,342.294365985142,217.288343946554,486.148285706596,252.426520407332,402.537881850318,327.231474280529,0.123912660078718,0.063451235842887,0.0642145942059956,0.0650297175722341,0.126374996592087,0.0388883435791735,0.0724398876397136,0.0910524206224766,1.56141234959369,0.5978240672967,0.651755500921178,0.98728326150089,1.79952616709887,0.277659402580788,0.735085845477751,1.35116738487649
"8","8","T1","T",1,"Fe2","Fe",2,0,5.76,4.33,2.84,2.08,51,65,62,145,80,90,27,2,1,1,4,1,6,144.84,0.751736111111111,0.732394366197183,5580,0.5,52.855,43.024,191.017,57.048,60.911,86.834,134.277,117.859,229.6359,190.2635,165.122346153846,166.575615384615,137.85830952381,131.102333333333,109.12022,159.039511627907,2296.359,1902.635,4293.181,2165.483,5790.049,8259.447,10912.022,6838.699,816.503819756372,801.488580217768,657.029972140088,709.18510953851,1548.53912601148,1765.60263151151,1876.23776653914,876.037746039579,0.187498589503192,0.152494022482263,0.108490330493167,0.118132946042983,0.21347898614342,0.231474624730632,0.20473547785706,0.139324615297747,1.96292094853068,1.49443191191301,0.91665016379509,0.874431692027724,1.65131808974357,1.5905208777095,1.17155725326968,1.24514447546737
"9","9","T1","T",1,"Fe3","Fe",3,0,3.26,2.86,2.93,1.2,22,155,156,168,185,182,55,7,0,3,3,1,8,64.46,0.877300613496933,0.409556313993174,28392,0.428571428571429,106.935,163.309,180.308,204.253,119.448,176.31,122.087,176.05,166.620451612903,192.107909090909,190.335860759494,189.566341463415,142.321266666667,178.006433333333,178.476132075472,183.179315789474,5165.234,10565.935,15036.533,15544.44,6404.457,10680.386,9459.235,13921.628,667.44126661931,684.257105806881,821.137037270732,785.571350790914,735.906342795162,725.114140094946,937.503974401963,804.54669093802,0.111209365269198,0.131451201877157,0.156291824790425,0.148917886927906,0.104735122854642,0.129074981837868,0.167322083156644,0.147376312366712,0.864739951081067,1.3526350440627,1.61825501837924,1.70765737982575,0.706451822065833,1.19203199174955,1.60672828313736,1.55799096646887
"10","10","t1","T",1,"Fe1","Fe",1,1,5.11,4.59,3.97,1.88,24,177,167,177,75,131,26,3,0,1,2,0,NA,95.28,0.898238747553816,0.473551637279597,21877,0.333333333333333,92.8,103.517,74.859,146.132,110.069,94.197,105.709,112.014,245.913727272727,275.305875,264.1986,290.055742857143,212.636027777778,219.596290322581,201.419,224.052487179487,8115.153,6607.341,7925.958,10151.951,7654.897,6807.485,5639.732,8738.047,689.673754831519,554.734590222137,772.385752323071,526.39416489346,634.297595449897,578.853348513213,485.024432111727,543.796288991182,0.169600243652796,0.152721691753872,0.204063234423702,0.152683650533838,0.134874521125462,0.127114047974305,0.0976931360915119,0.12183891106745,2.09549590460024,2.23316198019533,2.89159640025265,2.74333622890887,1.31800852609815,1.43302584859585,0.958792741651686,1.38342818318966
"11","11","t1","T",1,"Fe2","Fe",2,1,7.61,5.43,7.02,4.8,22,245,275,260,145,145,43,2,0,1,5,0,NA,154.44,0.71353482260184,0.683760683760684,39875,0.5,176.92,128.745,106.935,284.825,107.671,108.17,135.947,96.336,187.455895833333,237.48768852459,294.157725490196,229.678538888889,189.618114285714,196.953407407407,159.529790697674,274.677558823529,8997.883,14486.749,15002.044,41342.137,6636.634,5317.742,6859.781,9339.037,468.235245028027,597.066257811118,453.175738705014,604.079214924014,840.051348677556,588.153609128408,727.395437007547,714.851652052309,0.0877734573174692,0.14179588546359,0.133305144544806,0.138744031456895,0.159288952639409,0.115838857396804,0.116041241820257,0.196353706706695,0.835169730450531,1.83541419320175,2.04916410066875,1.64057475914901,1.50303738015836,1.20921824528897,0.870559753131238,3.29166269980071
"12","12","t1","T",1,"Fe3","Fe",3,1,4.12,2.18,3.35,1.4,27,279,350,315,257,227,35,6,0,6,2,0,6,90.45,0.529126213592233,0.417910447761194,79450,1,147.567,108.969,172.799,189.476,108.844,159.299,120.356,214.558,202.036423728814,241.204317073171,197.131120689655,219.255816901408,158.839444444444,147.828536585366,148.197307692308,173.149333333333,11920.149,9889.377,11433.605,15567.163,8577.33,12121.94,9632.825,17141.784,626.999373276919,598.872326651712,563.832565610094,547.077263632543,666.289557134978,788.126510877021,700.912332092576,618.088422332226,0.126676711057076,0.144450590564047,0.111148945540041,0.11994987234594,0.105833063094455,0.11650758874708,0.103873320544456,0.107021598267877,1.2315598803929,1.79064601213871,1.0703917038407,1.35652909187522,0.789961708020701,0.877747493465062,0.780283876385101,0.884738544097285
"13","13","T1","T",1,"Ft1","Ft",1,0,8.24,3.87,8.33,3.54,27,187,177,187,124,NA,53,3,0,3,3,1,4,224.91,0.469660194174757,0.424969987995198,NA,1,53.501,116.377,49.158,76.459,87.937,166.405,107.275,66.466,431.750176470588,398.1049375,371.566,438.554266666667,191.386181818182,258.212857142857,260.091666666667,221.152,7339.753,6369.679,5201.924,13156.628,2105.248,3614.98,3901.375,1548.064,663.012752131986,539.314211602535,623.64000620473,622.141641883973,658.568852252059,535.825743661087,888.393320825606,540.555722100278,0.286255872735235,0.214703650502889,0.231723422545467,0.272842871519222,0.126040978096904,0.138357096201425,0.231063699469066,0.119544979053921,6.53390652629278,4.69020753755497,4.38567717954137,7.07120674041308,1.47934639603124,2.33066775377607,3.39031296763408,1.39232303714757
"14","14","T1","T",1,"Ft2","Ft",2,0,12.53,4.09,11.26,2.37,17,177,135,177,104,110,15,5,0,4,4,0,7,191.42,0.326416600159617,0.210479573712256,14850,0.8,183.33,146.506,241.797,51.625,420.074,187.253,39.552,29.29,226.498014084507,229.954545454545,221.382358024691,251.422,153.214620689655,144.147125,145.303461538462,153.9028,16081.359,10118,17931.971,6536.972,8886.448,4612.708,1888.945,1539.028,795.572056159749,622.858930844125,778.912870366562,669.542557131116,505.500650850116,698.725402843033,1065.81536508422,878.358691203434,0.180195490781311,0.143229242324565,0.17243756793753,0.168337728799019,0.0774500904783744,0.10071925798429,0.154866661907616,0.135181861980544,2.01650899587588,1.52654677521108,1.8321123120726,1.99704818179022,0.653902409156523,0.677850949403397,0.965123726383202,1.1434284545355
"15","15","T1","T",1,"Ft1","Ft",1,0,8.24,4.47,6.64,3.68,32,66,146,66,203,180,32,2,0,2,1,0,6,212.48,0.54247572815534,0.55421686746988,26280,1,83.858,217.227,247.528,28.277,132.495,229.738,187.46,42.913,225.659411764706,181.591402061856,239.120894736842,202.958866666667,130.508685714286,131.477180555556,150.133614035088,97.6858333333333,7672.42,17614.366,18173.188,3044.383,4567.804,9466.357,8557.616,1758.345,957.936849258831,1367.89855798567,738.145123917654,948.814488241032,857.072265513077,933.138264892027,932.260748000025,1076.81092642217,0.216167465911484,0.248398617023008,0.176505922476827,0.192570313210313,0.111855374934277,0.122686388136507,0.139963675320298,0.105189172689988,2.29651223775496,2.55536862060984,2.07614436871011,1.99757513455284,0.668749770908198,0.79453694887841,1.0120282642539,0.432965351797286
"16","16","t1","T",1,"Ft1","Ft",1,1,13.39,3.18,10.72,7.87,15.57,135,153,205,27,NA,24,8,0,5,2,1,8,166.9104,0.237490664675131,0.734141791044776,NA,0.625,195.888,112.517,194.866,156.207,438.870284129559,289.3710428549,229.664591073204,170.758725341426,221.139,185.505347826087,188.716583333333,197.255256410256,119.10841,154.953604166667,152.817247191011,142.769857142857,7961.004,4266.623,9058.396,7692.955,11910.841,14875.546,13600.735,13991.446,611.332341004806,761.572538518379,712.201573004247,672.460090866488,558.840670566356,649.161303517816,671.000912260221,674.766264275081,0.135189422557462,0.141275778652648,0.134404247501987,0.132646287649533,0.0665626237144925,0.100589883665617,0.102540512274264,0.0963362831553728,1.98734271214243,1.29345917014834,1.27177896681464,1.30687072608857,0.38689298116156,0.770615635938074,0.825228267471287,0.653357388588198
"17","17","t1","T",1,"Ft2","Ft",2,1,7.57,6.61,5.37,3.46,33,203,208,203,116,198,66,2,0,2,3,0,6,177.21,0.873183619550859,0.644320297951583,41184,1,91.747,50.412,164.365,45.03,360.201,101.256,286.161,97.366,130.237444444444,114.4484,138.323763636364,161.828090909091,136.016709677419,120.794,128.731518518519,131.508230769231,4688.548,1144.484,7607.807,3560.218,8433.036,2053.498,6951.502,1709.607,1069.706014339,806.889195536144,1151.6243151116,924.229584279689,676.72638039958,650.263954741096,717.949700297699,469.73565783415,0.139315777614364,0.0923471774063989,0.159297009561386,0.149566309185685,0.0920460956138605,0.0785479841489959,0.0924227551392381,0.0617741052909898,0.816363946856984,0.427791061431573,1.0045137423451,1.11285157280663,0.577362365326909,0.451850835695228,0.530846514020936,0.374688190407711
"18","18","t1","T",1,"Ft3","Ft",3,1,8.62,6.13,6.75,4.44,18.6,125,162,175,61,128,29,5,0,3,3,0,6,125.55,0.711136890951276,0.657777777777778,20736,0.6,131.927685626079,124.399037203705,170.081105122704,124.535607765161,NA,NA,NA,NA,188.298222222222,187.401793103448,155.143823529412,166.703255319149,NA,NA,NA,NA,10168.104,10869.304,10549.78,7835.053,NA,NA,NA,NA,874.023926634464,1054.02954258802,783.518687655442,669.319062786498,NA,NA,NA,NA,0.164577151564956,0.197527026265002,0.121558085009612,0.111577666613671,NA,NA,NA,NA,1.46351555759819,1.84402243213924,0.875094732186678,0.900495031487196,NA,NA,NA,NA
"19","19","T1","T",1,"Ho3","Ho",3,0,6.39,2.85,5.23,3.38,21,95,156,178,18,44,8,5,0,5,2,0,6,109.83,0.446009389671362,0.646271510516252,6864,1,600.765,410.665,234.512,179.438,56.537,271.626,454.406,248.162,143.738464566929,173.62693495935,169.94284137931,184.34580620155,152.827257142857,178.967444444444,163.770466898955,158.752357142857,54764.355,42712.226,24641.712,23780.609,5348.954,30603.433,47002.124,24447.863,1052.27429074014,1009.28281651852,1097.85639093072,1040.51924585518,1015.90740512864,1045.22143359588,990.536067290749,905.173172470125,0.151252290854242,0.17523868193925,0.186572834501201,0.191815359245402,0.155258342236927,0.187060608849213,0.16222055422046,0.14369837475211,0.998911637982079,1.48336067085164,1.52679468773864,1.80501825964993,1.07012263081287,1.58160421294498,1.26767659584238,1.20997262702279
"20","20","T2","T",2,"Ho2","Ho",2,0,7.16,3.04,5.7,2.28,10,115,147,177,17,NA,19,17,6,2,2,1,8,57,0.424581005586592,0.4,NA,0.117647058823529,284.668,313.979,395.654,158.375,241.62,252.048,532.844,281.775,147.222371710526,137.29062601626,149.753155507559,160.937215827338,130.676169811321,145.712967346939,123.541699173554,140.393435185185,44755.601,33773.494,69335.711,22370.273,27703.348,35699.677,74742.728,45487.473,1422.20730501183,1056.12491671224,1442.64241350113,1310.40732694083,953.996399350966,938.750632745717,1182.61090885838,1273.87410136508,0.209380732507878,0.144996050966794,0.216040253690835,0.210893306797601,0.124664595480975,0.136788140296195,0.146101761141545,0.178843561084084,1.44841228879529,0.880065649773756,1.57822013557844,1.6219778299988,0.754935241904505,0.91506436077882,0.816376686050381,1.17904543016027
"21","21","T2","T",2,"Ho3","Ho",3,0,4.49,1.6,3.79,1.69,8,117,125,224,14.2,NA,NA,10,0,10,2,NA,7,30.32,0.356347438752784,0.445910290237467,NA,1,99.43,159.299,121.767,202.403,95.238,131.868,125.593,263.745,178.810767857143,186.809704081633,168.987791666667,184.965703389831,140.138362068966,170.483631578947,161.864602739726,158.337161904762,10013.403,18307.351,12167.121,21825.953,8128.025,6478.378,11816.116,16625.402,1178.90253618045,1351.21884977875,1185.47595623636,1095.02096006903,1378.75688052153,1295.89277113248,969.904915707822,849.771847178502,0.210800467723159,0.252420793476693,0.200330963918312,0.202541322105775,0.193216730927604,0.220928505759571,0.156993273876354,0.134550462548811,1.76423351023497,2.36913104173492,1.59991696679924,2.00270886511642,1.26274699494599,1.79794378514741,1.18332454812066,1.1047193108271
"22","22","t2","T",2,"Ho1","Ho",1,1,4.59,2.88,NA,NA,NA,135,132,248,7,36,32,4,0,2,NA,0,NA,NA,0.627450980392157,NA,4752,0.5,NA,NA,NA,NA,516.859400345351,328.323478624876,412.478153942756,554.93328449584,NA,NA,NA,NA,127.491572755418,128.250955645161,167.536577039275,150.851016393443,NA,NA,NA,NA,41179.778,31806.237,55454.607,55211.472,NA,NA,NA,NA,1099.84620316519,1315.12484836123,1453.38300849535,1127.755264755,NA,NA,NA,NA,0.140221122230605,0.168666018595026,0.243494814370354,0.170123027931347,NA,NA,NA,NA,0.805342590050855,1.04056577589811,2.2060883583909,1.34795680778688
"23","23","t2","T",2,"Ho2","Ho",2,1,5.83,2.69,NA,NA,NA,163,175,163,11,NA,17,5,0,5,3,0,5,NA,0.461406518010292,NA,NA,1,NA,NA,NA,NA,118.781,164.325,237.328,160.989,NA,NA,NA,NA,96.2915142857143,99.0425466666667,91.2678051948052,104.511078431373,NA,NA,NA,NA,3370.203,7428.191,7027.621,5330.065,NA,NA,NA,NA,972.776493237984,1410.71487297843,1074.73638925152,1013.58464108572,NA,NA,NA,NA,0.0936701215954324,0.139720793640327,0.0980888314099765,0.105930823921344,NA,NA,NA,NA,0.381127410263059,0.584873398956855,0.381980715404358,0.498447626909572
"24","24","t2","T",2,"Ho3","Ho",3,1,4.84,2.79,NA,NA,NA,127,90,127,17,104,NA,9,0,1,NA,0,NA,NA,0.576446280991736,NA,9360,0.111111111111111,NA,NA,NA,NA,NA,NA,NA,NA,NA,NA,NA,NA,NA,NA,NA,NA,NA,NA,NA,NA,NA,NA,NA,NA,NA,NA,NA,NA,NA,NA,NA,NA,NA,NA,NA,NA,NA,NA,NA,NA,NA,NA,NA,NA,NA,NA,NA,NA
"25","25","T2","T",2,"Fe1","Fe",1,0,6.79,4.81,6.95,3.04,10,385,450,385,36,139,92,9,0,2,4,0,5,69.5,0.70839469808542,0.437410071942446,62550,0.222222222222222,NA,NA,NA,NA,78.815,104.815,78.787,57.156,NA,NA,NA,NA,164.473088235294,148.936596153846,202.9370625,200.234818181818,NA,NA,NA,NA,5592.085,7744.703,6493.986,4405.166,NA,NA,NA,NA,1131.76429998222,1425.63142346601,1240.86871777988,887.107726547041,NA,NA,NA,NA,0.186144769572532,0.21232869158099,0.25181825253439,0.177629854332833,NA,NA,NA,NA,1.91997353083615,1.91755749847075,2.81745746982785,1.88004630607969
"26","26","T2","T",2,"Fe2","Fe",2,0,4.25,3.33,4.2,2.57,9,203,146,203,185,169,22,4,0,2,2,1,3,37.8,0.783529411764706,0.611904761904762,24674,0.5,113.513,165.201,148.1,85.353,185.246,211.996,182.122,123.062,284.81364516129,321.562703703704,243.03876744186,270.110095238095,170.89241509434,155.939841269841,146.676536585366,147.5938,8829.223,8682.193,10450.667,5672.312,9057.298,9824.21,6013.738,5165.783,1026.13243341542,582.270604680887,761.726867654001,653.965383070056,1058.10621277507,1130.52180224403,888.274530930436,1101.05784245637,0.292256518779272,0.187236509928377,0.185129159041978,0.17664265190347,0.180822326127456,0.176293390394029,0.130289031733867,0.162509310987937,4.81220920101303,3.16442811269226,2.4858126730249,3.16245783492152,1.56697051781436,1.49611099722463,0.951490998470609,1.21759785088241
"27","27","T2","T",2,"Fe3","Fe",3,0,5.92,4.28,5.95,2.26,15,295,281,323,NA,149,51,2,0,2,4,1,4,89.25,0.722972972972973,0.379831932773109,41869,1,141.858,87.489,114.222,86.293,174.781,155.066,90.877,116.964,202.326086956522,181.438066666667,183.357294117647,194.874043478261,175.77947,205.474620253165,167.008610169492,186.119441176471,4653.5,2721.571,6234.148,4482.103,17577.947,16232.495,9853.508,6328.061,371.864053511893,375.869949825885,612.518415835329,499.987944586009,981.184739391644,855.939152943699,887.851058570964,589.811434319797,0.0752377988268519,0.0681971170145055,0.112309719324794,0.0974346724518602,0.172472133462351,0.175873772410922,0.148278771329449,0.109775374555093,0.802917295222984,0.636149166476016,1.10501491586152,0.929687813750603,1.70638443000632,1.80594057271494,1.39651853310488,1.03882668272587
"28","28","T2","T",2,"Fe1","Fe",1,0,4.43,2.75,5.22,NA,45,205,284,253,295,350,75,6,1,2,3,0,5,234.9,0.620767494356659,NA,99400,0.333333333333333,105.979,65.494,97.688,111.833,72.744,63.843,68.552,81.116,161.861444444444,154.354625,165.706526315789,190.826090909091,189.829736842105,189.727235294118,158.028166666667,192.5633,2913.506,2469.674,3148.424,4198.174,3606.765,3225.363,1896.338,3851.266,605.984651666232,769.25008881244,736.039054923321,654.838680472648,730.406812576425,795.973987697919,538.806993214541,721.891776008562,0.0980855510298599,0.118737308989861,0.1219664750241,0.124960305570663,0.138652933019064,0.15101794405196,0.085146681324873,0.13900986263107,0.732969613462326,0.86482993035155,0.978025487668743,1.1430058218261,1.55644110046154,1.41123148978144,0.589729446666424,1.19523017863539
"29","29","T2","T",2,"Fe2","Fe",2,0,3.92,3.26,NA,NA,32,NA,181,295,237,193,18,2,0,2,2,1,5,NA,0.831632653061224,NA,34933,1,NA,NA,NA,NA,NA,NA,NA,NA,NA,NA,NA,NA,NA,NA,NA,NA,NA,NA,NA,NA,NA,NA,NA,NA,NA,NA,NA,NA,NA,NA,NA,NA,NA,NA,NA,NA,NA,NA,NA,NA,NA,NA,NA,NA,NA,NA,NA,NA
"30","30","T2","T",2,"Fe3","Fe",3,0,5.05,2.97,NA,NA,14,182,204,194,115,115,17,5,0,3,2,0,6,NA,0.588118811881188,NA,23460,0.6,NA,NA,NA,NA,NA,NA,NA,NA,NA,NA,NA,NA,NA,NA,NA,NA,NA,NA,NA,NA,NA,NA,NA,NA,NA,NA,NA,NA,NA,NA,NA,NA,NA,NA,NA,NA,NA,NA,NA,NA,NA,NA,NA,NA,NA,NA,NA,NA
"31","31","T2","T",2,"Ft1","Ft",1,0,9.55,6.89,9.49,5.18,24.11,NA,317,317,138,194,71,3,0,3,5,0,5,228.8039,0.721465968586387,0.545837723919916,61498,1,228.153,161.817,150.739,120.056,143.442,117.01,182.404,120.47,248.346436363636,243.548702702703,246.687386363636,226.989821428571,204.533436363636,246.302514285714,226.935218181818,245.613216216216,13659.054,9011.302,10854.245,6355.715,11249.339,8620.588,12481.437,9087.689,702.230964582725,800.621009471613,808.926522743438,809.90027328933,995.661405186276,879.842863792622,830.346833516705,670.011150906751,0.174396557558319,0.19499020821334,0.199551969655803,0.183839118408896,0.203646048657396,0.216707509528466,0.188434939830695,0.164563593674936,2.20047715175485,2.64932148285255,2.40204401829562,2.27079702619867,2.04679717716378,2.53420060925922,2.02313428134198,2.02762080074757
"32","32","T2","T",2,"Ft2","Ft",2,0,5.27,3.74,4.83,2.93,22,NA,131,146,117,128,29,2,0,2,3,0,4,106.26,0.709677419354839,0.606625258799172,16768,1,101.497,65.87,131.754,63.424,192.456,99.622,130.504,178.505,143.6901,132.63325,153.916037037037,170.577166666667,121.188553191489,126.60515,124.54475,144.4979,2873.802,1591.599,4155.733,2046.926,5695.862,2532.103,2989.074,2889.958,981.366693201481,940.023155450468,873.277024857892,628.047075556196,999.314530784097,672.275231422384,559.847197051535,584.036771398331,0.14101267828279,0.124678326182651,0.134411338901621,0.107130490681662,0.121105482168957,0.0851135065155156,0.0697260291949842,0.0843920869898388,0.892057665993842,0.744392659089093,0.968677110039508,0.831455786428891,0.706370346045809,0.48819342233155,0.403325263277033,0.581239019446373
"33","33","T2","T",2,"Ft3","Ft",3,0,6.68,3.94,6.5,3.99,19,127,109,127,NA,51,22,3,0,3,3,0,3,123.5,0.589820359281437,0.613846153846154,5559,1,195.989,97.691,332.891,167.465,NA,NA,NA,NA,206.03434375,232.328266666667,174.469509803922,197.778269230769,NA,NA,NA,NA,6593.099,3484.924,8897.945,5142.235,NA,NA,NA,NA,661.364567095656,524.962369556719,567.506231390721,500.492189471525,NA,NA,NA,NA,0.136263814561056,0.121963597384339,0.09901253400141,0.0989864789971964,NA,NA,NA,NA,1.41521237735992,1.50154629666387,0.891851703020505,0.952876250487864,NA,NA,NA,NA
"34","34","t2","T",2,"Ft1","Ft",1,1,10.56,7.81,9.43,5.38,38,210,201,210,NA,121,30,2,0,2,2,0,6,358.34,0.739583333333333,0.570519618239661,24321,1,NA,NA,NA,NA,344.29,173.034,221.589,133.807,NA,NA,NA,NA,164.345450704225,165.310210526316,151.581567567568,184.084740740741,NA,NA,NA,NA,11668.527,6281.788,5608.518,4970.288,NA,NA,NA,NA,425.07487629426,469.666947247164,399.952700204791,428.49712600524,NA,NA,NA,NA,0.069859122127623,0.0776407419266808,0.0606254572499237,0.0788797823488271,NA,NA,NA,NA,0.531916111966254,0.69108627953715,0.456801496902451,0.665050098938397
"35","35","t2","T",2,"Ft2","Ft",2,1,10.24,5.68,8.94,6.82,9,125,121,210,40,88,169,3,0,1,2,0,5,80.46,0.5546875,0.762863534675615,10648,0.333333333333333,110.633,82.189,65.786,81.907,182.055,122.498,106.899,138.749,73.254,81.8030769230769,74.1998888888889,79.9746363636364,142.010761904762,154.980925925926,181.504409090909,203.8545,805.794,1063.44,667.799,879.721,2982.226,4184.485,3993.097,5300.217,681.850877154478,795.76210275759,658.652826692249,508.883492947312,408.27407209399,552.52661467911,538.391810646706,500.642590957569,0.0499483041550742,0.0650957885043486,0.0488719665569175,0.0406977722999184,0.0579793120440273,0.0856310863416857,0.0977204874508149,0.10205824505836,0.148462720667755,0.226041809324377,0.145268552524422,0.139275808082038,0.355305450513162,0.66873962643883,0.877900535547072,1.57387000510267
"36","36","t2","T",2,"Ft3","Ft",3,1,10.71,5.85,6.35,5.02,20,87,77,130,89,71,93,3,0,3,0,1,3,127,0.546218487394958,0.790551181102362,5467,1,NA,NA,415.013,181.413,133.171,127.699,92.635,74.859,NA,NA,279.826158415842,291.605983333333,180.575212121212,142.67168,149.3664375,146.756638888889,NA,NA,28262.442,17496.359,5958.982,3566.792,4779.726,5283.239,NA,NA,424.194147285776,732.403947950548,845.778736372519,759.88332015268,923.493956465695,900.426063183404,NA,NA,0.118700618657462,0.213573373439335,0.152726674728078,0.108413829890161,0.137939002330061,0.132143502600751,NA,NA,1.86341153249093,3.71616932440695,1.31700434422767,0.677050804709705,0.922932918005827,0.90868891729359
"37","37","T3","T",3,"Ho1","Ho",1,0,6.92,5.01,4.83,2.28,40,60,123,134,88,NA,11,4,0,3,4,0,5,193.2,0.723988439306358,0.472049689440994,NA,0.75,120.011,57.383,136.296,65.48,178.971,268.45,386.185,216.646,157.336735849057,115.168114285714,125.487666666667,151.075272727273,119.548939393939,126.619022670025,123.775701078582,134.460018987342,8338.847,4030.884,8658.649,6647.312,31560.92,50267.752,80330.43,42489.366,1208.56400301264,1580.14547488348,1335.81186871553,1385.57137543173,1309.8446032279,1283.69960359753,1339.30345092858,1156.11054665188,0.190151515298678,0.181982374639435,0.167627914510751,0.209325573426452,0.15659053308677,0.162540789209418,0.16577322359565,0.155450646054278,1.48187689148484,0.878979063679871,0.987124351060464,1.41073406413037,0.831466067499934,0.937740157812339,0.920961154302892,0.936041408926541
"38","38","T3","T",3,"Ho2","Ho",2,0,6.16,3.03,4.31,2.36,24,130,150,195,22,103,16,4,0,3,3,1,7,103.44,0.491883116883117,0.547563805104408,15450,0.75,96.859,72.221,76.968,73.307,158.626,177.505,398.747,216.646,234.456923076923,358.717,302.4941,184.221583333333,187.27208974359,173.089130434783,146.190888888889,159.6703,3047.94,2511.019,3024.941,2210.659,14607.223,15924.2,32892.95,22353.842,1268.63527751812,881.408057985493,1221.5469660576,1359.7554993025,1002.13404112202,1077.23396014442,1094.97411657439,1243.63059867086,0.297440323673736,0.316176054336382,0.369510750105324,0.250496311027714,0.18767173608411,0.186457489436215,0.160075239412335,0.198570870778955,3.62079773275358,4.76414893155538,5.12563521048483,2.26559912718994,1.91976563568163,1.48636836113355,1.23309787082793,1.93345461071672
"39","39","T3","T",3,"Ho3","Ho",3,0,4.73,1.38,3.2,2.01,23,185,152,327,15,67,18,13,0,8,5,1,7,73.6,0.291754756871036,0.628125,10184,0.615384615384615,54.432,95.238,109.412,34.074,782.837,160.402,178.225,308.249,192.463,213.113451612903,277.515785714286,153.811117647059,131.090738095238,119.432101010101,170.41173255814,136.626109489051,2886.945,6606.517,7770.442,2614.789,49552.299,11823.778,14655.409,18717.777,1009.3882862339,1161.26891667871,912.057895359412,841.225283860877,1010.33675362795,1234.56450444354,1020.59421905146,854.869782626197,0.194269897733436,0.247482027084178,0.253110463447585,0.129389801103606,0.132445790757835,0.147446632598186,0.173921229107381,0.116797532519968,1.64901155849297,2.60426560396099,4.22922834560436,0.917206426053258,0.811039549179269,0.791736521404735,1.48350202667354,0.77196832719749
"40","40","t3","T",3,"Ho1","Ho",1,1,4.1,1.46,3.96,1.81,27,160,119,225,17,NA,37,26,7,9,2,0,6,106.92,0.35609756097561,0.457070707070707,NA,0.346153846153846,114.153,129.358,218.739,106.239,475.833,42.502,118.251,220.032,187.456702702703,235.441058823529,220.401042857143,212.27975862069,121.3447771261,131.473153846154,127.586986486486,129.615380952381,6935.898,12007.494,15428.073,6156.113,41378.569,5127.453,9441.437,19053.461,1433.14160804848,1087.14091233314,1184.31860240764,1256.47164830172,1129.83107647061,1435.07522166482,1070.90388350262,949.531013401853,0.268652000350817,0.255957607490092,0.261025055045758,0.26672349821523,0.137099100164467,0.188673865398742,0.136633399312774,0.123073824028181,2.78408547714496,2.75460512805876,3.22277301825313,3.31995649757484,0.812375725919408,1.07578377178303,0.794346602266643,0.95421322974305
"41","41","t3","T",3,"Ho2","Ho",2,1,4.07,1.61,2.97,1.65,24,68,117,227,17,52,46,6,0,6,6,0,6,71.28,0.395577395577396,0.555555555555555,6084,1,108.864,28.785,85.921,49.192,50.175,107.835,96.127,44.155,71.7355,81.9835714285714,83.72575,87.0683636363636,120.20914,115.789397727273,112.401009950249,116.503548780488,143.471,573.885,2009.418,957.752,6010.457,10189.467,22592.603,19106.582,152.640392860514,478.838071448727,776.879153371577,656.835368107913,1105.77342393838,1182.78854755499,1411.36754198177,1388.57001830868,0.0109497349020454,0.0392568552333361,0.0650447897754003,0.0571895806796445,0.132924072326488,0.136954373560108,0.158639137129751,0.161773334863148,0.0312002278785423,0.130868807496541,0.222487531767594,0.205948618198919,0.736422547255267,0.706808395368213,0.784762880569726,0.827097932195452
"42","42","t3","T",3,"Ho3","Ho",3,1,5.77,2.43,5.08,2.62,17,156,143,249,37,NA,15,11,0,0,3,1,6,86.36,0.421143847487002,0.515748031496063,NA,0,77.037,122.467,59.657,47.622,186.186,372.728,86.471,201.242,261.715227272727,178.167,149.05664,206.828466666667,174.64410326087,158.597373401535,155.489935064935,160.093125560538,5757.735,8908.35,3726.416,3102.427,32134.515,62011.573,11972.725,35700.767,1023.36686084148,1260.75391550148,1487.55449373989,956.467527809426,1246.57999096208,1426.28054068751,1440.38918885208,1348.93879950471,0.267830690568504,0.224624742863152,0.221729874653769,0.197824712193281,0.217707844664515,0.226204347486759,0.223966021442844,0.215955828602589,4.25534902996178,1.87114401408678,1.55454218465336,1.9858451091071,1.79859743523756,1.79164545285246,1.89828774213132,1.69369528953168
"43","43","T3","T",3,"Fe1","Fe",1,0,5.31,2.08,2.47,1.21,26,118,116,145,250,232,25,6,0,6,5,1,6,64.22,0.391713747645951,0.489878542510121,26912,1,247.321,182.347,260.828,222.726,241.886,111.471,253.234,232.678,185.001602272727,172.4501,161.507253164557,201.2657,122.611433628319,116.8869375,112.354070175439,124.015235294118,16280.141,8622.505,12759.073,12075.942,13855.092,3740.382,6404.182,8433.036,735.086678270447,564.377800491303,631.950028643987,487.79976861706,676.282623354442,415.9117702826,376.918088914054,409.708382221605,0.135992213289369,0.0973270081325053,0.102064513263553,0.0981773618905506,0.0829199819874083,0.0486146530985367,0.0423482814122418,0.0508100814231847,1.25187002560261,0.919256373502409,0.873410505763141,1.0523099298204,0.468730651883039,0.256133249651194,0.247269612362536,0.293448353731246
"44","44","T3","T",3,"Fe2","Fe",2,0,3.04,1.87,1.72,1.64,39,227,191,232,190,225,52,4,0,3,2,1,5,67.08,0.615131578947368,0.953488372093023,42975,0.75,139.968,152.8,185.767,101.519,169.574,172.162,210.455,71.692,162.000970588235,113.047129411765,129.859428571429,187.735428571429,105.942967741935,140.119151515152,144.492243243243,145.807466666667,5508.033,9609.006,6363.112,3942.444,3284.232,4623.932,5346.213,2187.112,763.338048023216,1671.61564507482,839.889692108893,599.266863603126,712.124571872222,812.750398434717,693.844408200478,780.117751995599,0.12366150466669,0.188971350155504,0.109067595480294,0.112503621467189,0.0754445905460984,0.113881896222274,0.100255135002668,0.113746993120173,0.913997020037914,1.1321693599396,0.696645090060575,1.05304915060305,0.340086407705085,0.745339859591488,0.683188718383839,0.813512588156147
"45","45","T3","T",3,"Fe3","Fe",3,0,4.1,1.74,3.5,2.87,23,NA,213,213,292,260,132,9,0,8,2,1,7,80.5,0.424390243902439,0.82,55380,0.888888888888889,180.837,121.404,405.025,339.627,196.333,106.762,421.217,357.035,204.917955555556,180.608272727273,221.575086419753,257.806189655172,204.21725,215.6516875,168.562384615385,177.331729323308,9221.308,3973.382,17947.582,14952.759,8985.559,3450.427,13147.866,23585.12,639.369031074001,511.650839332101,541.793445652916,461.180516734892,636.572050573689,427.469948645996,526.974262963867,1017.41645062257,0.131018194693221,0.0924083743312301,0.120047929542201,0.118895191762626,0.12999899359502,0.0921846157810473,0.0888280383961241,0.180420218630883,1.42348482753129,0.875980662509127,1.41832691808768,1.7216095137673,1.51888643194842,1.05919687164548,0.792767667227069,2.51469794541757
"46","46","t3","T",3,"Fe1","Fe",1,1,4.15,3.3,3.24,NA,27,140,147,180,180,157,43,3,0,2,3,1,4,87.48,0.795180722891566,NA,23079,0.666666666666667,NA,NA,NA,NA,NA,NA,NA,NA,NA,NA,NA,NA,NA,NA,NA,NA,NA,NA,NA,NA,NA,NA,NA,NA,NA,NA,NA,NA,NA,NA,NA,NA,NA,NA,NA,NA,NA,NA,NA,NA,NA,NA,NA,NA,NA,NA,NA,NA
"47","47","t3","T",3,"Fe2","Fe",2,1,4.44,1.91,3.8,NA,13,197,157,257,NA,103,63,3,0,1,3,0,6,49.4,0.43018018018018,NA,16171,0.333333333333333,NA,NA,NA,NA,NA,NA,NA,NA,NA,NA,NA,NA,NA,NA,NA,NA,NA,NA,NA,NA,NA,NA,NA,NA,NA,NA,NA,NA,NA,NA,NA,NA,NA,NA,NA,NA,NA,NA,NA,NA,NA,NA,NA,NA,NA,NA,NA,NA
"48","48","t3","T",3,"Fe3","Fe",3,1,6.92,5.15,5.49,2.74,35,280,381,280,295,272,13,4,0,4,5,0,7,192.15,0.744219653179191,0.499089253187614,103632,1,257.476,128.815,232.368,285.772,190.271,136.587,285.732,326.715,191.456307692308,264.610375,195.845057142857,271.269272727273,214.766456,204.428987012987,202.41872392638,221.474212643678,7466.796,4233.766,6854.577,8951.886,26845.807,15741.032,32994.252,38536.513,590.375198985001,493.14630584699,577.715869292091,454.460124038927,759.803648881639,707.712736554844,678.161492662721,641.027700146041,0.11303105575078,0.130491628920037,0.113142797433845,0.123281067331586,0.163180336926178,0.144676997830096,0.137272583960797,0.141971105172632,1.20345491205061,1.82006721019001,1.39421048591134,1.72395331560537,2.0168479974842,1.69736813198023,1.57729807773129,1.85505589871433
"49","49","T3","T",3,"Ft1","Ft",1,0,7.67,5.71,7.86,2.34,9,175,180,175,201,197,17,4,0,4,3,0,5,70.74,0.744458930899609,0.297709923664122,35460,1,222.947517136728,363.155250902622,385.233635079274,313.046936319397,208.334,140.381,574.755,279.819,186.861105263158,209.698688311688,219.628790697674,217.08676,109.167177777778,99.6906333333333,108.54487755102,113.739904761905,10651.083,16146.799,18888.076,16281.507,4912.523,2990.719,10637.398,7165.614,494.208278872828,659.900946488539,570.581151301296,554.721813789323,691.098724511274,748.433001922529,622.238186252504,764.959082587488,0.0923483052203796,0.138380362894288,0.125316048255191,0.120422761256847,0.0754452973207177,0.0746117599692248,0.0675407677343471,0.0870063732002549,0.905066030355859,1.61658005724481,1.65052719317948,1.38914663837784,0.350166689494492,0.321749894399158,0.329998782044541,0.440697678437198
"50","50","T3","T",3,"Ft2","Ft",2,0,10.39,3.94,5.89,3.65,17,177,169,215,256,262,20,6,0,6,5,0,6,100.13,0.379210779595765,0.619694397283531,44278,1,236.06,323.2,225.558,143.835,231.394,213.698,552.594,191.934,226.498568965517,245.49685483871,255.468285714286,342.76456,172.65886746988,126.652493333333,151.276731843575,174.965302631579,13136.917,15220.805,16094.502,8569.114,14330.686,9498.937,27078.535,13297.363,597.695896884999,521.747986346689,626.92455070736,589.176183381737,799.264823643663,877.31919449974,812.872267835938,856.924687192061,0.135377265321014,0.128087489666542,0.160159340241408,0.20194871525932,0.138000159258828,0.111114663432584,0.122968660084496,0.14993208722703,1.46556719355213,1.67640794346025,2.16327369718655,3.32998727080779,1.11447478001752,0.631167975067591,0.965866900142838,1.56593344351525
"51","51","T3","T",3,"Ft3","Ft",3,0,7.72,3.72,5.86,2.77,22,153,158,153,295,315,43,4,0,4,3,0,6,128.92,0.481865284974093,0.472696245733788,49770,1,291.335,212.547,307.699,225.624,310.848,257.669,446.116,213.814,249.593017857143,198.073765957447,210.320097222222,243.870928571429,101.648166666667,80.3212142857143,113.791272727273,135.812189189189,13977.209,9309.467,15143.047,10242.579,1219.778,1124.497,6258.52,5025.051,671.5468026988,689.493019414029,756.340073273752,766.0988236295,138.38238446374,206.309016536859,410.361923447011,614.100264435962,0.167613393117909,0.136570478956708,0.159073517743998,0.186829231496005,0.014066315679701,0.016570990726332,0.0466956055478471,0.083402301294708,2.13235191931545,1.30509201353754,2.05372253273424,2.75304535988947,0.0616151918849038,0.0546250949952096,0.239518278323977,0.577922852435485
"52","52","t3","T",3,"Ft1","Ft",1,1,7.7,3.69,6.83,3.34,15,115,136,115,227,221,40,8,0,6,2,0,6,102.45,0.479220779220779,0.489019033674963,30056,0.75,266.079,450.201,427.868,296.961,367.471,521.497,158.531,379.912,99.6327407407407,93.4696206896552,94.8456835443038,118.963326530612,115.580066666667,125.903676470588,98.2941,121.165644444444,2690.084,5421.238,7492.809,5829.203,3467.402,8561.45,982.941,5452.454,313.741806809093,418.744414510187,517.277029234888,523.391866206333,392.108014961614,539.89043534193,262.445974335638,454.949370689866,0.0312589560973419,0.0391398815901789,0.0490614934195498,0.0622644374829705,0.0453198705097977,0.0679741907008555,0.0257968908459446,0.055124233689232,0.13508900212596,0.156087931874733,0.202497281655355,0.366566463180705,0.29179390804533,0.549191698532504,0.110324632312393,0.314970808350367
"53","53","t3","T",3,"Ft2","Ft",2,1,8.28,4.89,8.5,2.75,35,225,229,270,143,144,82,3,0,3,3,1,4,297.5,0.590579710144927,0.323529411764706,32976,1,106.386,95.956,64.871,90.373,264.899,209.169,189.979,221.489,204.6014,173.680266666667,225.138090909091,250.683357142857,93.0497692307692,97.5824,123.441692307692,126.999454545455,3069.021,2605.204,2476.519,3509.567,1209.647,1463.736,3209.484,5587.976,779.318740002027,1027.91056327359,796.087172795432,844.993475521711,206.50545992349,262.651071808397,610.125182109745,750.274715494693,0.159449705250651,0.178527780738841,0.179229546280379,0.211825801207593,0.0192152853907746,0.0256301219496357,0.0753148849991659,0.0952844796270721,1.42985515555232,1.52899570376588,2.18308613666846,2.76056778357057,0.082857760009122,0.115044038854617,0.445997266508276,0.584362985608422
"54","54","t3","T",3,"Ft3","Ft",3,1,23.25,10.53,13.23,6.33,6.62,252,352,252,231,221,19,4,0,1,6,1,5,87.5826,0.452903225806452,0.478458049886621,77792,0.25,NA,NA,NA,NA,NA,NA,NA,NA,NA,NA,NA,NA,NA,NA,NA,NA,NA,NA,NA,NA,NA,NA,NA,NA,NA,NA,NA,NA,NA,NA,NA,NA,NA,NA,NA,NA,NA,NA,NA,NA,NA,NA,NA,NA,NA,NA,NA,NA
"55","55","F1","F",1,"Fe1","Fe",1,0,3,2.09,2.46,0.92,34,155,142,261,247,215,42,4,2,1,2,1,5,83.64,0.696666666666667,0.373983739837398,30530,0.25,272.682,378.862,120.206,116.739,238.862,78.778,80.722,166.55,192.379512820513,182.788216494845,219.364711864407,272.804212121212,178.386153061224,173.349525,202.081870967742,193.274529411765,15005.602,17730.457,12942.518,9002.539,17481.843,6933.981,6264.538,13142.668,616.563899300153,607.424075016026,663.094714461477,552.078927313098,746.555776783728,991.449927729814,844.626943329278,737.584847721139,0.118614262570079,0.111029963328211,0.145459580976653,0.150609456794374,0.133175213066083,0.171867374033248,0.170683792977745,0.142556364344551,1.18776988921285,1.06858643209583,1.75637533087214,2.26724876387854,1.19113401520082,1.73593500791125,1.76553817022179,1.5149103758892
"56","56","F1","F",1,"Fe2","Fe",2,0,2.82,1.96,2.13,1.04,33,135,148,198,237,250,53,3,0,1,2,0,4,70.29,0.695035460992908,0.488262910798122,37000,0.333333333333333,74.336,84.798,58.423,151.319,71.698,58.106,80.078,114.63,265.164461538462,244.304181818182,248.694538461538,235.031023809524,157.065869565217,144.919875,210.682571428571,178.190098039216,3447.138,5374.692,3233.029,9871.303,3612.515,3478.077,4424.334,9087.695,731.507292137487,1012.10068394692,870.680339202221,984.435677636872,929.339225270124,1263.88209561096,773.067703780546,1189.43221511449,0.193969737231095,0.247260429509276,0.216533445105432,0.231372925189616,0.145967473538118,0.183161635310678,0.162871891720867,0.211945043022252,2.62611255721878,3.17185746916184,2.67865397957837,3.31540143248357,1.22660719510891,1.31717674094602,1.75787508897982,2.20033783740135
"57","57","F1","F",1,"Fe3","Fe",3,0,5.99,4.31,3.83,1.17,19,243,231,315,226,184,74,2,0,2,3,1,5,72.77,0.719532554257095,0.305483028720627,42504,1,203.067,77.898,71.658,173.09,114.196,111.252,186.293,186.337,135.687285714286,178.791333333333,135.967936170213,190.169222222222,139.479711111111,115.379266666667,85.2430555555556,134.161923076923,949.811,1609.122,6390.493,8557.615,6276.587,1730.689,7671.875,12208.735,282.651628236995,190.131697932253,798.365918015566,662.107594700594,627.447674548482,205.480325020408,668.528191508908,650.537465384402,0.0383522322382012,0.0339938997822381,0.108552166181214,0.125912486311638,0.0875162203833607,0.023708169215283,0.0569873857692489,0.0872773573895586,0.253237854708219,0.287832637153109,0.815072331132297,1.2004917852841,0.558607364108147,0.118709642392851,0.218570501269174,0.624261061304519
"58","58","F1","F",1,"Ft1","Ft",1,0,5.18,2.96,6.42,2.59,18,177,156,177,215,131,24,3,1,2,5,0,4,115.56,0.571428571428572,0.403426791277259,20436,0.666666666666667,201.658,147.883,181.227,311.672,NA,231.293,256.419,255.39,282.957684210526,303.251566666667,154.511972972973,159.721438596491,NA,83.1962857142857,110.222666666667,117.223727272727,10752.392,9097.547,5716.943,9104.122,NA,1164.748,3306.68,2578.922,597.706811174625,620.883055779796,727.194156748617,556.613610500149,NA,276.315833343889,359.960496686444,333.612912972535,0.16912573512683,0.188283759382011,0.112360203893646,0.0889031266114708,NA,0.0229884510182592,0.0396758058394377,0.0391073491249525,2.19839532430514,3.20697040890002,0.876478708686999,0.743316092839559,NA,0.0774674779803719,0.196874854661095,0.199450598463456
"59","59","F1","F",1,"Ft2","Ft",2,0,8.54,3.88,6.57,3.1,20,122,155,122,290,290,38,7,1,6,4,0,4,131.4,0.454332552693208,0.471841704718417,44950,0.857142857142857,196.322,107.819,167.835,242.79,77.425,104.955,310.252,245.008,256.536026315789,224.738962962963,190.997,228.06972,102.3555,114.226666666667,103.686527777778,148.507916666667,9748.369,6067.952,7257.886,11403.486,1228.266,2398.76,3732.715,7128.38,746.450381267506,797.904255564255,666.689983929583,615.396306446977,660.950677611375,770.930844410679,460.023219450394,679.643155879109,0.191491414652272,0.179320174939246,0.127335786860599,0.140353263300396,0.0676519370822511,0.0880608605875505,0.0476982103219661,0.100932389156365,2.73561446286923,1.83194231941639,1.45435619157101,1.71400807670341,0.300998080204856,0.440353823088219,0.250533379880848,0.918990146624552
"60","60","F1","F",1,"Ft3","Ft",3,0,5.49,2.77,3.93,2.45,23,86,102,86,240,204,25,3,0,2,2,0,3,90.39,0.504553734061931,0.623409669211196,20808,0.666666666666667,134.011,124.019,125.677,48.245,104.907644811888,242.902516875098,105.884569096332,95.3770080058605,258.227458333333,369.615315789474,278.444333333333,396.636363636364,183.024692307692,299.452717948718,261.951352941176,282.500555555556,6197.459,7022.691,7517.997,4363,4758.642,23357.312,13359.519,10170.02,698.821498233953,593.423539810923,845.665321879161,719.781707288548,304.399576505526,466.816848386817,541.668865938736,445.80151448999,0.180454899317646,0.219338429064122,0.235470716773762,0.285491598990903,0.0557126388285157,0.139789574033687,0.141890892278765,0.12593917551093,2.33400818676019,3.70146226673287,3.29794134454467,5.37025817700768,0.664954575755538,2.04702083056634,1.84044733384202,1.7022599139561
"61","61","F2","F",2,"Fe1","Fe",1,0,2.77,2.23,1.77,1.03,49,150,172,275,220,195,42,1,0,1,1,0,3,86.73,0.805054151624549,0.581920903954802,33540,1,155.139971744022,200.419130343781,97.8509758777667,65.9306158756737,60.18,79.567,79.156,48.145,165.8595,232.260024691358,255.080552631579,201.949604651163,165.3202,179.050684210526,281.719,247.529421052632,8624.694,18813.062,9693.061,8683.833,2479.803,3401.963,3662.347,4703.059,810.836356585305,799.882551305527,821.98182235598,1205.04763235173,865.857696572528,794.088010761415,558.817644730498,954.968756415024,0.13448491268506,0.185780741116408,0.209671577499676,0.243358892939252,0.14314376756891,0.142182001650207,0.157429548055831,0.236382863398762,1.24318500121407,2.22018546703165,3.1602528336432,2.67456800444669,1.05454821731661,1.41248874951172,2.39651235226501,2.71394229445197
"62","62","F2","F",2,"Fe2","Fe",2,0,4.9,2.42,4.11,1.89,26,283,263,283,278,243,37,8,0,2,3,0,4,106.86,0.493877551020408,0.45985401459854,63909,0.25,307.699,206.241,181.83,156.224,94.786,107.859,75.5,70.878,201.99132,245.208826923077,229.343130434783,289.172731707317,157.477444444444,240.651137931034,231.925625,273.053136363636,15149.349,12750.859,10549.784,11856.082,7086.485,6978.883,7421.62,6007.169,738.624915026336,793.020838640194,768.533095732797,745.275254259435,1443.47132874797,831.313277699286,1216.1549073411,730.168575639901,0.149195821571058,0.194455709568517,0.176257786018094,0.215513281148066,0.227314175980057,0.200056486255511,0.282057486981902,0.199374819652644,1.59147257634615,2.71849012278433,2.12948862584749,3.49236500860756,2.03818000318397,2.53736721995163,4.62423783998729,4.06397227198514
"63","63","F2","F",2,"Fe3","Fe",3,0,2.44,1.94,2.06,1.29,20,160,138,175,235,191,50,6,2,1,3,1,4,41.2,0.795081967213115,0.62621359223301,26358,0.166666666666667,208.271,88.623,140.49,65.022,127.151,145.192,107.476,138.11,209.6965,247.117,136.702222222222,201.286105263158,146.407625,172.220098039216,167.664333333333,182.266430769231,5032.716,2718.287,2460.64,3824.436,5856.305,8783.225,6035.916,11847.318,290.394458319835,312.419984714023,321.277735948239,717.908582456304,529.511159253867,627.089275328694,581.250430291138,707.144456526208,0.0608947015290653,0.0772042893625753,0.0439193804546485,0.144505022497624,0.0775244712373554,0.107997376476448,0.0974549658944768,0.128888696129279,0.650073855382076,0.922644956998838,0.303049367562426,1.62757545877837,0.584390880108011,1.0405599348236,0.905725994904352,1.26392600056751
"64","64","F2","F",2,"Ft1","Ft",1,0,4.53,3.5,2.99,1.71,29,136,139,136,222,206,37,4,0,4,3,0,3,86.71,0.772626931567329,0.57190635451505,28634,1,168.698131965884,113.903511066925,102.047511904139,330.239129297263,168.158,97.382,273.804,232.53,182.413884615385,204.022363636364,193.143709677419,164.719549295775,150.033483870968,123.0183,124.933833333333,146.440807692308,9485.522,6732.738,5987.455,11695.088,4651.038,2460.366,6746.427,7614.922,607.556610498213,626.362918889885,596.552031477632,477.135363745803,553.671527730195,685.479475605238,544.301474829779,676.75733834829,0.110826761444735,0.127792043206086,0.115220272375191,0.0785935220692841,0.0830692682255223,0.0843265197738479,0.0680016697394712,0.0991048912394199,0.965137563869553,1.28066603307039,1.08974490204455,0.672370735454102,0.556907412492777,0.475458252415672,0.387723944949242,0.748354253773615
"65","65","F2","F",2,"Ft2","Ft",2,0,3.5,2.05,1.88,1.03,16,54,50,54,168,174,69,2,0,2,3,1,5,30.08,0.585714285714286,0.547872340425532,8700,1,85.336,87.951,85.353,73.327,89.909,39.219,80.423,97.758,207.084083333333,254.770714285714,238.740333333333,235.96975,102.997176470588,96.411875,123.249142857143,142.765,2485.009,3566.79,5013.547,2831.637,1750.952,771.295,1725.488,2712.535,476.247619428298,714.147463254546,817.226787555778,455.598225682878,591.872071757851,654.710668432548,441.122261829001,622.901886372398,0.0986233017089912,0.181943859318692,0.195104995669996,0.107507399414832,0.060961152222856,0.0631218831260852,0.0543679406656285,0.0889285878079554,0.884204921718195,2.14815203725593,2.4209041289773,1.22933714951341,0.281863138868668,0.26646781436941,0.283534955684719,0.585794845278102
"66","66","F2","F",2,"Ft3","Ft",3,0,5.25,2.92,4.16,2.38,27,129,77,149,195,200,23,2,0,2,4,1,4,112.32,0.556190476190476,0.572115384615385,15400,1,99.2993563916069,97.9933022866412,76.6338757783476,91.3411124483282,114.145,113.735,123.16,67.013,172.872047619048,255.199666666667,223.169708333333,248.676636363636,120.89975,141.49984,141.638730769231,175.312411764706,3630.313,7655.99,5356.073,8206.329,1934.396,3537.496,3682.607,2980.311,713.798525572064,674.532868507899,735.832209062197,704.566744109631,862.091187840589,788.282773780866,868.768606711836,793.116881044222,0.1233958127031,0.172140563198926,0.164215459478683,0.175209288018862,0.10422660908713,0.111541886364749,0.123051282786817,0.139043233227164,1.01154226575541,2.16280289567738,1.71801699477118,2.19494566691347,0.577362188358445,0.700229154594676,0.818037371513542,1.11013387078
"67","67","F3","F",3,"Fe1","Fe",1,0,2.6,2.16,1.51,0.98,20,150,104,280,145,248,50,2,0,0,2,1,4,30.2,0.830769230769231,0.649006622516556,25792,0,171.608,110.057,174.414,120.226,158.193710428549,122.442572340537,177.911150646225,85.8207315158809,144.695147058824,237.083544554455,340.683055555556,301.43995,138.268952380952,163.869214285714,229.532339285714,164.844151515152,4919.635,23945.438,6132.295,6028.799,5807.296,4588.338,12853.811,5439.857,525.845045936424,820.072665057081,633.939788379578,888.141240289567,476.840521857742,407.402280149022,506.279901883457,669.551735649018,0.0760872262519247,0.194425734223951,0.215972544143397,0.267721251065825,0.0659322394100565,0.0667606915462287,0.116207610212652,0.110371687758559,0.533662916242157,2.54091651502182,3.57768254293776,3.90187458043498,0.408381437278717,0.546701746789336,1.37454971058616,0.830225733751856
"68","68","F3","F",3,"Fe2","Fe",2,0,4.62,2.52,3.56,1.38,18,248,205,275,325,278,76,6,0,2,4,0,5,64.08,0.545454545454545,0.387640449438202,56990,0.333333333333333,277.865,155.701,150.715,272.894,279.452,163.295,152.672,283.315,185.267781954887,209.16108045977,176.285821917808,208.434326530612,148.821071428571,185.561558441558,219.252793650794,208.422073529412,24640.615,18197.014,12868.865,30639.846,18751.455,14288.24,13812.926,28345.402,747.028955295139,846.614161223968,759.922738712045,759.9013940344,508.412634901709,544.701774606468,513.918310164435,503.328483160253,0.138400397603607,0.177078732694147,0.133963604587885,0.158389535295233,0.0756625130538955,0.101075710181859,0.112678025211847,0.104904766126674,1.33200771495474,2.02312887973378,1.30531051046465,1.88355540187845,0.567569672594675,0.939039744044001,1.3762362362475,1.25676547041561
"69","69","F3","F",3,"Fe3","Fe",3,0,5.18,2.48,3.35,2.06,33,233,280,233,342,322,26,3,0,2,2,0,4,110.55,0.478764478764479,0.614925373134328,90160,0.666666666666667,108.864,183.748,272.186,255.39,206.185,277.016,151.23,110.493,146.828260869565,184.253853658537,218.880581818182,282.639066666667,165.265627272727,168.111395061728,179.9537,191.566414634146,3377.05,7554.408,12038.432,16958.344,18179.219,27234.046,19794.907,15708.446,504.931770238893,614.404180864732,561.253836839588,601.159295179336,907.642324303529,1080.82165970607,1233.93927977385,1308.06869159435,0.0741382536819676,0.113206338028243,0.122847566355136,0.169911102107479,0.150002078065299,0.181698437026121,0.222051938970639,0.250582029343908,0.587668146224207,0.97966384800935,1.29006952285739,2.35984515046546,1.34016971303549,1.97654680132996,2.27645474756092,3.91638068581788
"70","70","F3","F",3,"Ft1","Ft",1,0,3.45,2.74,2.19,0.85,27,77,84,101,172,117,47,2,0,2,2,1,3,59.13,0.794202898550725,0.388127853881279,9828,1,92.136,63.849,75.355,94.715,294.385955732301,104.032232745539,190.069070169013,61.0219245460729,182.50125,167.514125,171.1933,176.361333333333,97.1533611111111,127.997810810811,126.769360465116,127.953744186047,3650.025,2680.226,3423.866,4232.672,3497.521,4735.919,10902.165,5502.011,827.933222552131,1004.9329915287,936.391945107977,956.820463600508,366.707338364304,525.392751489095,787.177711419825,758.881635821999,0.151098848032292,0.168340470759563,0.160304027176453,0.168746132721204,0.0356268504662016,0.0672491220064726,0.099790015049085,0.0971017466974566,1.23754400029677,1.33723643833386,1.24193692038818,1.36892012783074,0.158167067034709,0.39428353812743,0.619982860136608,0.571160083766546
"71","71","F3","F",3,"Ft2","Ft",2,0,4.66,2.81,3.45,3.17,19,188,176,194,118,124,75,3,0,2,1,0,5,65.55,0.603004291845494,0.918840579710145,21824,0.666666666666667,181.092,95.743,159.248,194.98,231.484,140.49,190.58,109.97,150.550892857143,120.544933333333,136.565222222222,145.863642857143,101.009333333333,101.091652173913,124.720383333333,128.007904761905,4215.425,1808.174,4916.348,6126.273,6060.56,4650.216,7483.223,2688.166,601.587675610996,491.345639639275,601.898471214887,513.919455326292,798.867686319073,907.110559982116,968.763561180959,645.163829935943,0.0905695616950887,0.0592292273739405,0.0821983984766769,0.0749621638890517,0.080693092416632,0.0917013052129955,0.120824562709854,0.082586070098266,0.625703231683351,0.314459878883525,0.529095486100391,0.551598108676851,0.380725346595837,0.409633514117599,0.685425978975766,0.508708012341401
"72","72","F3","F",3,"Ft3","Ft",3,0,4.6,3.08,6.91,3.92,18,NA,151,151,NA,175,55,4,0,3,3,0,5,124.38,0.669565217391304,0.567293777134588,26425,0.75,80.629,85.821,90.651,115.124,333.132,255.882,225.074,208.397,263.0304,289.0232,236.73824,224.798483870968,134.097529411765,93.3552692307692,128.31358,152.646075471698,3945.456,4335.348,5918.456,6968.753,6838.974,4854.474,6415.679,8090.242,665.685031191687,716.231508888286,865.975408898742,876.184228829184,548.277651918801,552.664287230268,718.386002302174,707.696844309707,0.175095400028362,0.207007522639721,0.205009494185968,0.196964886232454,0.0735226785539947,0.0515941233286128,0.0921786797772803,0.108027145907582,2.00407271966611,2.74910857743883,2.32971777188588,2.03161669635213,0.436235917178067,0.21440506085366,0.540250211895986,0.880143830975742
"73","73","P1","P",1,"Fe1","Fe",1,0,3.47,2.79,3.1,2.45,10,127,173,127,265,293,15,2,0,1,2,1,5,31,0.804034582132565,0.790322580645161,50689,0.5,145.998,69.123,94.197,107.457,70.692,30.985,95.784,120.952,184.668816666667,201.790461538462,191.568666666667,251.6142,194.338304347826,210.601727272727,184.69436,203.562147058824,11080.129,5246.552,5747.06,8806.497,4469.781,2316.619,4617.359,6921.113,902.30825744163,831.362443838735,754.421057622321,657.866059879726,755.884669670657,824.278490204999,789.577917522665,751.903155822651,0.166628198170308,0.167761011247962,0.144523436113965,0.165528442363789,0.146897344986312,0.173594473790929,0.145830588146981,0.153059020779564,1.83812318923948,1.97079465699852,1.49565338524617,2.42581624086336,1.60641019717602,1.91670059763555,1.42870264473902,1.6168056627966
"74","74","P1","P",1,"Fe2","Fe",2,0,2.39,1.78,2.6,0.89,27,NA,102,131,254,252,83,3,0,3,3,0,5,70.2,0.744769874476987,0.342307692307692,25704,1,157.008,135.054,140.249,56.08,160.772,45.079,37.709,73.277,138.394288135593,143.155230769231,155.974666666667,182.447411764706,137.986225806452,165.842176470588,146.2604375,229.8379375,8165.263,1861.018,7018.86,3101.606,8555.146,2819.317,2340.167,3677.407,934.502030043559,264.708344260507,949.614862848434,698.337150433021,981.631687168853,1033.21774963093,1065.35497977804,499.836220735681,0.129329743209145,0.0378943841091539,0.148115861694497,0.127409805635645,0.135451651644449,0.171351080366837,0.155819285435139,0.114881326061684,0.930499307253605,0.230021980870119,1.13088322515142,1.19290839550438,0.94079726354158,1.3295122590426,1.09405255166322,1.26872456302053
"75","75","P1","P",1,"Fe3","Fe",3,0,4.03,2.18,4.28,2.65,18,113,112,113,284,260,77,2,0,2,4,1,5,77.04,0.540942928039702,0.619158878504673,29120,1,129.057087541207,196.134686829575,185.422531526346,214.576945214798,67.38,155.74,38.896,43.956,182.211457627119,214.175941176471,234.673549450549,269.115059322034,224.850388888889,302.274933333333,245.88595,156.786473684211,10750.476,18204.955,21355.293,31755.577,4047.307,4534.124,4917.719,2978.943,739.264156095551,706.959642497484,785.59749719085,828.103918000655,611.884259553587,493.18571765813,462.530571149288,865.5718190812,0.134702399453652,0.15141374680568,0.184358953105245,0.222855235017555,0.137582413715614,0.149077679926064,0.113729768891085,0.135709953234169,1.59646712797775,1.89762842933469,2.87521168477582,3.78276468579117,1.55503098847286,2.21156145510256,1.27486695722372,1.07505364174275
"76","76","P1","P",1,"Ft1","Ft",1,0,5.59,4.32,4.25,3.84,65,179,143,183,198,206,32,3,0,3,2,1,5,276.25,0.772808586762075,0.903529411764706,29458,1,160.88483072576,110.734655434043,133.758045104913,124.259327089111,154.907,62.803,100.493,185.763,99.4537647058823,134.273954545455,154.48245,114.632891304348,126.557818181818,133.034588235294,129.7173,130.898693877551,1690.714,5908.054,9268.947,5273.113,5568.544,2261.588,3891.519,6414.036,264.850443205439,888.731621017242,830.097206241873,838.612483929883,1024.95291467537,970.234003553853,1178.18763340801,919.380115243314,0.0263403736608023,0.119333509283577,0.1282354501584,0.0961325737168034,0.129715804620411,0.129074681154668,0.152831318699077,0.120345656262342,0.118727852587948,0.757464999885453,1.08876280509839,0.482441239783453,0.734031772741844,0.763658356737225,0.892318181678003,0.749010051489188
"77","77","P1","P",1,"Ft2","Ft",2,0,9.33,4.84,10.85,6.22,49,163,277,163,165,172,32,4,0,4,4,0,5,531.65,0.518756698821008,0.573271889400922,47644,1,185.503,104.992,85.296,111.705,186.617,109.346,115.912,104.218,257.565088235294,203.169555555556,209.055266666667,306.676111111111,189.38214893617,173.273757575758,192.850825,255.70712,8757.213,5485.578,6271.658,8280.255,8900.961,5718.034,7714.033,6392.678,473.321679984325,588.325549921478,675.772621345473,503.167041258583,589.874677512344,765.244480159525,769.258175235982,524.741119587284,0.12191114026884,0.119529840499524,0.14127382556141,0.154309311452466,0.111711734030318,0.132596786541348,0.148352073732254,0.13418004043524,1.57990280685536,1.2780427082998,1.52277522495472,2.46491749178371,1.0210307320647,1.14134965571977,1.47906719654846,1.7344507007963
"78","78","P1","P",1,"Ft3","Ft",3,0,3.92,2.44,2.54,0.95,49,115,128,181,123,122,32,2,0,2,1,1,5,124.46,0.622448979591837,0.374015748031496,15616,1,185.303,144.734,186.82,309.298,139.011,57.163,158.669,270.568,165.79825,158.156757575758,179.217222222222,217.403707317073,107.95935,116.159666666667,115.422534883721,134.827568965517,7295.123,5219.173,8064.775,17827.104,2159.187,1393.916,4963.169,7819.999,737.794998726592,655.955976472011,625.451504865289,690.461053775522,634.003371021258,676.885165992526,715.928954440782,589.566455079753,0.122325119647621,0.103743870351253,0.112091681336666,0.150108792848852,0.0684465918332639,0.0786267552533031,0.082634334718207,0.079489811882021,0.935223596631992,0.726702933311985,0.982607205168584,1.7315653744917,0.325272295074394,0.392149819228562,0.415172880438742,0.521533375285102
"79","79","P2","P",2,"Fe1","Fe",1,0,2.88,2.56,3.11,2.54,22,184,212,184,245,262,149,3,0,3,3,1,6,68.42,0.888888888888889,0.816720257234727,55544,1,94.728,70.651,106.413,53.017,112.165,64.887,125.698,67.536,145.761,145.661538461538,144.914727272727,168.900375,107.349142857143,132.62868,113.973235294118,158.165,1603.371,1893.6,1594.062,1351.203,6011.552,3315.717,7750.18,4270.455,320.096686633376,549.727251438284,314.969739668873,331.756124935462,1219.59047638587,1133.41086638017,1388.14957575872,819.262635250142,0.0466576131403675,0.0800741171787334,0.0456437539232767,0.0560337339101464,0.130921992276758,0.150322787105658,0.158211898221379,0.129578674704339,0.311074166576849,0.544536822146548,0.28420700510856,0.410049472519339,0.684549947763641,0.943420670767207,0.907629367144962,1.02917639245487
"80","80","P2","P",2,"Fe2","Fe",2,0,5.42,2.94,3.54,2.63,36,215,244,235,183,182,97,4,0,4,4,1,6,127.44,0.542435424354244,0.742937853107345,44408,1,119.328,107.802,83.889,149.44,83.732,157.209,156.989,158.451,314.078833333333,275.603413043478,277.783193548387,305.751321428571,232.77785,224.161862068966,189.452646153846,259.279186440678,11306.838,12677.757,8611.279,17122.074,9311.114,13001.388,12314.422,15297.472,678.540947715552,634.204882709778,612.709688895294,612.213746684654,774.25645968039,704.641595840599,703.052415774529,608.447353759132,0.213115349227395,0.174789030243654,0.170200454099373,0.18718516204557,0.180229754033013,0.157953772214876,0.133195140553339,0.157757734874651,3.88161896289753,2.84651451413387,2.56607329854011,3.46084252885652,2.17472721500457,2.1691623392684,1.46570376572397,2.17287547915308
"81","81","P2","P",2,"Fe3","Fe",3,0,4.38,3.27,2.96,1.79,21,185,202,185,233,260,163,3,0,3,4,1,6,62.16,0.746575342465753,0.60472972972973,52520,1,81.48,86.444,66.067,195.779,102.127,90.033,118.337,209.756,220.602833333333,166.368814814815,193.204928571429,201.751371428571,163.002285714286,147.563378378378,150.863736842105,177.564480769231,5294.468,4491.958,2704.869,7061.298,3423.048,5459.845,5732.822,9233.353,535.973667131791,660.404009881342,400.631873225216,321.659275752287,568.527700273168,1003.77500254765,892.552945114097,606.175926462401,0.11823730956133,0.10987063242291,0.0774040524499155,0.064895200015745,0.0926713146364127,0.148120430507697,0.134653872629339,0.107635313637104,1.30634427844518,0.905338745761959,0.697435128801439,0.687447096267787,0.85433440553173,1.1760937433191,1.01290486718109,1.2010064973026
"82","82","P2","P",2,"Ft1","Ft",1,0,11.53,6.48,13.11,7.17,22,255,308,255,157,144,165,4,0,4,4,0,5,288.42,0.562012142237641,0.546910755148741,44352,1,667.816964052117,209.972267280624,99.1711579718487,287.093297054053,293.132,166.006,256.487,339.193,181.650991452991,179.348016666667,177.946595744681,225.043148148148,116.693533333333,131.479857142857,99.7058936170213,116.702378378378,21253.166,10760.881,8363.49,12152.33,22755.239,12885.026,14058.531,21589.94,369.466874230165,613.011691525571,664.749449688186,492.274524220979,1026.12298117806,1059.50037380574,860.810564464783,775.971141853605,0.0671140240129472,0.10994243106859,0.118289901595163,0.110783008683821,0.119741916308201,0.139302957790782,0.0858278865649337,0.0905576778073017,0.552451616271932,0.902024058891388,0.954120977017149,1.18995192023344,0.614355515445121,0.790210005642449,0.364988214241298,0.469050479497734
"83","83","P2","P",2,"Ft2","Ft",2,0,8.08,8.79,7.26,4.94,19,215,196,215,217,189,35,4,0,4,3,0,5,137.94,1.08787128712871,0.680440771349862,37044,1,399.956,268.739,421.926,474.357,126.2,98.613,184.59,232.865,177.223121212121,183.045268292683,115.49580952381,165.631268817204,122.324510638298,87.2509444444444,126.236972222222,157.44031372549,11696.726,7504.856,7276.236,15403.708,5749.252,1570.517,4544.531,8029.456,466.423786709116,387.300798810574,392.931358812369,462.739482332425,1020.9609652772,551.448275338597,658.837677904893,671.60681597313,0.0826610792881663,0.070893578628252,0.045381925373325,0.0766441275905359,0.124888550458338,0.0481143828355526,0.0831696736446334,0.105737987806987,0.673672998596803,0.658088916894383,0.238343269133044,0.657409689545252,0.67915979601766,0.173479198723327,0.468179753917129,0.793446707253586
"84","84","P2","P",2,"Ft3","Ft",3,0,3.01,1.63,2.19,0.82,27,NA,83,114,146,178,60,4,0,4,2,1,5,59.13,0.541528239202658,0.374429223744292,14774,1,204.402,122.552,110.937,50.304,101.043,146.524,110.493,96.922,213.290071428571,220.196,265.710363636364,267.867583333333,101.887791666667,143.3616,123.694346153846,136.489227272727,5972.122,3963.528,5845.628,3214.411,2445.307,2867.232,3216.053,3002.763,322.296920124038,443.357256468203,534.367273238617,537.676662930504,571.904803947019,383.462026282407,584.764359674325,546.495392574855,0.0687427331144646,0.0976254944452725,0.141986922487605,0.144026148313925,0.0582701175177197,0.0549737296270879,0.0723320451239881,0.0745907338406477,0.734321611845825,1.08714887117771,1.90484675069545,1.77333737535917,0.257822062010504,0.36177295083473,0.403802491378203,0.466960673334286
"85","85","P3","P",3,"Fe1","Fe",1,0,3.34,1.97,2.56,1.67,32,155,231,155,245,292,90,5,0,4,3,1,6,81.92,0.589820359281437,0.65234375,67452,0.8,174.028,106.993,295.521,185.987,199.072,128.937,332.423,225.035,179.261433962264,186.247038461538,167.919534482759,214.178081081081,143.144777777778,134.537306451613,125.365778947368,183.296545454545,9500.856,4842.423,9739.333,7924.589,14171.333,8341.313,23819.498,16130.096,732.273361203498,619.535242241163,467.772507884025,451.247931564177,855.64597150687,791.971258953466,1017.10115768172,660.838321947577,0.131268372781706,0.115386604089968,0.0785481417677179,0.0966474160742225,0.122481252447802,0.106549679966692,0.127509678901039,0.12112938151697,1.31343631881789,1.0450703719261,0.63914019913328,1.04292938376023,0.843459045667916,0.674797757418647,0.835964216369789,1.26238479182736
"86","86","P3","P",3,"Fe2","Fe",2,0,3.4,2.8,2.77,1.25,27,165,205,242,222,180,132,2,0,2,4,1,5,74.79,0.823529411764706,0.451263537906137,36900,1,107.843,148.617,101.604,272.117,113.784,153.437,135.581,266.102,195.795736842105,158.041607843137,187.025518518519,189.789893617021,141.600166666667,120.383441176471,138.034333333333,138.733905660377,7440.238,8060.122,5049.689,17840.25,3398.404,4093.037,2898.721,7352.897,594.389287299282,664.820675417819,508.129510668649,580.558075965911,664.060157955655,676.898088310273,476.929479659636,630.624464224134,0.116378888477817,0.105069328470393,0.0950331852073652,0.110184055476073,0.0940310290432137,0.0814873211965652,0.0658326427718314,0.087488994926797,1.09653177686926,0.778378721945215,0.831422445614746,1.08874258901136,0.611348430200372,0.473880737226501,0.457812221141138,0.61010715563644
"87","87","P3","P",3,"Fe3","Fe",3,0,3.98,3.23,2.31,0.98,33,180,201,249,219,195,86,5,1,4,4,1,4,76.23,0.811557788944724,0.424242424242424,39195,0.8,139.753,274.797,154.046,277.905,125.687,210.901,205.801,218.839,164.40475,127.127169312169,154.493256097561,178.226064516129,151.54586440678,110.405896551724,149.416520408163,151.98187394958,11179.523,24027.035,12668.447,27625.04,8941.206,19210.626,14642.819,18085.843,967.508845383323,1290.31320637528,1083.07578028529,1031.04009287774,1072.49062685131,1666.74732523139,955.321990581219,1126.31343156368,0.159063049848034,0.164033865452599,0.167327903896681,0.183758218111943,0.16253151911435,0.18401873276736,0.142740887702046,0.17117922598363,1.32049797334993,1.08790880343982,1.41518419104866,1.76221176745674,1.22345779422653,1.01977795330086,1.16818695227568,1.40844544715822
"88","88","P3","P",3,"Ft1","Ft",1,0,5.77,3.32,4.34,2.72,39,149,127,149,183,202,27,2,0,2,2,1,5,169.26,0.575389948006932,0.626728110599078,25654,1,251.77,409.808,106.75,296.741,172.684,160.195,279.594,116.551,128.607742857143,133.228907894737,117.621294117647,121.611945454545,116.616387755102,103.897146341463,124.818541666667,125.870743589744,4501.271,10125.397,1999.562,6688.657,5714.203,4259.783,11982.58,4908.959,530.57158933271,679.200648367892,675.410697006808,641.702668538137,655.680900365195,635.40687237558,768.255615488823,838.325133910248,0.0682356145282068,0.0904891606234515,0.0794426802428428,0.0780387099242962,0.076463138120602,0.0660169608055772,0.0958925455525424,0.105520607975254,0.404412886521015,0.596462229037001,0.424992422336643,0.422813845731894,0.414832790011329,0.296385573885741,0.543179987445385,1.18681412326654
"89","89","P3","P",3,"Ft2","Ft",2,0,3.65,1.75,2.59,1.97,21,65,67,108,144,123,47,4,0,3,3,0,4,54.39,0.479452054794521,0.760617760617761,8241,0.75,91.589,167.165,142.681,326.541,84.264,140.242,171.271,249.086,161.302375,158.99447826087,149.103428571429,154.940305555556,94.5749166666667,107.120235294118,129.659518518519,145.804928571429,2580.838,3656.873,4174.896,11155.702,1134.899,1821.044,3500.807,6123.807,604.917552229458,440.814716350101,613.659349067074,726.414915559041,635.293643225185,440.102035387864,543.183162024186,542.028356095987,0.0975746378537982,0.0700871058357976,0.0914987129208118,0.112550948976831,0.060082843366885,0.0471438335841681,0.0704288672554224,0.0790304057442642,0.718431155429708,0.56719781002758,0.672036377237192,1.01067879818224,0.248267028321895,0.233690678996112,0.444257246184354,0.573237950225325
"90","90","P3","P",3,"Ft3","Ft",3,0,6.33,3.94,9.38,5.71,92,210,149,NA,165,167,57,5,0,2,4,0,6,862.96,0.622432859399684,0.608742004264392,24883,0.4,259.603,277.684,152.428,269.782,595.485845847941,242.62048035163,228.217780335932,205.288054000314,226.285328358209,184.570333333333,152.774734693878,221.825686046512,131.855175,120.84984,160.939134328358,138.4640375,15161.117,13842.775,7485.962,19077.009,5274.207,12084.984,21565.844,11077.123,697.103710183743,635.19052896286,763.317569793473,718.260238380935,190.208027240262,839.540456195744,980.613743517988,806.53282077982,0.157744341958654,0.117237327660851,0.116615639212373,0.159328570138782,0.0250799127181695,0.101458329804783,0.157819126992276,0.111675790741438,1.7619696120974,1.13202134012779,0.91332108179094,1.92796598853413,0.30362355428363,0.546519058374609,1.29242600039818,0.72321382567001
