"","file","id_complete","image_surface_µm2","id_amap","number","site","site_type","site_replicate","species_site_replicate","species","species_replicate","micro","organ","Ring_Size_Year_2024","Ring_Size_Year_2023","Ring_Size_Year_2022","Ring_Size_Year_2021"
"1","1826_T1-Ho2-2_Tige_X200_09µm_square.jpg","1826_T1_Ho2_02_T_X200_09µm",188711.604806765,"1826","02","T1","T","1","Ho2","Ho","2",0,"T",155.327,148.827,135.864,66.336
"2","1827_T1-Ho2-2_Racine_X200_09µm_square.jpg","1827_T1_Ho2_02_R_X200_09µm",389685.061224695,"1827","02","T1","T","1","Ho2","Ho","2",0,"R",145.97,81.77,144.662,262.992
"3","1828_T1-Fe2-8_Tige_X200_09µm_square.jpg","1828_T1_Fe2_08_T_X200_09µm",170014.361978451,"1828","08","T1","T","1","Fe2","Fe","2",0,"T",117.859,134.277,86.834,60.911
"4","1829_T1-Fe2-8_Racine_X200_09µm_square.jpg","1829_T1_Fe2_08_R_X200_09µm",91238.8651324488,"1829","08","T1","T","1","Fe2","Fe","2",0,"R",57.048,191.017,43.024,52.855
"5","1830_t1-Fe2-11_Tige_X200_12µm_square.jpg","1830_t1_Fe2_11_T_X200_12µm",210107.418764939,"1830","11","t1","T","1","Fe2","Fe","2",1,"T",96.336,135.947,108.17,107.671
"6","1831_t1-Fe2-11_Racine_X200_11µm_square.jpg","1831_t1_Fe2_11_R_X200_11µm",621812.557561452,"1831","11","t1","T","1","Fe2","Fe","2",1,"R",284.825,106.935,128.745,176.92
"7","1832_t1-Fe3-12_Tige_X200_09µm_square.jpg","1832_t1_Fe3_12_T_X200_09µm",496784.876740833,"1832","12","t1","T","1","Fe3","Fe","3",1,"T",214.558,120.356,159.299,108.844
"8","1833_t1-Fe3-12_Racine_X200_09µm_square.jpg","1833_t1_Fe3_12_R_X200_09µm",444612.866629986,"1833","12","t1","T","1","Fe3","Fe","3",1,"R",189.476,172.799,108.969,147.567
"9","1834_T1-Ft1-13_Tige_X200_11µm_square.jpg","1834_T1_Ft1_13_T_X200_11µm",73521.0042979975,"1834","13","T1","T","1","Ft1","Ft","1",0,"T",66.466,107.275,166.405,87.937
"10","1835_T1-Ft1-13_Racine_X200_09µm_square.jpg","1835_T1_Ft1_13_R_X200_09µm",180528.275471411,"1835","13","T1","T","1","Ft1","Ft","1",0,"R",76.459,49.158,116.377,53.501
"11","1836_T1-Ft1-15_Tige_X200_09µm_square.jpg","1836_T1_Ft1_15_T_X200_09µm",212446.764517122,"1836","15","T1","T","1","Ft1","Ft","1",0,"T",42.913,187.46,229.738,132.495
"12","1837_T1-Ft1-15_Racine_X200_09µm_square.jpg","1837_T1_Ft1_15_R_X200_09µm",280660.159099989,"1837","15","T1","T","1","Ft1","Ft","1",0,"R",28.277,247.528,217.227,83.858
"13","1838_t1-Ft2-17_Tige_X200_09µm_square.jpg","1838_t1_Ft2_17_T_X200_09µm",229761.865800841,"1838","17","t1","T","1","Ft2","Ft","2",1,"T",97.366,286.161,101.256,360.201
"14","1839_t1-Ft2-17_Racine_X200_09µm_square.jpg","1839_t1_Ft2_17_R_X200_09µm",144808.623378233,"1839","17","t1","T","1","Ft2","Ft","2",1,"R",45.03,164.365,50.412,91.747
"15","1840_T2-Fe1-25_Tige_X200_11µm_square.jpg","1840_T2_Fe1_25_T_X200_11µm",135699.576815803,"1840","25","T2","T","2","Fe1","Fe","1",0,"T",57.156,78.787,104.815,78.815
"16","1842_T2-Fe2-26_Tige_X200_09µm_square.jpg","1842_T2_Fe2_26_T_X200_09µm",189583.383467223,"1842","26","T2","T","2","Fe2","Fe","2",0,"T",123.062,182.122,211.996,185.246
"17","1843_T2-Fe2-26_Racine_X200_09µm_square.jpg","1843_T2_Fe2_26_R_X200_09µm",180231.4764551,"1843","26","T2","T","2","Fe2","Fe","2",0,"R",85.353,148.1,165.201,113.513
"18","1844_T2-Fe3-27_Tige_X200_09µm_square.jpg","1844_T2_Fe3_27_T_X200_09µm",339113.137323558,"1844","27","T2","T","2","Fe3","Fe","3",0,"T",116.964,90.877,155.066,174.781
"19","1845_T2-Fe3-27_Racine_X200_09µm_square.jpg","1845_T2_Fe3_27_R_X200_09µm",211788.002124829,"1845","27","T2","T","2","Fe3","Fe","3",0,"R",86.293,114.222,87.489,141.858
"20","1846_T2-Fe1-28_Tige_X200_09µm_square.jpg","1846_T2_Fe1_28_T_X200_09µm",101380.410855866,"1846","28","T2","T","2","Fe1","Fe","1",0,"T",81.116,68.552,63.843,72.744
"21","1847_T2-Fe1-28_Racine_X200_09µm_square.jpg","1847_T2_Fe1_28_R_X200_09µm",139907.332611632,"1847","28","T2","T","2","Fe1","Fe","1",0,"R",111.833,97.688,65.494,105.979
"22","1848_T3-Ho1-37_Tige_X200_09µm_square.jpg","1848_T3_Ho1_37_T_X200_09µm",1361781.78919597,"1848","37","T3","T","3","Ho1","Ho","1",0,"T",216.646,386.185,268.45,178.971
"23","1849_T3-Ho1-37_Racine_X200_09µm_square.jpg","1849_T3_Ho1_37_R_X200_09µm",158771.593336578,"1849","37","T3","T","3","Ho1","Ho","1",0,"R",65.48,136.296,57.383,120.011
"24","1850_T2-Ft2-32_Tige_X200_09µm_square.jpg","1850_T2_Ft2_32_T_X200_09µm",160685.454152094,"1850","32","T2","T","2","Ft2","Ft","2",0,"T",178.505,130.504,99.622,192.456
"25","1851_T2-Ft2-32_Racine_X200_09µm_square.jpg","1851_T2_Ft2_32_R_X200_09µm",104080.350984879,"1851","32","T2","T","2","Ft2","Ft","2",0,"R",63.424,131.754,65.87,101.497
"26","1853_T2-Ft3-33_Racine_X200_09µm_square.jpg","1853_T2_Ft3_33_R_X200_09µm",230678.547633508,"1853","33","T2","T","2","Ft3","Ft","3",0,"R",167.465,332.891,97.691,195.989
"27","1854_T3-Ho2-38_Tige_X200_09µm_square.jpg","1854_T3_Ho2_38_T_X200_09µm",494332.999258295,"1854","38","T3","T","3","Ho2","Ho","2",0,"T",216.646,398.747,177.505,158.626
"28","1855_T3-Ho2-38_Racine_X200_11µm_square.jpg","1855_T3_Ho2_38_R_X200_11µm",36855.0999904523,"1855","38","T3","T","3","Ho2","Ho","2",0,"R",73.307,76.968,72.221,96.859
"29","1856_t3-Ho1-40_Tige_X200_09µm_square.jpg","1856_t3_Ho1_40_T_X200_09µm",579113.74778766,"1856","40","t3","T","3","Ho1","Ho","1",1,"T",220.032,118.251,42.502,475.833
"30","1857_t3-Ho1-40_Racine_X200_09µm_square.jpg","1857_t3_Ho1_40_R_X200_09µm",164046.620871874,"1857","40","t3","T","3","Ho1","Ho","1",1,"R",106.239,218.739,129.358,114.153
"31","1858_t3-Ho3-42_Tige_X200_09µm_square.jpg","1858_t3_Ho3_42_T_X200_09µm",754263.773187659,"1858","42","t3","T","3","Ho3","Ho","3",1,"T",201.242,86.471,372.728,186.186
"32","1859_t3-Ho3-42_Racine_X200_09µm_square.jpg","1859_t3_Ho3_42_R_X200_09µm",93381.0750066395,"1859","42","t3","T","3","Ho3","Ho","3",1,"R",47.622,59.657,122.467,77.037
"33","1860_T3-Fe3-45_Tige_X200_09µm_square.jpg","1860_T3_Fe3_45_T_X200_09µm",394709.835714872,"1860","45","T3","T","3","Fe3","Fe","3",0,"T",357.035,421.217,106.762,196.333
"34","1861_T3-Fe3-45_Racine_X200_09µm_square.jpg","1861_T3_Fe3_45_R_X200_09µm",405355.720726155,"1861","45","T3","T","3","Fe3","Fe","3",0,"R",339.627,405.025,121.404,180.837
"35","1862_t3-Fe3-48_Tige_X200_09µm_square.jpg","1862_t3_Fe3_48_T_X200_09µm",887584.57707568,"1862","48","t3","T","3","Fe3","Fe","3",1,"T",326.715,285.732,136.587,190.271
"36","1863_t3-Fe3-48_Racine_X200_09µm_square.jpg","1863_t3_Fe3_48_R_X200_09µm",231463.805547514,"1863","48","t3","T","3","Fe3","Fe","3",1,"R",285.772,232.368,128.815,257.476
"37","1864_T3-Ft3-51_Tige_X200_09µm_square.jpg","1864_T3_Ft3_51_T_X200_09µm",362668.410545246,"1864","51","T3","T","3","Ft3","Ft","3",0,"T",213.814,446.116,257.669,310.848
"38","1865_T3-Ft3-51_Racine_X200_09µm_square.jpg","1865_T3_Ft3_51_R_X200_09µm",325865.606322428,"1865","51","T3","T","3","Ft3","Ft","3",0,"R",225.624,307.699,212.547,291.335
"39","1866_t3-Ft1-52_Tige_X200_11µm_square.jpg","1866_t3_Ft1_52_T_X200_11µm",370063.470168458,"1866","52","t3","T","3","Ft1","Ft","1",1,"T",379.912,158.531,521.497,367.471
"40","1867_t3-Ft1-52_Racine_X200_09µm_square.jpg","1867_t3_Ft1_52_R_X200_09µm",483131.848190665,"1867","52","t3","T","3","Ft1","Ft","1",1,"R",296.961,427.868,450.201,266.079
"41","1868_F1-Fe1-55_Tige_X200_09µm_square.jpg","1868_F1_Fe1_55_T_X200_09µm",352146.009257539,"1868","55","F1","F","1","Fe1","Fe","1",0,"T",166.55,80.722,78.778,238.862
"42","1869_F1-Fe1-55_Racine_X200_09µm_square.jpg","1869_F1_Fe1_55_R_X200_09µm",459937.716945467,"1869","55","F1","F","1","Fe1","Fe","1",0,"R",116.739,120.206,378.862,272.682
"43","1870_F1-Fe2-56_Tige_X200_09µm_square.jpg","1870_F1_Fe2_56_T_X200_09µm",124651.206053618,"1870","56","F1","F","1","Fe2","Fe","2",0,"T",114.63,80.078,58.106,71.698
"44","1871_F1-Fe2-56_Racine_X200_09µm_square.jpg","1871_F1_Fe2_56_R_X200_09µm",104666.008822416,"1871","56","F1","F","1","Fe2","Fe","2",0,"R",151.319,58.423,84.798,74.336
"45","1872_F1-Fe3-57_Tige_X200_09µm_square.jpg","1872_F1_Fe3_57_T_X200_09µm",443262.485865734,"1872","57","F1","F","1","Fe3","Fe","3",0,"T",186.337,186.293,111.252,114.196
"46","1873_F1-Fe3-57_Racine_X200_09µm_square.jpg","1873_F1_Fe3_57_R_X200_09µm",214064.921515648,"1873","57","F1","F","1","Fe3","Fe","3",0,"R",173.09,71.658,77.898,203.067
"47","1874_F1-Ft3-60_Tige_X200_09µm_square.jpg","1874_F1_Ft3_60_T_X200_09µm",99654.3767241056,"1874","60","F1","F","1","Ft3","Ft","3",0,"T",59.884,34.553,51.282,63.802
"48","1875_F1-Ft3-60_Racine_X200_11µm_square.jpg","1875_F1_Ft3_60_R_X200_11µm",122855.079165237,"1875","60","F1","F","1","Ft3","Ft","3",0,"R",48.245,125.677,124.019,134.011
"49","1876_F2-Fe2-62_Tige_X200_09µm_square.jpg","1876_F2_Fe2_62_T_X200_09µm",133934.115508444,"1876","62","F2","F","2","Fe2","Fe","2",0,"T",70.878,75.5,107.859,94.786
"50","1877_F2-Fe2-62_Racine_X200_09µm_square.jpg","1877_F2_Fe2_62_R_X200_09µm",292497.073374146,"1877","62","F2","F","2","Fe2","Fe","2",0,"R",156.224,181.83,206.241,307.699
"51","1878_F2-Fe3-63_Tige_X200_11µm_square.jpg","1878_F2_Fe3_63_T_X200_11µm",331846.216021041,"1878","63","F2","F","2","Fe3","Fe","3",0,"T",138.11,107.476,145.192,127.151
"52","1879_F2-Fe3-63_Racine_X200_09µm_square.jpg","1879_F2_Fe3_63_R_X200_09µm",220989.319230152,"1879","63","F2","F","2","Fe3","Fe","3",0,"R",65.022,140.49,88.623,208.271
"53","1880_F2-Ft2-65_Tige_X200_09µm_square.jpg","1880_F2_Ft2_65_T_X200_09µm",113123.137988316,"1880","65","F2","F","2","Ft2","Ft","2",0,"T",97.758,80.423,39.219,89.909
"54","1881_F2-Ft2-65_Racine_X200_09µm_square.jpg","1881_F2_Ft2_65_R_X200_09µm",114166.315342696,"1881","65","F2","F","2","Ft2","Ft","2",0,"R",73.327,85.353,87.951,85.336
"55","1882_F2-Ft3-66_Tige_X200_11µm_square.jpg","1882_F2_Ft3_66_T_X200_11µm",107005.3545746,"1882","66","F2","F","2","Ft3","Ft","3",0,"T",67.013,123.16,113.735,114.145
"56","1883_F2-Ft3-66_Racine_X200_09µm_square.jpg","1883_F2_Ft3_66_R_X200_09µm",99847.1318048098,"1883","66","F2","F","2","Ft3","Ft","3",0,"R",39.773,55.992,75.709,92.527
"57","1884_F3-Fe3-69_Tige_X200_09µm_square.jpg","1884_F3_Fe3_69_T_X200_09µm",462835.614351964,"1884","69","F3","F","3","Fe3","Fe","3",0,"T",110.493,151.23,277.016,206.185
"58","1885_F3-Fe3-69_Racine_X200_09µm_square.jpg","1885_F3_Fe3_69_R_X200_09µm",323251.091740546,"1885","69","F3","F","3","Fe3","Fe","3",0,"R",255.39,272.186,183.748,108.864
"59","1886_F3-Ft1-70_Tige_X200_09µm_square.jpg","1886_F3_Ft1_70_T_X200_09µm",88957.564944341,"1886","70","F3","F","3","Ft1","Ft","1",0,"T",67.512,150.216,36.764,92.152
"60","1887_F3-Ft1-70_Racine_X200_09µm_square.jpg","1887_F3_Ft1_70_R_X200_09µm",103450.337574793,"1887","70","F3","F","3","Ft1","Ft","1",0,"R",94.715,75.355,63.849,92.136
"61","1888_F3-Ft2-71_Tige_X200_09µm_square.jpg","1888_F3_Ft2_71_T_X200_09µm",254531.988870661,"1888","71","F3","F","3","Ft2","Ft","2",0,"T",109.97,190.58,140.49,231.484
"62","1889_F3-Ft2-71_Racine_X200_09µm_square.jpg","1889_F3_Ft2_71_R_X200_09µm",270347.21468265,"1889","71","F3","F","3","Ft2","Ft","2",0,"R",194.98,159.248,95.743,181.092
"63","1890_P1-Fe1-73_Tige_X200_11µm_square.jpg","1890_P1_Fe1_73_T_X200_11µm",125861.40130463,"1890","73","P1","P","1","Fe1","Fe","1",0,"T",120.952,95.784,30.985,70.692
"64","1891_P1-Fe1-73_Racine_X200_09µm_square.jpg","1891_P1_Fe1_73_R_X200_09µm",202884.85303497,"1891","73","P1","P","1","Fe1","Fe","1",0,"R",107.457,94.197,69.123,145.998
"65","1892_P1-Fe2-74_Tige_X200_09µm_square.jpg","1892_P1_Fe2_74_T_X200_09µm",141691.412307468,"1892","74","P1","P","1","Fe2","Fe","2",0,"T",73.277,37.709,45.079,160.772
"66","1893_P1-Fe2-74_Racine_X200_09µm_square.jpg","1893_P1_Fe2_74_R_X200_09µm",215616.271355521,"1893","74","P1","P","1","Fe2","Fe","2",0,"R",56.08,140.249,135.054,157.008
"67","1894_P1-Fe3-75_Tige_X200_11µm_square.jpg","1894_P1_Fe3_75_T_X200_11µm",135299.829063206,"1894","75","P1","P","1","Fe3","Fe","3",0,"T",43.956,38.896,155.74,67.38
"68","1895_P1-Fe3-75_Racine_X200_09µm_square.jpg","1895_P1_Fe3_75_R_X200_09µm",107982.272369988,"1895","75","P1","P","1","Fe3","Fe","3",0,"R",38.755,63.337,58.629,129.776
"69","1896_P1-Ft2-77_Tige_X200_09µm_square.jpg","1896_P1_Ft2_77_T_X200_09µm",241364.407420051,"1896","77","P1","P","1","Ft2","Ft","2",0,"T",104.218,115.912,109.346,186.617
"70","1897_P1-Ft2-77_Racine_X200_09µm_square.jpg","1897_P1_Ft2_77_R_X200_09µm",241364.407420051,"1897","77","P1","P","1","Ft2","Ft","2",0,"R",111.705,85.296,104.992,185.503
"71","1898_P1-Ft3-78_Tige_X200_09µm_square.jpg","1898_P1_Ft3_78_T_X200_09µm",230094.532594954,"1898","78","P1","P","1","Ft3","Ft","3",0,"T",270.568,158.669,57.163,139.011
"72","1899_P1-Ft3-78_Racine_X200_09µm_square.jpg","1899_P1_Ft3_78_R_X200_09µm",318974.61218725,"1899","78","P1","P","1","Ft3","Ft","3",0,"R",309.298,186.82,144.734,185.303
"73","1900_P2-Fe3-81_Tige_X200_09µm_square.jpg","1900_P2_Fe3_81_T_X200_09µm",204885.782196599,"1900","81","P2","P","2","Fe3","Fe","3",0,"T",209.756,118.337,90.033,102.127
"74","1901_P2-Fe3-81_Racine_X200_09µm_square.jpg","1901_P2_Fe3_81_R_X200_09µm",236720.762293994,"1901","81","P2","P","2","Fe3","Fe","3",0,"R",195.779,66.067,86.444,81.48
"75","1902_P3-Fe2-86_Tige_X200_09µm_square.jpg","1902_P3_Fe2_86_T_X200_09µm",221465.730935302,"1902","86","P3","P","3","Fe2","Fe","2",0,"T",266.102,135.581,153.437,113.784
"76","1903_P3-Fe2-86_Racine_X200_09µm_square.jpg","1903_P3_Fe2_86_R_X200_09µm",381206.575672013,"1903","86","P3","P","3","Fe2","Fe","2",0,"R",272.117,101.604,148.617,107.843
"77","1904_P3-Ft1-88_Tige_X200_09µm_square.jpg","1904_P3_Ft1_88_T_X200_09µm",351335.561759123,"1904","88","P3","P","3","Ft1","Ft","1",0,"T",116.551,279.594,160.195,172.684
"78","1905_P3-Ft1-88_Racine_X200_09µm_square.jpg","1905_P3_Ft1_88_R_X200_09µm",294994.127828724,"1905","88","P3","P","3","Ft1","Ft","1",0,"R",296.741,106.75,409.808,251.77
"79","1906_P3-Ft2-89_Tige_X200_09µm_square.jpg","1906_P3_Ft2_89_T_X200_09µm",189377.485994653,"1906","89","P3","P","3","Ft2","Ft","2",0,"T",249.086,171.271,140.242,84.264
"80","1907_P3-Ft2-89_Racine_X200_09µm_square.jpg","1907_P3_Ft2_89_R_X200_09µm",236370.298510895,"1907","89","P3","P","3","Ft2","Ft","2",0,"R",326.541,142.681,167.165,91.589
"81","1909_T1-Ho1-1_Racine_X200_09µm_square.jpg","1909_T1_Ho1_01_R_X200_09µm",45712.7983084406,"1909","01","T1","T","1","Ho1","Ho","1",0,"R",31.436,56.001,49.258,53.898
"82","1910_T1-Fe3-9_Tige_X200_09µm_square.jpg","1910_T1_Fe3_09_T_X200_09µm",307531.969669079,"1910","09","T1","T","1","Fe3","Fe","3",0,"T",176.05,122.087,176.31,119.448
"83","1911_T1-Fe3-9_Racine_X200_09µm_square.jpg","1911_T1_Fe3_09_R_X200_09µm",341969.143355981,"1911","09","T1","T","1","Fe3","Fe","3",0,"R",204.253,180.308,163.309,106.935
"84","1912_T2-Ho1-19_Tige_X200_09µm_square.jpg","1912_T2_Ho1_19_T_X200_09µm",660957.171734928,"1912","19","T2","T","2","Ho1","Ho","1",0,"T",248.162,454.406,271.626,56.537
"85","1913_T1-Ho1-19_Racine_X200_09µm_square.jpg","1913_T1_Ho1_19_R_X200_09µm",953053.402157155,"1913","19","T1","T","1","Ho1","Ho","1",0,"R",179.438,234.512,410.665,600.765
"86","1914_T1-Fe1-7_Tige_X200_09µm_square.jpg","1914_T1_Fe1_07_T_X200_09µm",993305.262845359,"1914","07","T1","T","1","Fe1","Fe","1",0,"T",347.226,320.382,118.584,174.431
"87","1915_T1-Fe1-7_Racine_X200_09µm_square.jpg","1915_T1_Fe1_07_R_X200_09µm",451642.67727925,"1915","07","T1","T","1","Fe1","Fe","1",0,"R",276.58,256.922,86.733,140.899
"88","1916_T1-Ho3-3_Tige_X200_09µm_square.jpg","1916_T1_Ho3_03_T_X200_09µm",229623.870686246,"1916","03","T1","T","1","Ho3","Ho","3",0,"T",115.242,69.629,84.772,173.738
"89","1917_T1-Ho3-3_Racine_X200_09µm_square.jpg","1917_T1_Ho3_03_R_X200_09µm",210107.418764939,"1917","03","T1","T","1","Ho3","Ho","3",0,"R",112.419,47.851,105.907,168.807
"90","1918_F1-Ft2-59_Tige_X200_09µm_square.jpg","1918_F1_Ft2_59_T_X200_09µm",201995.277385527,"1918","59","F1","F","1","Ft2","Ft","2",0,"T",245.008,310.252,104.955,77.425
"91","1919_F1-Ft2-59_Racine_X200_09µm_square.jpg","1919_F1_Ft2_59_R_X200_09µm",236155.639443747,"1919","59","F1","F","1","Ft2","Ft","2",0,"R",242.79,167.835,107.819,196.322
"92","1920_T1-Ft2-14_Tige_X200_09µm_square.jpg","1920_T1_Ft2_14_T_X200_09µm",200106.058554761,"1920","14","T1","T","1","Ft2","Ft","2",0,"T",29.29,39.552,187.253,420.074
"93","1921_T1-Ft2-14_Racine_X200_09µm_square.jpg","1921_T1_Ft2_14_R_X200_09µm",384799.377048435,"1921","14","T1","T","1","Ft2","Ft","2",0,"R",51.625,241.797,146.506,183.33
"94","1922_T3-Ft1-49_Tige_X200_09µm_square.jpg","1922_T3_Ft1_49_T_X200_09µm",372907.155208507,"1922","49","T3","T","3","Ft1","Ft","1",0,"T",279.819,574.755,140.381,208.334
"95","1923_T3-Ft1-49_Racine_X200_09µm_square.jpg","1923_T3_Ft1_49_R_X200_09µm",189000.737427822,"1923","49","T3","T","3","Ft1","Ft","1",0,"R",140.378,48.324,91.76,158.894
"96","1924_T2-Ho2-20_Tige_X200_09µm_square.jpg","1924_T2_Ho2_20_T_X200_09µm",1379951.145951,"1924","20","T2","T","2","Ho2","Ho","2",0,"T",281.775,532.844,252.048,241.62
"97","1925_T2-Ho2-20_Racine_X200_09µm_square.jpg","1925_T2_Ho2_20_R_X200_09µm",941067.266975351,"1925","20","T2","T","2","Ho2","Ho","2",0,"R",158.375,395.654,313.979,284.668
"98","1926_T2-Ho3-21_Tige_X200_09µm_square.jpg","1926_T2_Ho3_21_T_X200_09µm",283367.491824426,"1926","21","T2","T","2","Ho3","Ho","3",0,"T",263.745,125.593,131.868,95.238
"99","1927_T2-Ho3-21_Racine_X200_09µm_square.jpg","1927_T2_Ho3_21_R_X200_09µm",309634.752367671,"1927","21","T2","T","2","Ho3","Ho","3",0,"R",202.403,121.767,159.299,99.43
"100","1928_T2-Ft1-31_Tige_X200_09µm_square.jpg","1928_T2_Ft1_31_T_X200_09µm",248969.471513292,"1928","31","T2","T","2","Ft1","Ft","1",0,"T",120.47,182.404,117.01,143.442
"101","1929_T2-Ft1-31_Racine_X200_09µm_square.jpg","1929_T2_Ft1_31_R_X200_09µm",234387.987737743,"1929","31","T2","T","2","Ft1","Ft","1",0,"R",120.056,150.739,161.817,228.153
"102","1930_T3-Ft2-50_Tige_X200_09µm_square.jpg","1930_T3_Ft2_50_T_X200_09µm",530488.266881873,"1930","50","T3","T","3","Ft2","Ft","2",0,"T",191.934,552.594,213.698,231.394
"103","1931_T3-Ft2-50_Racine_X200_09µm_square.jpg","1931_T3_Ft2_50_R_X200_09µm",378558.931310635,"1931","50","T3","T","3","Ft2","Ft","2",0,"R",143.835,225.558,323.2,236.06
"104","1932_T3-Ho3-39_Tige_X200_09µm_square.jpg","1932_T3_Ho3_39_T_X200_09µm",711853.274635432,"1932","39","T3","T","3","Ho3","Ho","3",0,"T",308.249,178.225,160.402,782.837
"105","1933_T3-Ho3-39_Racine_X200_09µm_square.jpg","1933_T3_Ho3_39_R_X200_09µm",99356.4825084717,"1933","39","T3","T","3","Ho3","Ho","3",0,"R",34.074,109.412,95.238,54.432
"106","1934_T3-Fe2-44_Tige_X200_09µm_square.jpg","1934_T3_Fe2_44_T_X200_09µm",164302.897513265,"1934","44","T3","T","3","Fe2","Fe","2",0,"T",71.692,210.455,172.162,169.574
"107","1935_T3-Fe2-44_Racine_X200_09µm_square.jpg","1935_T3_Fe2_44_R_X200_09µm",199694.26360962,"1935","44","T3","T","3","Fe2","Fe","2",0,"R",101.519,185.767,152.8,139.968
"108","1936_F1-Ft1-58_Tige_X200_09µm_square.jpg","1936_F1_Ft1_58_T_X200_09µm",213892.427622404,"1936","58","F1","F","1","Ft1","Ft","1",0,"T",255.39,256.419,231.293,NA
"109","1937_F1-Ft1-58_Racine_X200_09µm_square.jpg","1937_F1_Ft1_58_R_X200_09µm",288823.774847543,"1937","58","F1","F","1","Ft1","Ft","1",0,"R",311.672,181.227,147.883,201.658
"110","1938_T3-Fe1-43_Tige_X200_09µm_square.jpg","1938_T3_Fe1_43_T_X200_09µm",607449.566050678,"1938","43","T3","T","3","Fe1","Fe","1",0,"T",232.678,253.234,111.471,241.886
"111","1939_T3-Fe1-43_Racine_X200_09µm_square.jpg","1939_T3_Fe1_43_R_X200_09µm",477693.088356703,"1939","43","T3","T","3","Fe1","Fe","1",0,"R",222.726,260.828,182.347,247.321
"112","1940_P3-Fe3-87_Tige_X200_09µm_square.jpg","1940_P3_Fe3_87_T_X200_09µm",401048.301792008,"1940","87","P3","P","3","Fe3","Fe","3",0,"T",218.839,205.801,210.901,125.687
"113","1941_P3-Fe3-87_Racine_X200_09µm_square.jpg","1941_P3_Fe3_87_R_X200_09µm",457010.249157271,"1941","87","P3","P","3","Fe3","Fe","3",0,"R",277.905,154.046,274.797,139.753
"114","1942_P2-Ft3-84_Tige_X200_09µm_square.jpg","1942_P2_Ft3_84_T_X200_09µm",202202.270057419,"1942","84","P2","P","2","Ft3","Ft","3",0,"T",96.922,110.493,146.524,101.043
"115","1943_P2-Ft3-84_Racine_X200_09µm_square.jpg","1943_P2_Ft3_84_R_X200_09µm",210792.465940964,"1943","84","P2","P","2","Ft3","Ft","3",0,"R",50.304,110.937,122.552,204.402
"116","1944_P3-Fe1-85_Tige_X200_09µm_square.jpg","1944_P3_Fe1_85_T_X200_09µm",555491.941207148,"1944","85","P3","P","3","Fe1","Fe","1",0,"T",225.035,332.423,128.937,199.072
"117","1945_P3-Fe1-85_Racine_X200_09µm_2_UNSURE_1965_square.jpg","1945_P3_Fe1_85_R_X200_09µm_2_UNSURE_1965",360186.962681009,"1945","85","P3","P","3","Fe1","Fe","1",0,"R",185.987,295.521,106.993,174.028
"118","1946_P3-Ft3-90_Tige_X200_09µm_square.jpg","1946_P3_Ft3_90_T_X200_09µm",431508.532940232,"1946","90","P3","P","3","Ft3","Ft","3",0,"T",111.559,164.349,108.4,224.885
"119","1947_P3-Ft3-90_Racine_X200_09µm_square.jpg","1947_P3_Ft3_90_R_X200_09µm",431747.286392468,"1947","90","P3","P","3","Ft3","Ft","3",0,"R",269.782,152.428,277.684,259.603
"120","1948_P2-Ft2-83_Tige_X200_09µm_square.jpg","1948_P2_Ft2_83_T_X200_09µm",227030.438691316,"1948","83","P2","P","2","Ft2","Ft","2",0,"T",232.865,184.59,98.613,126.2
"121","1949_P2-Ft2-83_Racine_X200_09µm_square.jpg","1949_P2_Ft2_83_R_X200_09µm",666902.461255401,"1949","83","P2","P","2","Ft2","Ft","2",0,"R",474.357,421.926,268.739,399.956
"122","1950_P2-Ft1-82_Tige_X200_09µm_square.jpg","1950_P2_Ft1_82_T_X200_09µm",725223.467960646,"1950","82","P2","P","2","Ft1","Ft","1",0,"T",339.193,256.487,166.006,293.132
"123","1951_P2-Ft1-82_Racine_X200_09µm_square.jpg","1951_P2_Ft1_82_R_X200_09µm",152164.255825846,"1951","82","P2","P","2","Ft1","Ft","1",0,"R",45.538,120.952,70.646,92.349
"124","1952_P2-Fe2-80_Tige_X200_09µm_1932_INTRUS_T3-Ho3-39_Tige_X200_09µm_square.jpg","1952_P2_Fe2_80_T_X200_09µm_1932_INTRUS_T3_Ho3_39_T_X200_09µm",339389.127552748,"1952","80","P2","P","2","Fe2","Fe","2",0,"T",158.451,156.989,157.209,83.732
"125","1953_P2-Fe2-80_Racine_X200_09µm_square.jpg","1953_P2_Fe2_80_R_X200_09µm",303175.266765434,"1953","80","P2","P","2","Fe2","Fe","2",0,"R",149.44,83.889,107.802,119.328
"126","1954_F3-Fe1-67_Tige_X200_09µm_square.jpg","1954_F3_Fe1_67_T_X200_09µm",127189.604282608,"1954","67","F3","F","3","Fe1","Fe","1",0,"T",123.332,55.992,104.433,93.146
"127","1955_F3-Fe1-67_Racine_X200_09µm_square.jpg","1955_F3_Fe1_67_R_X200_09µm",254021.899786354,"1955","67","F3","F","3","Fe1","Fe","1",0,"R",120.226,174.414,110.057,171.608
"128","1956_F2-Ft1-64_Tige_X200_09µm_1_square.jpg","1956_F2_Ft1_64_T_X200_09µm_1",286847.487670664,"1956","64","F2","F","2","Ft1","Ft","1",0,"T",232.53,273.804,97.382,168.158
"129","1957_F2-Ft1-64_Racine_X200_09µm_square.jpg","1957_F2_Ft1_64_R_X200_09µm",207103.56082402,"1957","64","F2","F","2","Ft1","Ft","1",0,"R",228.069,130.721,79.876,186.363
"130","1958_F2-Fe1-61_Tige_X200_09µm_square.jpg","1958_F2_Fe1_61_T_X200_09µm",92633.0538695882,"1958","61","F2","F","2","Fe1","Fe","1",0,"T",48.145,79.156,79.567,60.18
"131","1959_F2-Fe1-61_Racine_X200_09µm_square.jpg","1959_F2_Fe1_61_R_X200_09µm",106859.96686458,"1959","61","F2","F","2","Fe1","Fe","1",0,"R",31.506,78.667,59.84,76.337
"132","1960_F3-Fe2-68_Tige_X200_09µm_square.jpg","1960_F3_Fe2_68_T_X200_09µm",876744.29418471,"1960","68","F3","F","3","Fe2","Fe","2",0,"T",283.315,152.672,163.295,279.452
"133","1961_F3-Fe2-68_Racine_X200_09µm_square.jpg","1961_F3_Fe2_68_R_X200_09µm",609401.211242809,"1961","68","F3","F","3","Fe2","Fe","2",0,"R",272.894,150.715,155.701,277.865
"134","1962_F3-Ft3-72_Tige_X200_09µm_square.jpg","1962_F3_Ft3_72_T_X200_09µm",376047.639264868,"1962","72","F3","F","3","Ft3","Ft","3",0,"T",208.397,225.074,255.882,333.132
"135","1963_F3-Ft3-72_Racine_X200_09µm_square.jpg","1963_F3_Ft3_72_R_X200_09µm",116898.290051882,"1963","72","F3","F","3","Ft3","Ft","3",0,"R",115.124,90.651,85.821,80.629
"136","1964_P2-Fe1-79_Tige_X200_09µm_square.jpg","1964_P2_Fe1_79_T_X200_09µm",158418.391555174,"1964","79","P2","P","2","Fe1","Fe","1",0,"T",67.536,125.698,64.887,112.165
"137","1965_P2-Fe1-79_Racine_X200_09µm_UNSURE_1945_square.jpg","1965_P2_Fe1_79_R_X200_09µm_UNSURE_1945",117825.923877771,"1965","79","P2","P","2","Fe1","Fe","1",0,"R",53.017,106.413,70.651,94.728
"138","1966_P1-Ft1-76_Tige_X200_09µm_square.jpg","1966_P1_Ft1_76_T_X200_09µm",151746.437284433,"1966","76","P1","P","1","Ft1","Ft","1",0,"T",185.763,100.493,62.803,154.907
"139","1967_P1-Ft1-76_Racine_X200_09µm_square.jpg","1967_P1_Ft1_76_R_X200_09µm",72447.4351624273,"1967","76","P1","P","1","Ft1","Ft","1",0,"R",129.912,55.972,63.424,120.335
"140","1968_t2-Ft3-36_Tige_X200_09µm_square.jpg","1968_t2_Ft3_36_T_X200_09µm",164455.67781871,"1968","36","t2","T","2","Ft3","Ft","3",1,"T",74.859,92.635,127.699,133.171
"141","1969_t2-Ft3-36_Racine_X200_09µm_square.jpg","1969_t2_Ft3_36_R_X200_09µm",96220.9268490608,"1969","36","t2","T","2","Ft3","Ft","3",1,"R",35.013,58.167,44.266,90.72
"142","1970_t1-Ft1-16_Tige_X200_09µm_square.jpg","1970_t1_Ft1_16_T_X200_09µm",566798.505209539,"1970","16","t1","T","1","Ft1","Ft","1",1,"T",580.924,848.096,259.858,313.5
"143","1971_t1-Ft1-16_Racine_X200_09µm_square.jpg","1971_t1_Ft1_16_R_X200_09µm",214904.391796102,"1971","16","t1","T","1","Ft1","Ft","1",1,"R",156.207,194.866,112.517,195.888
"144","1972_t1-Fe1-10_Tige_X200_09µm_square.jpg","1972_t1_Fe1_10_T_X200_09µm",242634.838633784,"1972","10","t1","T","1","Fe1","Fe","1",1,"T",112.014,105.709,94.197,110.069
"145","1973_t1-Fe1-10_Racine_X200_09µm_square.jpg","1973_t1_Fe1_10_R_X200_09µm",207239.091740141,"1973","10","t1","T","1","Fe1","Fe","1",1,"R",146.132,74.859,103.517,92.8
"146","1974_t3-Ft2-53_Tige_X200_09µm_2_square.jpg","1974_t3_Ft2_53_T_X200_09µm_2",229313.381678407,"1974","53","t3","T","3","Ft2","Ft","2",1,"T",221.489,189.979,209.169,264.899
"147","1975_t3-Ft2-53_Racine_X200_09µm_square.jpg","1975_t3_Ft2_53_R_X200_09µm",71958.9762647335,"1975","53","t3","T","3","Ft2","Ft","2",1,"R",90.373,64.871,95.956,106.386
"148","1976_t2-Ft1-34_Tige_X200_09µm_square.jpg","1976_t2_Ft1_34_T_X200_09µm",458603.490371217,"1976","34","t2","T","2","Ft1","Ft","1",1,"T",133.807,221.589,173.034,344.29
"149","1977_t1-Ft3-18_Racine_X200_09µm_square.jpg","1977_t1_Ft3_18_R_X200_09µm",121453.224032843,"1977","18","t1","T","1","Ft3","Ft","3",1,"R",79.787,102.585,121.565,148.794
"150","1978_t2-Ft2-35_Tige_X200_09µm_square.jpg","1978_t2_Ft2_35_T_X200_09µm",245083.704318186,"1978","35","t2","T","2","Ft2","Ft","2",1,"T",138.749,106.899,122.498,182.055
"151","1979_t2-Ft2-35_Racine_X200_09µm_square.jpg","1979_t2_Ft2_35_R_X200_09µm",79615.5147261172,"1979","35","t2","T","2","Ft2","Ft","2",1,"R",81.907,65.786,82.189,110.633
"152","1980_t3-Ho2-41_Tige_X200_09µm_square.jpg","1980_t3_Ho2_41_T_X200_09µm",160862.876442287,"1980","41","t3","T","3","Ho2","Ho","2",1,"T",44.155,96.127,107.835,50.175
"153","1981_t3-Ho2-41_Racine_X200_09µm_square.jpg","1981_t3_Ho2_41_R_X200_09µm",85565.7326435392,"1981","41","t3","T","3","Ho2","Ho","2",1,"R",49.192,85.921,28.785,108.864
"154","1982_t1-Ho3-6_Tige_X200_09µm_square.jpg","1982_t1_Ho3_06_T_X200_09µm",439192.45138467,"1982","06","t1","T","1","Ho3","Ho","3",1,"T",159.134,181.064,373.281,162.75
"155","1983_t1-Ho2-5_Tige_X200_09µm_square.jpg","1983_t1_Ho2_05_T_X200_09µm",387858.268755293,"1983","05","t1","T","1","Ho2","Ho","2",1,"T",164.122,177.316,177.767,162.034
"156","1984_t1-Ho1-4_Tige_X200_09µm_square.jpg","1984_t1_Ho1_04_T_X200_09µm",294818.895937175,"1984","04","t1","T","1","Ho1","Ho","1",1,"T",185.77,255.952,209.325,374.85
"157","1985_t2-Ho1-22_Tige_X200_09µm_square.jpg","1985_t2_Ho1_22_T_X200_09µm",865207.464524831,"1985","22","t2","T","2","Ho1","Ho","1",1,"T",542.267,404.026,99.446,178.609
"158","1986_t2-Ho2-23_Tige_X200_11µm_square.jpg","1986_t2_Ho2_23_T_X200_11µm",221635.48683024,"1986","23","t2","T","2","Ho2","Ho","2",1,"T",160.989,237.328,164.325,118.781
