Label,Length,Year
1826_T1-Ho2-3_Tige_X200_09µm_square.jpg,155.327,2024
1826_T1-Ho2-3_Tige_X200_09µm_square.jpg,148.827,2023
1826_T1-Ho2-3_Tige_X200_09µm_square.jpg,135.864,2022
1826_T1-Ho2-3_Tige_X200_09µm_square.jpg,66.336,2021
1827_T1-Ho2-2_Racine_X200_09µm_square.jpg,145.97,2024
1827_T1-Ho2-2_Racine_X200_09µm_square.jpg,81.77,2023
1827_T1-Ho2-2_Racine_X200_09µm_square.jpg,144.662,2022
1827_T1-Ho2-2_Racine_X200_09µm_square.jpg,262.992,2021
1828_T1-Fe2-8_Tige_X200_09µm_square.jpg,117.859,2024
1828_T1-Fe2-8_Tige_X200_09µm_square.jpg,134.277,2023
1828_T1-Fe2-8_Tige_X200_09µm_square.jpg,86.834,2022
1828_T1-Fe2-8_Tige_X200_09µm_square.jpg,60.911,2021
1829_T1-Fe2-8_Racine_X200_09µm_square.jpg,57.048,2024
1829_T1-Fe2-8_Racine_X200_09µm_square.jpg,191.017,2023
1829_T1-Fe2-8_Racine_X200_09µm_square.jpg,43.024,2022
1829_T1-Fe2-8_Racine_X200_09µm_square.jpg,52.855,2021
1830_t1-Fe2-11_Tige_X200_12µm_square.jpg,96.336,2024
1830_t1-Fe2-11_Tige_X200_12µm_square.jpg,135.947,2023
1830_t1-Fe2-11_Tige_X200_12µm_square.jpg,108.17,2022
1830_t1-Fe2-11_Tige_X200_12µm_square.jpg,107.671,2021
1831_t1-Fe2-11_Racine_X200_11µm_square.jpg,284.825,2024
1831_t1-Fe2-11_Racine_X200_11µm_square.jpg,106.935,2023
1831_t1-Fe2-11_Racine_X200_11µm_square.jpg,128.745,2022
1831_t1-Fe2-11_Racine_X200_11µm_square.jpg,176.92,2021
1832_t1-Fe3-12_Tige_X200_09µm_square.jpg,214.558,2024
1832_t1-Fe3-12_Tige_X200_09µm_square.jpg,120.356,2023
1832_t1-Fe3-12_Tige_X200_09µm_square.jpg,159.299,2022
1832_t1-Fe3-12_Tige_X200_09µm_square.jpg,108.844,2021
1833_t1-Fe3-12_Racine_X200_09µm_square.jpg,189.476,2024
1833_t1-Fe3-12_Racine_X200_09µm_square.jpg,172.799,2023
1833_t1-Fe3-12_Racine_X200_09µm_square.jpg,108.969,2022
1833_t1-Fe3-12_Racine_X200_09µm_square.jpg,147.567,2021
1834_T1-Ft1-13_Tige_X200_11µm_square.jpg,66.466,2024
1834_T1-Ft1-13_Tige_X200_11µm_square.jpg,107.275,2023
1834_T1-Ft1-13_Tige_X200_11µm_square.jpg,166.405,2022
1834_T1-Ft1-13_Tige_X200_11µm_square.jpg,87.937,2021
1835_T1-Ft1-13_Racine_X200_09µm_square.jpg,76.459,2024
1835_T1-Ft1-13_Racine_X200_09µm_square.jpg,49.158,2023
1835_T1-Ft1-13_Racine_X200_09µm_square.jpg,116.377,2022
1835_T1-Ft1-13_Racine_X200_09µm_square.jpg,53.501,2021
1836_T1-Ft1-15_Tige_X200_09µm_square.jpg,42.913,2024
1836_T1-Ft1-15_Tige_X200_09µm_square.jpg,187.46,2023
1836_T1-Ft1-15_Tige_X200_09µm_square.jpg,229.738,2022
1836_T1-Ft1-15_Tige_X200_09µm_square.jpg,132.495,2021
1839_t1-Ft2-17_Racine_X200_09µm_square.jpg,45.03,2024
1839_t1-Ft2-17_Racine_X200_09µm_square.jpg,164.365,2023
1839_t1-Ft2-17_Racine_X200_09µm_square.jpg,50.412,2022
1839_t1-Ft2-17_Racine_X200_09µm_square.jpg,91.747,2021
1840_T2-Fe1-25_Tige_X200_11µm_square.jpg,57.156,2024
1840_T2-Fe1-25_Tige_X200_11µm_square.jpg,78.787,2023
1840_T2-Fe1-25_Tige_X200_11µm_square.jpg,104.815,2022
1840_T2-Fe1-25_Tige_X200_11µm_square.jpg,78.815,2021
1843_T2-Fe2-26_Racine_X200_09µm_square.jpg,85.353,2024
1843_T2-Fe2-26_Racine_X200_09µm_square.jpg,148.1,2023
1843_T2-Fe2-26_Racine_X200_09µm_square.jpg,165.201,2022
1843_T2-Fe2-26_Racine_X200_09µm_square.jpg,113.513,2021
1844_T2-Fe3-27_Tige_X200_09µm_square.jpg,116.964,2024
1844_T2-Fe3-27_Tige_X200_09µm_square.jpg,90.877,2023
1844_T2-Fe3-27_Tige_X200_09µm_square.jpg,155.066,2022
1844_T2-Fe3-27_Tige_X200_09µm_square.jpg,174.781,2021
1845_T2-Fe3-27_Racine_X200_09µm_square.jpg,86.293,2024
1845_T2-Fe3-27_Racine_X200_09µm_square.jpg,114.222,2023
1845_T2-Fe3-27_Racine_X200_09µm_square.jpg,87.489,2022
1845_T2-Fe3-27_Racine_X200_09µm_square.jpg,141.858,2021
1846_T2-Fe1-28_Tige_X200_09µm_square.jpg,81.116,2024
1846_T2-Fe1-28_Tige_X200_09µm_square.jpg,68.552,2023
1846_T2-Fe1-28_Tige_X200_09µm_square.jpg,63.843,2022
1846_T2-Fe1-28_Tige_X200_09µm_square.jpg,72.744,2021
1848_T3-Ho1-37_Tige_X200_09µm_square.jpg,216.646,2024
1848_T3-Ho1-37_Tige_X200_09µm_square.jpg,386.185,2023
1848_T3-Ho1-37_Tige_X200_09µm_square.jpg,268.45,2022
1848_T3-Ho1-37_Tige_X200_09µm_square.jpg,178.971,2021
1849_T3-Ho1-37_Racine_X200_09µm_square.jpg,65.48,2024
1849_T3-Ho1-37_Racine_X200_09µm_square.jpg,136.296,2023
1849_T3-Ho1-37_Racine_X200_09µm_square.jpg,57.383,2022
1849_T3-Ho1-37_Racine_X200_09µm_square.jpg,120.011,2021
1850_T2-Ft2-32_Tige_X200_09µm_square.jpg,178.505,2024
1850_T2-Ft2-32_Tige_X200_09µm_square.jpg,130.504,2023
1850_T2-Ft2-32_Tige_X200_09µm_square.jpg,99.622,2022
1850_T2-Ft2-32_Tige_X200_09µm_square.jpg,192.456,2021
1851_T2-Ft2-32_Racine_X200_09µm_square.jpg,63.424,2024
1851_T2-Ft2-32_Racine_X200_09µm_square.jpg,131.754,2023
1851_T2-Ft2-32_Racine_X200_09µm_square.jpg,65.87,2022
1851_T2-Ft2-32_Racine_X200_09µm_square.jpg,101.497,2021
1853_T2-Ft3-33_Racine_X200_09µm_square.jpg,167.465,2024
1853_T2-Ft3-33_Racine_X200_09µm_square.jpg,332.891,2023
1853_T2-Ft3-33_Racine_X200_09µm_square.jpg,97.691,2022
1853_T2-Ft3-33_Racine_X200_09µm_square.jpg,195.989,2021
1854_T3-Ho2-38_Tige_X200_09µm_square.jpg,216.646,2024
1854_T3-Ho2-38_Tige_X200_09µm_square.jpg,398.747,2023
1854_T3-Ho2-38_Tige_X200_09µm_square.jpg,177.505,2022
1854_T3-Ho2-38_Tige_X200_09µm_square.jpg,158.626,2021
1856_t3-Ho1-40_Tige_X200_09µm_square.jpg,220.032,2024
1856_t3-Ho1-40_Tige_X200_09µm_square.jpg,118.251,2023
1856_t3-Ho1-40_Tige_X200_09µm_square.jpg,42.502,2022
1856_t3-Ho1-40_Tige_X200_09µm_square.jpg,475.833,2021
1857_t3-Ho1-40_Racine_X200_09µm_square.jpg,106.239,2024
1857_t3-Ho1-40_Racine_X200_09µm_square.jpg,218.739,2023
1857_t3-Ho1-40_Racine_X200_09µm_square.jpg,129.358,2022
1857_t3-Ho1-40_Racine_X200_09µm_square.jpg,114.153,2021
1859_t3-Ho3-42_Racine_X200_09µm_square.jpg,47.622,2024
1859_t3-Ho3-42_Racine_X200_09µm_square.jpg,59.657,2023
1859_t3-Ho3-42_Racine_X200_09µm_square.jpg,122.467,2022
1859_t3-Ho3-42_Racine_X200_09µm_square.jpg,77.037,2021
1860_T3-Fe3-45_Tige_X200_09µm_square.jpg,357.035,2024
1860_T3-Fe3-45_Tige_X200_09µm_square.jpg,421.217,2023
1860_T3-Fe3-45_Tige_X200_09µm_square.jpg,106.762,2022
1860_T3-Fe3-45_Tige_X200_09µm_square.jpg,196.333,2021
1861_T3-Fe3-45_Racine_X200_09µm_square.jpg,339.627,2024
1861_T3-Fe3-45_Racine_X200_09µm_square.jpg,405.025,2023
1861_T3-Fe3-45_Racine_X200_09µm_square.jpg,121.404,2022
1861_T3-Fe3-45_Racine_X200_09µm_square.jpg,180.837,2021
1863_t3-Fe3-48_Racine_X200_09µm_square.jpg,285.772,2024
1863_t3-Fe3-48_Racine_X200_09µm_square.jpg,232.368,2023
1863_t3-Fe3-48_Racine_X200_09µm_square.jpg,128.815,2022
1863_t3-Fe3-48_Racine_X200_09µm_square.jpg,257.476,2021
1864_T3-Ft3-51_Tige_X200_09µm_square.jpg,213.814,2024
1864_T3-Ft3-51_Tige_X200_09µm_square.jpg,446.116,2023
1864_T3-Ft3-51_Tige_X200_09µm_square.jpg,257.669,2022
1864_T3-Ft3-51_Tige_X200_09µm_square.jpg,310.848,2021
1865_T3-Ft3-51_Racine_X200_09µm_square.jpg,225.624,2024
1865_T3-Ft3-51_Racine_X200_09µm_square.jpg,307.699,2023
1865_T3-Ft3-51_Racine_X200_09µm_square.jpg,212.547,2022
1865_T3-Ft3-51_Racine_X200_09µm_square.jpg,291.335,2021
1867_t3-Ft1-52_Racine_X200_09µm_square.jpg,296.961,2024
1867_t3-Ft1-52_Racine_X200_09µm_square.jpg,427.868,2023
1867_t3-Ft1-52_Racine_X200_09µm_square.jpg,450.201,2022
1867_t3-Ft1-52_Racine_X200_09µm_square.jpg,266.079,2021
1870_F1-Fe2-56_Tige_X200_09µm_square.jpg,114.63,2024
1870_F1-Fe2-56_Tige_X200_09µm_square.jpg,80.078,2023
1870_F1-Fe2-56_Tige_X200_09µm_square.jpg,58.106,2022
1870_F1-Fe2-56_Tige_X200_09µm_square.jpg,71.698,2021
1871_F1-Fe2-56_Racine_X200_09µm_square.jpg,151.319,2024
1871_F1-Fe2-56_Racine_X200_09µm_square.jpg,58.423,2023
1871_F1-Fe2-56_Racine_X200_09µm_square.jpg,84.798,2022
1871_F1-Fe2-56_Racine_X200_09µm_square.jpg,74.336,2021
1872_F1-Fe3-57_Tige_X200_09µm_square.jpg,186.337,2024
1872_F1-Fe3-57_Tige_X200_09µm_square.jpg,186.293,2023
1872_F1-Fe3-57_Tige_X200_09µm_square.jpg,111.252,2022
1872_F1-Fe3-57_Tige_X200_09µm_square.jpg,114.196,2021
1873_F1-Fe3-57_Racine_X200_09µm_square.jpg,173.09,2024
1873_F1-Fe3-57_Racine_X200_09µm_square.jpg,71.658,2023
1873_F1-Fe3-57_Racine_X200_09µm_square.jpg,77.898,2022
1873_F1-Fe3-57_Racine_X200_09µm_square.jpg,203.067,2021
1874_F1-Ft3-60_Tige_X200_09µm_square.jpg,59.884,2024
1874_F1-Ft3-60_Tige_X200_09µm_square.jpg,34.553,2023
1874_F1-Ft3-60_Tige_X200_09µm_square.jpg,51.282,2022
1874_F1-Ft3-60_Tige_X200_09µm_square.jpg,63.802,2021
1875_F1-Ft3-60_Racine_X200_11µm_square.jpg,48.245,2024
1875_F1-Ft3-60_Racine_X200_11µm_square.jpg,125.677,2023
1875_F1-Ft3-60_Racine_X200_11µm_square.jpg,124.019,2022
1875_F1-Ft3-60_Racine_X200_11µm_square.jpg,134.011,2021
1876_F2-Fe2-62_Tige_X200_09µm_square.jpg,70.878,2024
1876_F2-Fe2-62_Tige_X200_09µm_square.jpg,75.5,2023
1876_F2-Fe2-62_Tige_X200_09µm_square.jpg,107.859,2022
1876_F2-Fe2-62_Tige_X200_09µm_square.jpg,94.786,2021
1877_F2-Fe2-62_Racine_X200_09µm_square.jpg,156.224,2024
1877_F2-Fe2-62_Racine_X200_09µm_square.jpg,181.83,2023
1877_F2-Fe2-62_Racine_X200_09µm_square.jpg,206.241,2022
1877_F2-Fe2-62_Racine_X200_09µm_square.jpg,307.699,2021
1878_F2-Fe3-63_Tige_X200_11µm_square.jpg,138.11,2024
1878_F2-Fe3-63_Tige_X200_11µm_square.jpg,107.476,2023
1878_F2-Fe3-63_Tige_X200_11µm_square.jpg,145.192,2022
1878_F2-Fe3-63_Tige_X200_11µm_square.jpg,127.151,2021
1879_F2-Fe3-63_Racine_X200_09µm_square.jpg,65.022,2024
1879_F2-Fe3-63_Racine_X200_09µm_square.jpg,140.49,2023
1879_F2-Fe3-63_Racine_X200_09µm_square.jpg,88.623,2022
1879_F2-Fe3-63_Racine_X200_09µm_square.jpg,208.271,2021
1880_F2-Ft2-65_Tige_X200_09µm_square.jpg,97.758,2024
1880_F2-Ft2-65_Tige_X200_09µm_square.jpg,80.423,2023
1880_F2-Ft2-65_Tige_X200_09µm_square.jpg,39.219,2022
1880_F2-Ft2-65_Tige_X200_09µm_square.jpg,89.909,2021
1881_F2-Ft2-65_Racine_X200_09µm_square.jpg,73.327,2024
1881_F2-Ft2-65_Racine_X200_09µm_square.jpg,85.353,2023
1881_F2-Ft2-65_Racine_X200_09µm_square.jpg,87.951,2022
1881_F2-Ft2-65_Racine_X200_09µm_square.jpg,85.336,2021
1882_F2-Ft3-66_Tige_X200_11µm_square.jpg,67.013,2024
1882_F2-Ft3-66_Tige_X200_11µm_square.jpg,123.16,2023
1882_F2-Ft3-66_Tige_X200_11µm_square.jpg,113.735,2022
1882_F2-Ft3-66_Tige_X200_11µm_square.jpg,114.145,2021
1883_F2-Ft3-66_Racine_X200_09µm_square.jpg,39.773,2024
1883_F2-Ft3-66_Racine_X200_09µm_square.jpg,55.992,2023
1883_F2-Ft3-66_Racine_X200_09µm_square.jpg,75.709,2022
1883_F2-Ft3-66_Racine_X200_09µm_square.jpg,92.527,2021
1885_F3-Fe3-69_Racine_X200_09µm_square.jpg,255.39,2024
1885_F3-Fe3-69_Racine_X200_09µm_square.jpg,272.186,2023
1885_F3-Fe3-69_Racine_X200_09µm_square.jpg,183.748,2022
1885_F3-Fe3-69_Racine_X200_09µm_square.jpg,108.864,2021
1886_F3-Ft1-70_Tige_X200_09µm_square.jpg,67.512,2024
1886_F3-Ft1-70_Tige_X200_09µm_square.jpg,150.216,2023
1886_F3-Ft1-70_Tige_X200_09µm_square.jpg,36.764,2022
1886_F3-Ft1-70_Tige_X200_09µm_square.jpg,92.152,2021
1887_F3-Ft1-70_Racine_X200_09µm_square.jpg,94.715,2024
1887_F3-Ft1-70_Racine_X200_09µm_square.jpg,75.355,2023
1887_F3-Ft1-70_Racine_X200_09µm_square.jpg,63.849,2022
1887_F3-Ft1-70_Racine_X200_09µm_square.jpg,92.136,2021
1890_P1-Fe1-73_Tige_X200_11µm_square.jpg,120.952,2024
1890_P1-Fe1-73_Tige_X200_11µm_square.jpg,95.784,2023
1890_P1-Fe1-73_Tige_X200_11µm_square.jpg,30.985,2022
1890_P1-Fe1-73_Tige_X200_11µm_square.jpg,70.692,2021
1891_P1-Fe1-73_Racine_X200_09µm_square.jpg,107.457,2024
1891_P1-Fe1-73_Racine_X200_09µm_square.jpg,94.197,2023
1891_P1-Fe1-73_Racine_X200_09µm_square.jpg,69.123,2022
1891_P1-Fe1-73_Racine_X200_09µm_square.jpg,145.998,2021
1892_P1-Fe2-74_Tige_X200_09µm_square.jpg,73.277,2024
1892_P1-Fe2-74_Tige_X200_09µm_square.jpg,37.709,2023
1892_P1-Fe2-74_Tige_X200_09µm_square.jpg,45.079,2022
1892_P1-Fe2-74_Tige_X200_09µm_square.jpg,160.772,2021
1894_P1-Fe3-75_Tige_X200_11µm_square.jpg,43.956,2024
1894_P1-Fe3-75_Tige_X200_11µm_square.jpg,38.896,2023
1894_P1-Fe3-75_Tige_X200_11µm_square.jpg,155.74,2022
1894_P1-Fe3-75_Tige_X200_11µm_square.jpg,67.38,2021
1896_P1-Ft2-77_Tige_X200_09µm_square.jpg,104.218,2024
1896_P1-Ft2-77_Tige_X200_09µm_square.jpg,115.912,2023
1896_P1-Ft2-77_Tige_X200_09µm_square.jpg,109.346,2022
1896_P1-Ft2-77_Tige_X200_09µm_square.jpg,186.617,2021
1897_P1-Ft2-77_Racine_X200_09µm_square.jpg,111.705,2024
1897_P1-Ft2-77_Racine_X200_09µm_square.jpg,85.296,2023
1897_P1-Ft2-77_Racine_X200_09µm_square.jpg,104.992,2022
1897_P1-Ft2-77_Racine_X200_09µm_square.jpg,185.503,2021
1898_P1-Ft3-78_Tige_X200_09µm_square.jpg,270.568,2024
1898_P1-Ft3-78_Tige_X200_09µm_square.jpg,158.669,2023
1898_P1-Ft3-78_Tige_X200_09µm_square.jpg,57.163,2022
1898_P1-Ft3-78_Tige_X200_09µm_square.jpg,139.011,2021
1899_P1-Ft3-78_Racine_X200_09µm_square.jpg,309.298,2024
1899_P1-Ft3-78_Racine_X200_09µm_square.jpg,186.82,2023
1899_P1-Ft3-78_Racine_X200_09µm_square.jpg,144.734,2022
1899_P1-Ft3-78_Racine_X200_09µm_square.jpg,185.303,2021
1900_P2-Fe3-81_Tige_X200_09µm_square.jpg,209.756,2024
1900_P2-Fe3-81_Tige_X200_09µm_square.jpg,118.337,2023
1900_P2-Fe3-81_Tige_X200_09µm_square.jpg,90.033,2022
1900_P2-Fe3-81_Tige_X200_09µm_square.jpg,102.127,2021
1901_P2-Fe3-81_Racine_X200_09µm_square.jpg,195.779,2024
1901_P2-Fe3-81_Racine_X200_09µm_square.jpg,66.067,2023
1901_P2-Fe3-81_Racine_X200_09µm_square.jpg,86.444,2022
1901_P2-Fe3-81_Racine_X200_09µm_square.jpg,81.48,2021
1902_P3-Fe2-86_Tige_X200_09µm_square.jpg,266.102,2024
1902_P3-Fe2-86_Tige_X200_09µm_square.jpg,135.581,2023
1902_P3-Fe2-86_Tige_X200_09µm_square.jpg,153.437,2022
1902_P3-Fe2-86_Tige_X200_09µm_square.jpg,113.784,2021
1903_P3-Fe2-86_Racine_X200_09µm_square.jpg,272.117,2024
1903_P3-Fe2-86_Racine_X200_09µm_square.jpg,101.604,2023
1903_P3-Fe2-86_Racine_X200_09µm_square.jpg,148.617,2022
1903_P3-Fe2-86_Racine_X200_09µm_square.jpg,107.843,2021
1904_P3-Ft1-88_Tige_X200_09µm_square.jpg,116.551,2024
1904_P3-Ft1-88_Tige_X200_09µm_square.jpg,279.594,2023
1904_P3-Ft1-88_Tige_X200_09µm_square.jpg,160.195,2022
1904_P3-Ft1-88_Tige_X200_09µm_square.jpg,172.684,2021
1905_P3-Ft1-88_Racine_X200_09µm_square.jpg,296.741,2024
1905_P3-Ft1-88_Racine_X200_09µm_square.jpg,106.75,2023
1905_P3-Ft1-88_Racine_X200_09µm_square.jpg,409.808,2022
1905_P3-Ft1-88_Racine_X200_09µm_square.jpg,251.77,2021
1906_P3-Ft2-89_Tige_X200_09µm_square.jpg,249.086,2024
1906_P3-Ft2-89_Tige_X200_09µm_square.jpg,171.271,2023
1906_P3-Ft2-89_Tige_X200_09µm_square.jpg,140.242,2022
1906_P3-Ft2-89_Tige_X200_09µm_square.jpg,84.264,2021
1907_P3-Ft2-89_Racine_X200_09µm_square.jpg,326.541,2024
1907_P3-Ft2-89_Racine_X200_09µm_square.jpg,142.681,2023
1907_P3-Ft2-89_Racine_X200_09µm_square.jpg,167.165,2022
1907_P3-Ft2-89_Racine_X200_09µm_square.jpg,91.589,2021
1909_T1-Ho1-1_Racine_X200_09µm_square.jpg,31.436,2024
1909_T1-Ho1-1_Racine_X200_09µm_square.jpg,56.001,2023
1909_T1-Ho1-1_Racine_X200_09µm_square.jpg,49.258,2022
1909_T1-Ho1-1_Racine_X200_09µm_square.jpg,53.898,2021
1910_T1-Fe3-9_Tige_X200_09µm_square.jpg,176.05,2024
1910_T1-Fe3-9_Tige_X200_09µm_square.jpg,122.087,2023
1910_T1-Fe3-9_Tige_X200_09µm_square.jpg,176.31,2022
1910_T1-Fe3-9_Tige_X200_09µm_square.jpg,119.448,2021
1911_T1-Fe3-9_Racine_X200_09µm_square.jpg,204.253,2024
1911_T1-Fe3-9_Racine_X200_09µm_square.jpg,180.308,2023
1911_T1-Fe3-9_Racine_X200_09µm_square.jpg,163.309,2022
1911_T1-Fe3-9_Racine_X200_09µm_square.jpg,106.935,2021
1912_T1-Ho3-3_Tige_X200_09µm_square.jpg,248.162,2024
1912_T1-Ho3-3_Tige_X200_09µm_square.jpg,454.406,2023
1912_T1-Ho3-3_Tige_X200_09µm_square.jpg,271.626,2022
1912_T1-Ho3-3_Tige_X200_09µm_square.jpg,56.537,2021
1914_T1-Fe1-7_Tige_X200_09µm_square.jpg,347.226,2024
1914_T1-Fe1-7_Tige_X200_09µm_square.jpg,320.382,2023
1914_T1-Fe1-7_Tige_X200_09µm_square.jpg,118.584,2022
1914_T1-Fe1-7_Tige_X200_09µm_square.jpg,174.431,2021
1915_T1-Fe1-7_Racine_X200_09µm_square.jpg,276.58,2024
1915_T1-Fe1-7_Racine_X200_09µm_square.jpg,256.922,2023
1915_T1-Fe1-7_Racine_X200_09µm_square.jpg,86.733,2022
1915_T1-Fe1-7_Racine_X200_09µm_square.jpg,140.899,2021
1916_T1-Ho3-3_Tige_X200_09µm_square.jpg,115.242,2024
1916_T1-Ho3-3_Tige_X200_09µm_square.jpg,69.629,2023
1916_T1-Ho3-3_Tige_X200_09µm_square.jpg,84.772,2022
1916_T1-Ho3-3_Tige_X200_09µm_square.jpg,173.738,2021
1917_T1-Ho3-3_Racine_X200_09µm_square.jpg,112.419,2024
1917_T1-Ho3-3_Racine_X200_09µm_square.jpg,47.851,2023
1917_T1-Ho3-3_Racine_X200_09µm_square.jpg,105.907,2022
1917_T1-Ho3-3_Racine_X200_09µm_square.jpg,168.807,2021
1918_F1-Ft2-59_Tige_X200_09µm_square.jpg,245.008,2024
1918_F1-Ft2-59_Tige_X200_09µm_square.jpg,310.252,2023
1918_F1-Ft2-59_Tige_X200_09µm_square.jpg,104.955,2022
1918_F1-Ft2-59_Tige_X200_09µm_square.jpg,77.425,2021
1919_F1-Ft2-59_Racine_X200_09µm_square.jpg,242.79,2024
1919_F1-Ft2-59_Racine_X200_09µm_square.jpg,167.835,2023
1919_F1-Ft2-59_Racine_X200_09µm_square.jpg,107.819,2022
1919_F1-Ft2-59_Racine_X200_09µm_square.jpg,196.322,2021
1920_T1-Ft2-14_Tige_X200_09µm_square.jpg,29.29,2024
1920_T1-Ft2-14_Tige_X200_09µm_square.jpg,39.552,2023
1920_T1-Ft2-14_Tige_X200_09µm_square.jpg,187.253,2022
1920_T1-Ft2-14_Tige_X200_09µm_square.jpg,420.074,2021
1921_T1-Ft2-14_Racine_X200_09µm_square.jpg,51.625,2024
1921_T1-Ft2-14_Racine_X200_09µm_square.jpg,241.797,2023
1921_T1-Ft2-14_Racine_X200_09µm_square.jpg,146.506,2022
1921_T1-Ft2-14_Racine_X200_09µm_square.jpg,183.33,2021
1922_T3-Ft1-49_Tige_X200_09µm_square.jpg,279.819,2024
1922_T3-Ft1-49_Tige_X200_09µm_square.jpg,574.755,2023
1922_T3-Ft1-49_Tige_X200_09µm_square.jpg,140.381,2022
1922_T3-Ft1-49_Tige_X200_09µm_square.jpg,208.334,2021
1923_T3-Ft1-49_Racine_X200_09µm_square.jpg,140.378,2024
1923_T3-Ft1-49_Racine_X200_09µm_square.jpg,48.324,2023
1923_T3-Ft1-49_Racine_X200_09µm_square.jpg,91.76,2022
1923_T3-Ft1-49_Racine_X200_09µm_square.jpg,158.894,2021
1924_T2-Ho2-20_Tige_X200_09µm_square.jpg,281.775,2024
1924_T2-Ho2-20_Tige_X200_09µm_square.jpg,532.844,2023
1924_T2-Ho2-20_Tige_X200_09µm_square.jpg,252.048,2022
1924_T2-Ho2-20_Tige_X200_09µm_square.jpg,241.62,2021
1925_T2-Ho2-20_Racine_X200_09µm_square.jpg,158.375,2024
1925_T2-Ho2-20_Racine_X200_09µm_square.jpg,395.654,2023
1925_T2-Ho2-20_Racine_X200_09µm_square.jpg,313.979,2022
1925_T2-Ho2-20_Racine_X200_09µm_square.jpg,284.668,2021
1926_T2-Ho3-21_Tige_X200_09µm_square.jpg,263.745,2024
1926_T2-Ho3-21_Tige_X200_09µm_square.jpg,125.593,2023
1926_T2-Ho3-21_Tige_X200_09µm_square.jpg,131.868,2022
1926_T2-Ho3-21_Tige_X200_09µm_square.jpg,95.238,2021
1927_T2-Ho3-21_Racine_X200_09µm_square.jpg,202.403,2024
1927_T2-Ho3-21_Racine_X200_09µm_square.jpg,121.767,2023
1927_T2-Ho3-21_Racine_X200_09µm_square.jpg,159.299,2022
1927_T2-Ho3-21_Racine_X200_09µm_square.jpg,99.43,2021
1928_T2-Ft1-31_Tige_X200_09µm_square.jpg,120.47,2024
1928_T2-Ft1-31_Tige_X200_09µm_square.jpg,182.404,2023
1928_T2-Ft1-31_Tige_X200_09µm_square.jpg,117.01,2022
1928_T2-Ft1-31_Tige_X200_09µm_square.jpg,143.442,2021
1929_T2-Ft1-31_Racine_X200_09µm_square.jpg,120.056,2024
1929_T2-Ft1-31_Racine_X200_09µm_square.jpg,150.739,2023
1929_T2-Ft1-31_Racine_X200_09µm_square.jpg,161.817,2022
1929_T2-Ft1-31_Racine_X200_09µm_square.jpg,228.153,2021
1930_T3-Ft2-50_Tige_X200_09µm_square.jpg,191.934,2024
1930_T3-Ft2-50_Tige_X200_09µm_square.jpg,552.594,2023
1930_T3-Ft2-50_Tige_X200_09µm_square.jpg,213.698,2022
1930_T3-Ft2-50_Tige_X200_09µm_square.jpg,231.394,2021
1931_T3-Ft2-50_Racine_X200_09µm_square.jpg,143.835,2024
1931_T3-Ft2-50_Racine_X200_09µm_square.jpg,225.558,2023
1931_T3-Ft2-50_Racine_X200_09µm_square.jpg,323.2,2022
1931_T3-Ft2-50_Racine_X200_09µm_square.jpg,236.06,2021
1932_T3-Ho3-39_Tige_X200_09µm_square.jpg,308.249,2024
1932_T3-Ho3-39_Tige_X200_09µm_square.jpg,178.225,2023
1932_T3-Ho3-39_Tige_X200_09µm_square.jpg,160.402,2022
1932_T3-Ho3-39_Tige_X200_09µm_square.jpg,782.837,2021
1933_T3-Ho3-39_Racine_X200_09µm_square.jpg,34.074,2024
1933_T3-Ho3-39_Racine_X200_09µm_square.jpg,109.412,2023
1933_T3-Ho3-39_Racine_X200_09µm_square.jpg,95.238,2022
1933_T3-Ho3-39_Racine_X200_09µm_square.jpg,54.432,2021
1934_T3-Fe2-44_Tige_X200_09µm_square.jpg,71.692,2024
1934_T3-Fe2-44_Tige_X200_09µm_square.jpg,210.455,2023
1934_T3-Fe2-44_Tige_X200_09µm_square.jpg,172.162,2022
1934_T3-Fe2-44_Tige_X200_09µm_square.jpg,169.574,2021
1935_T3-Fe2-44_Racine_X200_09µm_square.jpg,101.519,2024
1935_T3-Fe2-44_Racine_X200_09µm_square.jpg,185.767,2023
1935_T3-Fe2-44_Racine_X200_09µm_square.jpg,152.8,2022
1935_T3-Fe2-44_Racine_X200_09µm_square.jpg,139.968,2021
1936_F1-Ft1-58_Tige_X200_09µm_square.jpg,255.39,2024
1936_F1-Ft1-58_Tige_X200_09µm_square.jpg,256.419,2023
1936_F1-Ft1-58_Tige_X200_09µm_square.jpg,231.293,2022
1936_F1-Ft1-58_Tige_X200_09µm_square.jpg,NA,2021
1937_F1-Ft1-58_Racine_X200_09µm_square.jpg,311.672,2024
1937_F1-Ft1-58_Racine_X200_09µm_square.jpg,181.227,2023
1937_F1-Ft1-58_Racine_X200_09µm_square.jpg,147.883,2022
1937_F1-Ft1-58_Racine_X200_09µm_square.jpg,201.658,2021
1938_T3-Fe1-43_Tige_X200_09µm_square.jpg,232.678,2024
1938_T3-Fe1-43_Tige_X200_09µm_square.jpg,253.234,2023
1938_T3-Fe1-43_Tige_X200_09µm_square.jpg,111.471,2022
1938_T3-Fe1-43_Tige_X200_09µm_square.jpg,241.886,2021
1939_T3-Fe1-43_Racine_X200_09µm_square.jpg,222.726,2024
1939_T3-Fe1-43_Racine_X200_09µm_square.jpg,260.828,2023
1939_T3-Fe1-43_Racine_X200_09µm_square.jpg,182.347,2022
1939_T3-Fe1-43_Racine_X200_09µm_square.jpg,247.321,2021
1940_P3-Fe3-87_Tige_X200_09µm_square.jpg,218.839,2024
1940_P3-Fe3-87_Tige_X200_09µm_square.jpg,205.801,2023
1940_P3-Fe3-87_Tige_X200_09µm_square.jpg,210.901,2022
1940_P3-Fe3-87_Tige_X200_09µm_square.jpg,125.687,2021
1941_P3-Fe3-87_Racine_X200_09µm_square.jpg,277.905,2024
1941_P3-Fe3-87_Racine_X200_09µm_square.jpg,154.046,2023
1941_P3-Fe3-87_Racine_X200_09µm_square.jpg,274.797,2022
1941_P3-Fe3-87_Racine_X200_09µm_square.jpg,139.753,2021
1942_P2-Ft3-84_Tige_X200_09µm_square.jpg,96.922,2024
1942_P2-Ft3-84_Tige_X200_09µm_square.jpg,110.493,2023
1942_P2-Ft3-84_Tige_X200_09µm_square.jpg,146.524,2022
1942_P2-Ft3-84_Tige_X200_09µm_square.jpg,101.043,2021
1943_P2-Ft3-84_Racine_X200_09µm_square.jpg,50.304,2024
1943_P2-Ft3-84_Racine_X200_09µm_square.jpg,110.937,2023
1943_P2-Ft3-84_Racine_X200_09µm_square.jpg,122.552,2022
1943_P2-Ft3-84_Racine_X200_09µm_square.jpg,204.402,2021
1944_P3-Fe1-85_Tige_X200_09µm_square.jpg,225.035,2024
1944_P3-Fe1-85_Tige_X200_09µm_square.jpg,332.423,2023
1944_P3-Fe1-85_Tige_X200_09µm_square.jpg,128.937,2022
1944_P3-Fe1-85_Tige_X200_09µm_square.jpg,199.072,2021
1945_P3-Fe1-85_Racine_X200_09µm_square.jpg,185.987,2024
1945_P3-Fe1-85_Racine_X200_09µm_square.jpg,295.521,2023
1945_P3-Fe1-85_Racine_X200_09µm_square.jpg,106.993,2022
1945_P3-Fe1-85_Racine_X200_09µm_square.jpg,174.028,2021
1946_P3-Ft3-90_Tige_X200_09µm_square.jpg,111.559,2024
1946_P3-Ft3-90_Tige_X200_09µm_square.jpg,164.349,2023
1946_P3-Ft3-90_Tige_X200_09µm_square.jpg,108.4,2022
1946_P3-Ft3-90_Tige_X200_09µm_square.jpg,224.885,2021
1947_P3-Ft3-90_Racine_X200_09µm_square.jpg,269.782,2024
1947_P3-Ft3-90_Racine_X200_09µm_square.jpg,152.428,2023
1947_P3-Ft3-90_Racine_X200_09µm_square.jpg,277.684,2022
1947_P3-Ft3-90_Racine_X200_09µm_square.jpg,259.603,2021
1948_P2-Ft2-83_Tige_X200_09µm_square.jpg,232.865,2024
1948_P2-Ft2-83_Tige_X200_09µm_square.jpg,184.59,2023
1948_P2-Ft2-83_Tige_X200_09µm_square.jpg,98.613,2022
1948_P2-Ft2-83_Tige_X200_09µm_square.jpg,126.2,2021
1949_P2-Ft2-83_Racine_X200_09µm_square.jpg,474.357,2024
1949_P2-Ft2-83_Racine_X200_09µm_square.jpg,421.926,2023
1949_P2-Ft2-83_Racine_X200_09µm_square.jpg,268.739,2022
1949_P2-Ft2-83_Racine_X200_09µm_square.jpg,399.956,2021
1950_P2-Ft1-82_Tige_X200_09µm_square.jpg,339.193,2024
1950_P2-Ft1-82_Tige_X200_09µm_square.jpg,256.487,2023
1950_P2-Ft1-82_Tige_X200_09µm_square.jpg,166.006,2022
1950_P2-Ft1-82_Tige_X200_09µm_square.jpg,293.132,2021
1951_P2-Ft1-82_Racine_X200_09µm_square.jpg,45.538,2024
1951_P2-Ft1-82_Racine_X200_09µm_square.jpg,120.952,2023
1951_P2-Ft1-82_Racine_X200_09µm_square.jpg,70.646,2022
1951_P2-Ft1-82_Racine_X200_09µm_square.jpg,92.349,2021
1952_P2-Fe2-80_Tige_X200_09µm_square.jpg,158.451,2024
1952_P2-Fe2-80_Tige_X200_09µm_square.jpg,156.989,2023
1952_P2-Fe2-80_Tige_X200_09µm_square.jpg,157.209,2022
1952_P2-Fe2-80_Tige_X200_09µm_square.jpg,83.732,2021
1953_P2-Fe2-80_Racine_X200_09µm_square.jpg,149.44,2024
1953_P2-Fe2-80_Racine_X200_09µm_square.jpg,83.889,2023
1953_P2-Fe2-80_Racine_X200_09µm_square.jpg,107.802,2022
1953_P2-Fe2-80_Racine_X200_09µm_square.jpg,119.328,2021
1954_F3-Fe1-67_Tige_X200_09µm_square.jpg,123.332,2024
1954_F3-Fe1-67_Tige_X200_09µm_square.jpg,55.992,2023
1954_F3-Fe1-67_Tige_X200_09µm_square.jpg,104.433,2022
1954_F3-Fe1-67_Tige_X200_09µm_square.jpg,93.146,2021
1956_F2-Ft1-64_Tige_X200_09µm_square.jpg,232.53,2024
1956_F2-Ft1-64_Tige_X200_09µm_square.jpg,273.804,2023
1956_F2-Ft1-64_Tige_X200_09µm_square.jpg,97.382,2022
1956_F2-Ft1-64_Tige_X200_09µm_square.jpg,168.158,2021
1957_F2-Ft1-64_Racine_X200_09µm_square.jpg,228.069,2024
1957_F2-Ft1-64_Racine_X200_09µm_square.jpg,130.721,2023
1957_F2-Ft1-64_Racine_X200_09µm_square.jpg,79.876,2022
1957_F2-Ft1-64_Racine_X200_09µm_square.jpg,186.363,2021
1958_F2-Fe1-61_Tige_X200_09µm_square.jpg,48.145,2024
1958_F2-Fe1-61_Tige_X200_09µm_square.jpg,79.156,2023
1958_F2-Fe1-61_Tige_X200_09µm_square.jpg,79.567,2022
1958_F2-Fe1-61_Tige_X200_09µm_square.jpg,60.18,2021
1959_F2-Fe1-61_Racine_X200_09µm_square.jpg,31.506,2024
1959_F2-Fe1-61_Racine_X200_09µm_square.jpg,78.667,2023
1959_F2-Fe1-61_Racine_X200_09µm_square.jpg,59.84,2022
1959_F2-Fe1-61_Racine_X200_09µm_square.jpg,76.337,2021
1960_F3-Fe2-68_Tige_X200_09µm_square.jpg,283.315,2024
1960_F3-Fe2-68_Tige_X200_09µm_square.jpg,152.672,2023
1960_F3-Fe2-68_Tige_X200_09µm_square.jpg,163.295,2022
1960_F3-Fe2-68_Tige_X200_09µm_square.jpg,279.452,2021
1961_F3-Fe2-68_Racine_X200_09µm_square.jpg,272.894,2024
1961_F3-Fe2-68_Racine_X200_09µm_square.jpg,150.715,2023
1961_F3-Fe2-68_Racine_X200_09µm_square.jpg,155.701,2022
1961_F3-Fe2-68_Racine_X200_09µm_square.jpg,277.865,2021
1962_F3-Ft3-72_Tige_X200_09µm_square.jpg,208.397,2024
1962_F3-Ft3-72_Tige_X200_09µm_square.jpg,225.074,2023
1962_F3-Ft3-72_Tige_X200_09µm_square.jpg,255.882,2022
1962_F3-Ft3-72_Tige_X200_09µm_square.jpg,333.132,2021
1963_F3-Ft3-72_Racine_X200_09µm_square.jpg,115.124,2024
1963_F3-Ft3-72_Racine_X200_09µm_square.jpg,90.651,2023
1963_F3-Ft3-72_Racine_X200_09µm_square.jpg,85.821,2022
1963_F3-Ft3-72_Racine_X200_09µm_square.jpg,80.629,2021
1964_P2-Fe1-79_Tige_X200_09µm_square.jpg,67.536,2024
1964_P2-Fe1-79_Tige_X200_09µm_square.jpg,125.698,2023
1964_P2-Fe1-79_Tige_X200_09µm_square.jpg,64.887,2022
1964_P2-Fe1-79_Tige_X200_09µm_square.jpg,112.165,2021
1965_P2-Fe1-79_Racine_X200_09µm_square.jpg,53.017,2024
1965_P2-Fe1-79_Racine_X200_09µm_square.jpg,106.413,2023
1965_P2-Fe1-79_Racine_X200_09µm_square.jpg,70.651,2022
1965_P2-Fe1-79_Racine_X200_09µm_square.jpg,94.728,2021
1966_P1-Ft1-76_Tige_X200_09µm_square.jpg,185.763,2024
1966_P1-Ft1-76_Tige_X200_09µm_square.jpg,100.493,2023
1966_P1-Ft1-76_Tige_X200_09µm_square.jpg,62.803,2022
1966_P1-Ft1-76_Tige_X200_09µm_square.jpg,154.907,2021
1968_t2-Ft3-36_Tige_X200_09µm_square.jpg,74.859,2024
1968_t2-Ft3-36_Tige_X200_09µm_square.jpg,92.635,2023
1968_t2-Ft3-36_Tige_X200_09µm_square.jpg,127.699,2022
1968_t2-Ft3-36_Tige_X200_09µm_square.jpg,133.171,2021
1969_t2-Ft3-36_Racine_X200_09µm_square.jpg,35.013,2024
1969_t2-Ft3-36_Racine_X200_09µm_square.jpg,58.167,2023
1969_t2-Ft3-36_Racine_X200_09µm_square.jpg,44.266,2022
1969_t2-Ft3-36_Racine_X200_09µm_square.jpg,90.72,2021
1971_t1-Ft1-16_Racine_X200_09µm_square.jpg,156.207,2024
1971_t1-Ft1-16_Racine_X200_09µm_square.jpg,194.866,2023
1971_t1-Ft1-16_Racine_X200_09µm_square.jpg,112.517,2022
1971_t1-Ft1-16_Racine_X200_09µm_square.jpg,195.888,2021
1972_t1-Fe1-10_Tige_X200_09µm_square.jpg,112.014,2024
1972_t1-Fe1-10_Tige_X200_09µm_square.jpg,105.709,2023
1972_t1-Fe1-10_Tige_X200_09µm_square.jpg,94.197,2022
1972_t1-Fe1-10_Tige_X200_09µm_square.jpg,110.069,2021
1973_t1-Fe1-10_Racine_X200_09µm_square.jpg,146.132,2024
1973_t1-Fe1-10_Racine_X200_09µm_square.jpg,74.859,2023
1973_t1-Fe1-10_Racine_X200_09µm_square.jpg,103.517,2022
1973_t1-Fe1-10_Racine_X200_09µm_square.jpg,92.8,2021
1974_t3-Ft2-53_Tige_X200_09µm_2_square.jpg,221.489,2024
1974_t3-Ft2-53_Tige_X200_09µm_2_square.jpg,189.979,2023
1974_t3-Ft2-53_Tige_X200_09µm_2_square.jpg,209.169,2022
1974_t3-Ft2-53_Tige_X200_09µm_2_square.jpg,264.899,2021
1978_t2-Ft2-35_Tige_X200_09µm_square.jpg,138.749,2024
1978_t2-Ft2-35_Tige_X200_09µm_square.jpg,106.899,2023
1978_t2-Ft2-35_Tige_X200_09µm_square.jpg,122.498,2022
1978_t2-Ft2-35_Tige_X200_09µm_square.jpg,182.055,2021
1979_t2-Ft2-35_Racine_X200_09µm_square.jpg,81.907,2024
1979_t2-Ft2-35_Racine_X200_09µm_square.jpg,65.786,2023
1979_t2-Ft2-35_Racine_X200_09µm_square.jpg,82.189,2022
1979_t2-Ft2-35_Racine_X200_09µm_square.jpg,110.633,2021
1980_t3-Ho2-41_Tige_X200_09µm_square.jpg,44.155,2024
1980_t3-Ho2-41_Tige_X200_09µm_square.jpg,96.127,2023
1980_t3-Ho2-41_Tige_X200_09µm_square.jpg,107.835,2022
1980_t3-Ho2-41_Tige_X200_09µm_square.jpg,50.175,2021
1981_t3-Ho2-41_Racine_X200_09µm_square.jpg,49.192,2024
1981_t3-Ho2-41_Racine_X200_09µm_square.jpg,85.921,2023
1981_t3-Ho2-41_Racine_X200_09µm_square.jpg,28.785,2022
1981_t3-Ho2-41_Racine_X200_09µm_square.jpg,108.864,2021
1982_t1-Ho3-6_Tige_X200_09µm_square.jpg,159.134,2024
1982_t1-Ho3-6_Tige_X200_09µm_square.jpg,181.064,2023
1982_t1-Ho3-6_Tige_X200_09µm_square.jpg,373.281,2022
1982_t1-Ho3-6_Tige_X200_09µm_square.jpg,162.75,2021
1983_t1-Ho2-5_Tige_X200_09µm_square.jpg,164.122,2024
1983_t1-Ho2-5_Tige_X200_09µm_square.jpg,177.316,2023
1983_t1-Ho2-5_Tige_X200_09µm_square.jpg,177.767,2022
1983_t1-Ho2-5_Tige_X200_09µm_square.jpg,162.034,2021
1985_t2-Ho1-22_Tige_X200_09µm_square.jpg,542.267,2024
1985_t2-Ho1-22_Tige_X200_09µm_square.jpg,404.026,2023
1985_t2-Ho1-22_Tige_X200_09µm_square.jpg,99.446,2022
1985_t2-Ho1-22_Tige_X200_09µm_square.jpg,178.609,2021
1986_t2-Ho2-23_Tige_X200_11µm_square.jpg,160.989,2024
1986_t2-Ho2-23_Tige_X200_11µm_square.jpg,237.328,2023
1986_t2-Ho2-23_Tige_X200_11µm_square.jpg,164.325,2022
1986_t2-Ho2-23_Tige_X200_11µm_square.jpg,118.781,2021
1837_T1-Ft1-15_Racine_X200_09µm_square.jpg,28.277,2024
1837_T1-Ft1-15_Racine_X200_09µm_square.jpg,247.528,2023
1837_T1-Ft1-15_Racine_X200_09µm_square.jpg,217.227,2022
1837_T1-Ft1-15_Racine_X200_09µm_square.jpg,83.858,2021
1838_t1-Ft2-17_Tige_X200_09µm_square.jpg,97.366,2024
1838_t1-Ft2-17_Tige_X200_09µm_square.jpg,286.161,2023
1838_t1-Ft2-17_Tige_X200_09µm_square.jpg,101.256,2022
1838_t1-Ft2-17_Tige_X200_09µm_square.jpg,360.201,2021
1842_T2-Fe2-26_Tige_X200_09µm_square.jpg,123.062,2024
1842_T2-Fe2-26_Tige_X200_09µm_square.jpg,182.122,2023
1842_T2-Fe2-26_Tige_X200_09µm_square.jpg,211.996,2022
1842_T2-Fe2-26_Tige_X200_09µm_square.jpg,185.246,2021
1847_T2-Fe1-28_Racine_X200_09µm_square.jpg,111.833,2024
1847_T2-Fe1-28_Racine_X200_09µm_square.jpg,97.688,2023
1847_T2-Fe1-28_Racine_X200_09µm_square.jpg,65.494,2022
1847_T2-Fe1-28_Racine_X200_09µm_square.jpg,105.979,2021
1855_T3-Ho2-38_Racine_X200_11µm_square.jpg,73.307,2024
1855_T3-Ho2-38_Racine_X200_11µm_square.jpg,76.968,2023
1855_T3-Ho2-38_Racine_X200_11µm_square.jpg,72.221,2022
1855_T3-Ho2-38_Racine_X200_11µm_square.jpg,96.859,2021
1858_t3-Ho3-42_Tige_X200_09µm_square.jpg,201.242,2024
1858_t3-Ho3-42_Tige_X200_09µm_square.jpg,86.471,2023
1858_t3-Ho3-42_Tige_X200_09µm_square.jpg,372.728,2022
1858_t3-Ho3-42_Tige_X200_09µm_square.jpg,186.186,2021
1862_t3-Fe3-48_Tige_X200_09µm_square.jpg,326.715,2024
1862_t3-Fe3-48_Tige_X200_09µm_square.jpg,285.732,2023
1862_t3-Fe3-48_Tige_X200_09µm_square.jpg,136.587,2022
1862_t3-Fe3-48_Tige_X200_09µm_square.jpg,190.271,2021
1866_t3-Ft1-52_Tige_X200_11µm_square.jpg,379.912,2024
1866_t3-Ft1-52_Tige_X200_11µm_square.jpg,158.531,2023
1866_t3-Ft1-52_Tige_X200_11µm_square.jpg,521.497,2022
1866_t3-Ft1-52_Tige_X200_11µm_square.jpg,367.471,2021
1868_F1-Fe1-55_Tige_X200_09µm_square.jpg,166.55,2024
1868_F1-Fe1-55_Tige_X200_09µm_square.jpg,80.722,2023
1868_F1-Fe1-55_Tige_X200_09µm_square.jpg,78.778,2022
1868_F1-Fe1-55_Tige_X200_09µm_square.jpg,238.862,2021
1869_F1-Fe1-55_Racine_X200_09µm_square.jpg,116.739,2024
1869_F1-Fe1-55_Racine_X200_09µm_square.jpg,120.206,2023
1869_F1-Fe1-55_Racine_X200_09µm_square.jpg,378.862,2022
1869_F1-Fe1-55_Racine_X200_09µm_square.jpg,272.682,2021
1884_F3-Fe3-69_Tige_X200_09µm_square.jpg,110.493,2024
1884_F3-Fe3-69_Tige_X200_09µm_square.jpg,151.23,2023
1884_F3-Fe3-69_Tige_X200_09µm_square.jpg,277.016,2022
1884_F3-Fe3-69_Tige_X200_09µm_square.jpg,206.185,2021
1888_F3-Ft2-71_Tige_X200_09µm_square.jpg,109.97,2024
1888_F3-Ft2-71_Tige_X200_09µm_square.jpg,190.58,2023
1888_F3-Ft2-71_Tige_X200_09µm_square.jpg,140.49,2022
1888_F3-Ft2-71_Tige_X200_09µm_square.jpg,231.484,2021
1889_F3-Ft2-71_Racine_X200_09µm_square.jpg,194.98,2024
1889_F3-Ft2-71_Racine_X200_09µm_square.jpg,159.248,2023
1889_F3-Ft2-71_Racine_X200_09µm_square.jpg,95.743,2022
1889_F3-Ft2-71_Racine_X200_09µm_square.jpg,181.092,2021
1893_P1-Fe2-74_Racine_X200_09µm_square.jpg,56.08,2024
1893_P1-Fe2-74_Racine_X200_09µm_square.jpg,140.249,2023
1893_P1-Fe2-74_Racine_X200_09µm_square.jpg,135.054,2022
1893_P1-Fe2-74_Racine_X200_09µm_square.jpg,157.008,2021
1895_P1-Fe3-75_Racine_X200_09µm_square.jpg,38.755,2024
1895_P1-Fe3-75_Racine_X200_09µm_square.jpg,63.337,2023
1895_P1-Fe3-75_Racine_X200_09µm_square.jpg,58.629,2022
1895_P1-Fe3-75_Racine_X200_09µm_square.jpg,129.776,2021
1913_T1-Ho3-3_Racine_X200_09µm_square.jpg,179.438,2024
1913_T1-Ho3-3_Racine_X200_09µm_square.jpg,234.512,2023
1913_T1-Ho3-3_Racine_X200_09µm_square.jpg,410.665,2022
1913_T1-Ho3-3_Racine_X200_09µm_square.jpg,600.765,2021
1955_F3-Fe1-67_Racine_X200_09µm_square.jpg,120.226,2024
1955_F3-Fe1-67_Racine_X200_09µm_square.jpg,174.414,2023
1955_F3-Fe1-67_Racine_X200_09µm_square.jpg,110.057,2022
1955_F3-Fe1-67_Racine_X200_09µm_square.jpg,171.608,2021
1967_P1-Ft1-76_Racine_X200_09µm_square.jpg,129.912,2024
1967_P1-Ft1-76_Racine_X200_09µm_square.jpg,55.972,2023
1967_P1-Ft1-76_Racine_X200_09µm_square.jpg,63.424,2022
1967_P1-Ft1-76_Racine_X200_09µm_square.jpg,120.335,2021
1970_t1-Ft1-16_Tige_X200_09µm_square.jpg,580.924,2024
1970_t1-Ft1-16_Tige_X200_09µm_square.jpg,848.096,2023
1970_t1-Ft1-16_Tige_X200_09µm_square.jpg,259.858,2022
1970_t1-Ft1-16_Tige_X200_09µm_square.jpg,313.5,2021
1975_t3-Ft2-53_Racine_X200_09µm_square.jpg,90.373,2024
1975_t3-Ft2-53_Racine_X200_09µm_square.jpg,64.871,2023
1975_t3-Ft2-53_Racine_X200_09µm_square.jpg,95.956,2022
1975_t3-Ft2-53_Racine_X200_09µm_square.jpg,106.386,2021
1976_t2-Ft1-34_Tige_X200_09µm_square.jpg,133.807,2024
1976_t2-Ft1-34_Tige_X200_09µm_square.jpg,221.589,2023
1976_t2-Ft1-34_Tige_X200_09µm_square.jpg,173.034,2022
1976_t2-Ft1-34_Tige_X200_09µm_square.jpg,344.29,2021
1977_t1-Ft3-18_Racine_X200_09µm_square.jpg,79.787,2024
1977_t1-Ft3-18_Racine_X200_09µm_square.jpg,102.585,2023
1977_t1-Ft3-18_Racine_X200_09µm_square.jpg,121.565,2022
1977_t1-Ft3-18_Racine_X200_09µm_square.jpg,148.794,2021
1984_t1-Ho1-4_Tige_X200_09µm_square.jpg,185.77,2024
1984_t1-Ho1-4_Tige_X200_09µm_square.jpg,255.952,2023
1984_t1-Ho1-4_Tige_X200_09µm_square.jpg,209.325,2022
1984_t1-Ho1-4_Tige_X200_09µm_square.jpg,374.85,2021
