 ,Label,Area,X,Y,Perim.,Angle,Length,Length_real
1,1874_F1-Ft3-60_Tige_X200_09µm_square.jpg,183,103,927,182.275,-3.145,182.275,95.3770080058605
2,1874_F1-Ft3-60_Tige_X200_09µm_square.jpg,203,303,918,202.356,-3.4,202.356,105.884569096332
3,1874_F1-Ft3-60_Tige_X200_09µm_square.jpg,465,644,911,464.211,-1.728,464.211,242.902516875098
4,1874_F1-Ft3-60_Tige_X200_09µm_square.jpg,201,988,891,200.489,-4.004,200.489,104.907644811888
5,1883_F2-Ft3-66_Racine_X200_09µm_square.jpg,176,113,381,174.562,-4.6,174.562,91.3411124483282
6,1883_F2-Ft3-66_Racine_X200_09µm_square.jpg,147,278,394.5,146.455,-17.074,146.455,76.6338757783476
7,1883_F2-Ft3-66_Racine_X200_09µm_square.jpg,188,434,424,187.275,-19.983,187.275,97.9933022866412
8,1883_F2-Ft3-66_Racine_X200_09µm_square.jpg,191,606.5,465,189.771,-24.269,189.771,99.2993563916069
9,1886_F3-Ft1-70_Tige_X200_09µm_square.jpg,118,1264,668,116.619,174.094,116.619,61.0219245460729
10,1886_F3-Ft1-70_Tige_X200_09µm_square.jpg,364,1027,623,363.241,175.263,363.241,190.069070169013
11,1886_F3-Ft1-70_Tige_X200_09µm_square.jpg,200,753,571,198.816,174.806,198.816,104.032232745539
12,1886_F3-Ft1-70_Tige_X200_09µm_square.jpg,564,381,525,562.601,177.351,562.601,294.385955732301
13,1895_P1-Fe3-75_Racine_X200_09µm_square.jpg,411,1401,538,410.078,-178.882,410.078,214.576945214798
14,1895_P1-Fe3-75_Racine_X200_09µm_square.jpg,355,1015,508,354.361,-177.412,354.361,185.422531526346
15,1895_P1-Fe3-75_Racine_X200_09µm_square.jpg,376,650,505,374.833,-172.951,374.833,196.134686829575
16,1895_P1-Fe3-75_Racine_X200_09µm_square.jpg,248,334,514,246.641,-171.607,246.641,129.057087541207
17,1923_T3-Ft1-49_Racine_X200_09µm_square.jpg,599,2248,448,598.264,-175.014,598.264,313.046936319397
18,1923_T3-Ft1-49_Racine_X200_09µm_square.jpg,737,1574,433,736.22,178.599,736.22,385.233635079274
19,1923_T3-Ft1-49_Racine_X200_09µm_square.jpg,695,869,395,694.026,179.505,694.026,363.155250902622
20,1923_T3-Ft1-49_Racine_X200_09µm_square.jpg,427,309,340,426.075,-178.924,426.075,222.947517136728
21,1946_P3-Ft3-90_Tige_X200_09µm_square.jpg,393,472,256,392.326,-87.663,392.326,205.288054000314
22,1946_P3-Ft3-90_Tige_X200_09µm_square.jpg,437,438,676,436.147,-82.093,436.147,228.217780335932
23,1946_P3-Ft3-90_Tige_X200_09µm_square.jpg,465,598,1096,463.672,-79.563,463.672,242.62048035163
24,1946_P3-Ft3-90_Tige_X200_09µm_square.jpg,1139,718,1876,1138.033,-86.574,1138.033,595.485845847941
25,1951_P2-Ft1-82_Racine_X200_09µm_square.jpg,550,2341,675,548.664,174.352,548.664,287.093297054053
26,1951_P2-Ft1-82_Racine_X200_09µm_square.jpg,191,1976,594,189.526,172.725,189.526,99.1711579718487
27,1951_P2-Ft1-82_Racine_X200_09µm_square.jpg,402,1678,534,401.278,175.426,401.278,209.972267280624
28,1951_P2-Ft1-82_Racine_X200_09µm_square.jpg,1277,842,463,1276.265,178.833,1276.265,667.816964052117
29,1954_F3-Fe1-67_Tige_X200_09µm_square.jpg,165,1136,541,164.012,-179.301,164.012,85.8207315158809
30,1954_F3-Fe1-67_Tige_X200_09µm_square.jpg,341,876,499,340.006,-179.663,340.006,177.911150646225
31,1954_F3-Fe1-67_Tige_X200_09µm_square.jpg,235,589,460,234,180,234,122.442572340537
32,1954_F3-Fe1-67_Tige_X200_09µm_square.jpg,303,311,435,302.324,-177.346,302.324,158.193710428549
33,1957_F2-Ft1-64_Racine_X200_09µm_square.jpg,632,534,1252.5,631.12,96.551,631.12,330.239129297263
34,1957_F2-Ft1-64_Racine_X200_09µm_square.jpg,196,436.5,823.5,195.023,90.881,195.023,102.047511904139
35,1957_F2-Ft1-64_Racine_X200_09µm_square.jpg,219,472.5,606,217.681,82.875,217.681,113.903511066925
36,1957_F2-Ft1-64_Racine_X200_09µm_square.jpg,323,516,337.5,322.399,95.339,322.399,168.698131965884
37,1959_F2-Fe1-61_Racine_X200_09µm_square.jpg,127,941,493,126,180,126,65.9306158756737
38,1959_F2-Fe1-61_Racine_X200_09µm_square.jpg,188,786.5,452.5,187.003,-179.694,187.003,97.8509758777667
39,1959_F2-Fe1-61_Racine_X200_09µm_square.jpg,384,513.5,415,383.021,179.402,383.021,200.419130343781
40,1959_F2-Fe1-61_Racine_X200_09µm_square.jpg,297,173,368.5,296.488,176.713,296.488,155.139971744022
41,1967_P1-Ft1-76_Racine_X200_09µm_square.jpg,238,1055,335.5,237.472,-153.219,237.472,124.259327089111
42,1967_P1-Ft1-76_Racine_X200_09µm_square.jpg,257,816,412,255.625,-159.864,255.625,133.758045104913
43,1967_P1-Ft1-76_Racine_X200_09µm_square.jpg,213,580.5,458,211.625,-168,211.625,110.734655434043
44,1967_P1-Ft1-76_Racine_X200_09µm_square.jpg,308,307,457,307.467,-174.401,307.467,160.88483072576
49,1970_t1-Ft1-16_Tige_X200_09µm_square.jpg,327,2248,442,326.337,-168.69,326.337,170.758725341426
50,1970_t1-Ft1-16_Tige_X200_09µm_square.jpg,440,1853,486,438.912,-168.434,438.912,229.664591073204
51,1970_t1-Ft1-16_Tige_X200_09µm_square.jpg,554,1351,560,553.017,-166.617,553.017,289.3710428549
52,1970_t1-Ft1-16_Tige_X200_09µm_square.jpg,840,644,543,838.725,172.739,838.725,438.870284129559
53,1977_t1-Ft3-18_Racine_X200_09µm_square.jpg,239,490,161,238,-90,238,124.535607765161
54,1977_t1-Ft3-18_Racine_X200_09µm_square.jpg,326,445,442,325.042,-85.412,325.042,170.081105122704
55,1977_t1-Ft3-18_Racine_X200_09µm_square.jpg,239,397,709,237.739,-79.824,237.739,124.399037203705
56,1977_t1-Ft3-18_Racine_X200_09µm_square.jpg,253,460,954,252.127,-91.818,252.127,131.927685626079
57,1985_t2-Ho1-22_Tige_X200_09µm_square.jpg,1062,622.5,589.5,1060.533,3.081,1060.533,554.93328449584
58,1985_t2-Ho1-22_Tige_X200_09µm_square.jpg,789,1530,468,788.287,4.365,788.287,412.478153942756
59,1985_t2-Ho1-22_Tige_X200_09µm_square.jpg,628,2227.5,366,627.459,-2.192,627.459,328.323478624876
60,1985_t2-Ho1-22_Tige_X200_09µm_square.jpg,989,3022.5,343.5,987.77,-2.263,987.77,516.859400345351
1,1936_F1-Ft1-58_Tige_X200_09µm_square.jpg,128.412,124.536,96.541,244.886,-0.122,244.886,244.886
2,1936_F1-Ft1-58_Tige_X200_09µm_square.jpg,130.603,373.084,85.814,248.906,4.824,248.906,248.906
3,1936_F1-Ft1-58_Tige_X200_09µm_square.jpg,121.841,610.643,59.652,232.327,0,232.327,232.327
4,1969_t2-Ft3-36_Racine_X200_09µm_square.jpg,95.282,538.433,220.292,181.413,-176.362,181.413,181.413
5,1969_t2-Ft3-36_Racine_X200_09µm_square.jpg,217.397,242.792,271.048,415.013,-171.298,415.013,415.013
