Slice,Count,Total Area,Average Size,%Area,Perim.
1826_2021_T1-Ho2-2_Tige_X200_09µm_square.jpg,32,9686.490,302.703,34.778,74.132
1826_2022_T1-Ho2-2_Tige_X200_09µm_square.jpg,65,16408.276,252.435,27.846,65.755
1826_2023_T1-Ho2-2_Tige_X200_09µm_square.jpg,70,16360.635,233.723,25.699,63.310
1826_2024_T1-Ho2-2_Tige_X200_09µm_square.jpg,83,14670.742,176.756,22.707,58.539
1827_2021_T1-Ho2-2_Racine_X200_09µm_square.jpg,129,286653.361,2222.119,73.560,72.729
1827_2022_T1-Ho2-2_Racine_X200_09µm_square.jpg,106,310656.570,2930.722,79.720,87.756
1827_2023_T1-Ho2-2_Racine_X200_09µm_square.jpg,58,343061.611,5914.855,88.036,117.057
1827_2024_T1-Ho2-2_Racine_X200_09µm_square.jpg,121,302577.842,2500.643,77.647,84.963
1828_2021_T1-Fe2-8_Tige_X200_09µm_square.jpg,43,148682.076,3457.723,87.453,100.002
1828_2022_T1-Fe2-8_Tige_X200_09µm_square.jpg,65,142591.944,2193.722,83.871,90.424
1828_2023_T1-Fe2-8_Tige_X200_09µm_square.jpg,102,127628.233,1251.257,75.069,84.880
1828_2024_T1-Fe2-8_Tige_X200_09µm_square.jpg,44,127768.417,2903.828,75.152,94.505
1829_2021_T1-Fe2-8_Racine_X200_09µm_square.jpg,11,81287.883,7389.808,89.093,172.594
1829_2022_T1-Fe2-8_Racine_X200_09µm_square.jpg,12,80664.720,6722.060,88.410,206.940
1829_2023_T1-Fe2-8_Racine_X200_09µm_square.jpg,28,55960.031,1998.573,61.334,123.496
1829_2024_T1-Fe2-8_Racine_X200_09µm_square.jpg,15,75073.451,5004.897,82.282,165.011
1830_2021_t1-Fe2-11_Tige_X200_12µm_square.jpg,36,175079.931,4863.331,83.329,104.438
1830_2022_t1-Fe2-11_Tige_X200_12µm_square.jpg,29,169518.783,5845.475,80.682,154.907
1830_2023_t1-Fe2-11_Tige_X200_12µm_square.jpg,45,157852.175,3507.826,75.129,110.912
1830_2024_t1-Fe2-11_Tige_X200_12µm_square.jpg,36,171884.149,4774.560,81.808,167.776
1831_2021_t1-Fe2-11_Racine_X200_11µm_square.jpg,49,528297.884,10781.589,84.961,118.607
1831_2022_t1-Fe2-11_Racine_X200_11µm_square.jpg,63,534133.085,8478.303,85.899,144.318
1831_2023_t1-Fe2-11_Racine_X200_11µm_square.jpg,53,524275.478,9891.990,84.314,158.132
1831_2024_t1-Fe2-11_Racine_X200_11µm_square.jpg,181,365180.538,2017.572,58.728,76.796
1832_2021_t1-Fe3-12_Tige_X200_09µm_square.jpg,56,424316.370,7577.078,85.412,122.644
1832_2022_t1-Fe3-12_Tige_X200_09µm_square.jpg,84,404862.596,4819.793,81.497,96.597
1832_2023_t1-Fe3-12_Tige_X200_09µm_square.jpg,67,413681.435,6174.350,83.272,109.665
1832_2024_t1-Fe3-12_Tige_X200_09µm_square.jpg,101,353755.419,3502.529,71.209,94.245
1833_2021_t1-Fe3-12_Racine_X200_09µm_square.jpg,61,362434.026,5941.541,81.517,116.670
1833_2022_t1-Fe3-12_Racine_X200_09µm_square.jpg,43,386040.236,8977.680,86.826,154.099
1833_2023_t1-Fe3-12_Racine_X200_09µm_square.jpg,60,353179.060,5886.318,79.435,122.574
1833_2024_t1-Fe3-12_Racine_X200_09µm_square.jpg,73,330399.460,4526.020,74.312,109.959
1834_2021_T1-Ft1-13_Tige_X200_11µm_square.jpg,12,58923.368,4910.281,80.145,150.334
1834_2022_T1-Ft1-13_Tige_X200_11µm_square.jpg,16,51008.087,3188.005,69.379,167.490
1834_2023_T1-Ft1-13_Tige_X200_11µm_square.jpg,17,60537.964,3561.057,82.341,195.749
1834_2024_T1-Ft1-13_Tige_X200_11µm_square.jpg,8,62119.431,7764.929,84.492,247.304
1835_2021_T1-Ft1-13_Racine_X200_09µm_square.jpg,19,162227.497,8538.289,89.863,220.769
1835_2022_T1-Ft1-13_Racine_X200_09µm_square.jpg,18,157230.652,8735.036,87.095,276.425
1835_2023_T1-Ft1-13_Racine_X200_09µm_square.jpg,16,163281.353,10205.085,90.446,285.557
1835_2024_T1-Ft1-13_Racine_X200_09µm_square.jpg,32,145464.372,4545.762,80.577,191.745
1836_2021_T1-Ft1-15_Tige_X200_09µm_square.jpg,37,176177.877,4761.564,82.928,113.712
1836_2022_T1-Ft1-15_Tige_X200_09µm_square.jpg,74,144754.133,1956.137,68.137,79.368
1836_2023_T1-Ft1-15_Tige_X200_09µm_square.jpg,59,159862.684,2709.537,75.248,92.817
1836_2024_T1-Ft1-15_Tige_X200_09µm_square.jpg,20,197489.079,9874.454,92.959,164.262
1837_2021_T1-Ft1-15_Racine_X200_09µm_square.jpg,36,252839.640,7023.323,90.087,156.026
1837_2022_T1-Ft1-15_Racine_X200_09µm_square.jpg,99,227362.825,2296.594,81.010,115.452
1837_2023_T1-Ft1-15_Racine_X200_09µm_square.jpg,78,195872.569,2511.187,69.790,98.919
1837_2024_T1-Ft1-15_Racine_X200_09µm_square.jpg,16,267895.349,16743.459,95.452,315.336
1838_2021_t1-Ft2-17_Tige_X200_09µm_square.jpg,64,146577.369,2290.271,63.795,83.526
1838_2022_t1-Ft2-17_Tige_X200_09µm_square.jpg,19,205672.139,10824.849,89.515,185.242
1838_2023_t1-Ft2-17_Tige_X200_09µm_square.jpg,56,161499.187,2883.914,70.290,89.472
1838_2024_t1-Ft2-17_Tige_X200_09µm_square.jpg,15,203796.329,13586.422,88.699,218.968
1839_2021_t1-Ft2-17_Racine_X200_09µm_square.jpg,38,115843.065,3048.502,79.997,102.308
1839_2022_t1-Ft2-17_Racine_X200_09µm_square.jpg,12,133559.831,11129.986,92.232,236.526
1839_2023_t1-Ft2-17_Racine_X200_09µm_square.jpg,57,104657.794,1836.102,72.273,87.979
1839_2024_t1-Ft2-17_Racine_X200_09µm_square.jpg,24,124565.229,5190.218,86.021,157.506
1840_2021_T2-Fe1-25_Tige_X200_11µm_square.jpg,36,111250.070,3090.280,81.983,121.021
1840_2022_T2-Fe1-25_Tige_X200_11µm_square.jpg,54,106969.214,1980.911,78.828,97.607
1840_2023_T2-Fe1-25_Tige_X200_11µm_square.jpg,34,116405.180,3423.682,85.782,135.376
1840_2024_T2-Fe1-25_Tige_X200_11µm_square.jpg,24,115305.047,4804.377,84.971,151.040
1842_2021_T2-Fe2-26_Tige_X200_09µm_square.jpg,55,148551.191,2700.931,78.357,97.633
1842_2022_T2-Fe2-26_Tige_X200_09µm_square.jpg,65,143681.118,2210.479,75.788,85.453
1842_2023_T2-Fe2-26_Tige_X200_09µm_square.jpg,43,149440.224,3475.354,78.826,107.879
1842_2024_T2-Fe2-26_Tige_X200_09µm_square.jpg,37,162961.557,4404.366,85.958,123.468
1843_2021_T2-Fe2-26_Racine_X200_09µm_square.jpg,33,158850.169,4813.641,88.137,126.922
1843_2022_T2-Fe2-26_Racine_X200_09µm_square.jpg,29,142543.478,4915.292,79.089,155.599
1843_2023_T2-Fe2-26_Racine_X200_09µm_square.jpg,45,134231.459,2982.921,74.477,117.858
1843_2024_T2-Fe2-26_Racine_X200_09µm_square.jpg,22,153791.999,6990.545,85.330,141.889
1844_2021_T2-Fe3-27_Tige_X200_09µm_square.jpg,101,254773.480,2522.510,75.129,78.364
1844_2022_T2-Fe3-27_Tige_X200_09µm_square.jpg,81,263049.356,3247.523,77.570,105.827
1844_2023_T2-Fe3-27_Tige_X200_09µm_square.jpg,61,282514.055,4631.378,83.310,120.305
1844_2024_T2-Fe3-27_Tige_X200_09µm_square.jpg,36,287795.663,7994.324,84.867,154.272
1845_2021_T2-Fe3-27_Racine_X200_09µm_square.jpg,25,154590.949,6183.638,72.993,146.327
1845_2022_T2-Fe3-27_Racine_X200_09µm_square.jpg,17,174602.148,10270.715,82.442,210.009
1845_2023_T2-Fe3-27_Racine_X200_09µm_square.jpg,36,162513.613,4514.267,76.734,129.565
1845_2024_T2-Fe3-27_Racine_X200_09µm_square.jpg,26,170268.999,6548.808,80.396,142.904
1846_2021_T2-Fe1-28_Tige_X200_09µm_square.jpg,20,78974.273,3948.714,77.899,111.555
1846_2022_T2-Fe1-28_Tige_X200_09µm_square.jpg,19,83248.292,4381.489,82.115,153.198
1846_2023_T2-Fe1-28_Tige_X200_09µm_square.jpg,14,81005.320,5786.094,79.902,180.639
1846_2024_T2-Fe1-28_Tige_X200_09µm_square.jpg,22,77526.692,3523.941,76.471,140.479
1847_2021_T2-Fe1-28_Racine_X200_09µm_square.jpg,20,113117.111,5655.856,80.851,144.190
1847_2022_T2-Fe1-28_Racine_X200_09µm_square.jpg,18,121577.530,6754.307,86.899,156.138
1847_2023_T2-Fe1-28_Racine_X200_09µm_square.jpg,21,117241.909,5582.948,83.800,148.107
1847_2024_T2-Fe1-28_Racine_X200_09µm_square.jpg,24,110509.447,4604.560,78.988,127.108
1848_2021_T3-Ho1-37_Tige_X200_09µm_square.jpg,266,1191792.059,4480.421,87.517,73.065
1848_2022_T3-Ho1-37_Tige_X200_09µm_square.jpg,399,1102787.123,2763.878,80.981,66.513
1848_2023_T3-Ho1-37_Tige_X200_09µm_square.jpg,651,957531.937,1470.863,70.315,57.859
1848_2024_T3-Ho1-37_Tige_X200_09µm_square.jpg,319,1130940.853,3545.269,83.049,71.718
1849_2021_T3-Ho1-37_Racine_X200_09µm_square.jpg,55,123256.740,2241.032,77.631,84.268
1849_2022_T3-Ho1-37_Racine_X200_09µm_square.jpg,37,140652.616,3801.422,88.588,106.820
1849_2023_T3-Ho1-37_Racine_X200_09µm_square.jpg,71,115776.255,1630.651,72.920,77.036
1849_2024_T3-Ho1-37_Racine_X200_09µm_square.jpg,46,133663.055,2905.719,84.186,97.435
1850_2021_T2-Ft2-32_Tige_X200_09µm_square.jpg,49,119349.074,2435.695,74.275,86.169
1850_2022_T2-Ft2-32_Tige_X200_09µm_square.jpg,22,133467.835,6066.720,83.062,142.868
1850_2023_T2-Ft2-32_Tige_X200_09µm_square.jpg,26,120805.690,4646.373,75.181,122.273
1850_2024_T2-Ft2-32_Tige_X200_09µm_square.jpg,22,129330.989,5878.681,80.487,135.572
1851_2021_T2-Ft2-32_Racine_X200_09µm_square.jpg,22,86574.411,3935.201,83.180,127.260
1851_2022_T2-Ft2-32_Racine_X200_09µm_square.jpg,14,92906.305,6636.165,89.264,186.150
1851_2023_T2-Ft2-32_Racine_X200_09µm_square.jpg,29,77318.060,2666.140,74.287,113.948
1851_2024_T2-Ft2-32_Racine_X200_09µm_square.jpg,14,87020.428,6215.745,83.609,194.089
1853_2021_T2-Ft3-33_Racine_X200_09µm_square.jpg,34,188886.842,5555.495,81.883,132.882
1853_2022_T2-Ft3-33_Racine_X200_09µm_square.jpg,17,205589.991,12093.529,89.124,220.174
1853_2023_T2-Ft3-33_Racine_X200_09µm_square.jpg,53,149709.638,2824.710,64.900,102.941
1853_2024_T2-Ft3-33_Racine_X200_09µm_square.jpg,28,183871.914,6566.854,79.709,156.499
1854_2021_T3-Ho2-38_Tige_X200_09µm_square.jpg,80,431106.330,5388.829,87.210,107.695
1854_2022_T3-Ho2-38_Tige_X200_09µm_square.jpg,94,424853.276,4519.716,85.945,102.672
1854_2023_T3-Ho2-38_Tige_X200_09µm_square.jpg,227,321741.638,1417.364,65.086,74.398
1854_2024_T3-Ho2-38_Tige_X200_09µm_square.jpg,141,404113.214,2866.051,81.749,83.750
1855_2021_T3-Ho2-38_Racine_X200_11µm_square.jpg,14,29655.807,2118.272,80.466,114.661
1855_2022_T3-Ho2-38_Racine_X200_11µm_square.jpg,9,31424.281,3491.587,85.264,185.753
1855_2023_T3-Ho2-38_Racine_X200_11µm_square.jpg,12,31693.699,2641.142,85.995,146.558
1855_2024_T3-Ho2-38_Racine_X200_11µm_square.jpg,14,30240.644,2160.046,82.053,121.402
1856_2021_t3-Ho1-40_Tige_X200_09µm_square.jpg,343,318677.275,929.088,55.028,54.994
1856_2022_t3-Ho1-40_Tige_X200_09µm_square.jpg,41,557064.903,13586.949,96.193,155.800
1856_2023_t3-Ho1-40_Tige_X200_09µm_square.jpg,76,519454.690,6834.930,89.698,106.130
1856_2024_t3-Ho1-40_Tige_X200_09µm_square.jpg,149,443353.920,2975.530,76.557,71.529
1857_2021_t3-Ho1-40_Racine_X200_09µm_square.jpg,39,145165.115,3722.182,88.490,110.540
1857_2022_t3-Ho1-40_Racine_X200_09µm_square.jpg,53,129142.074,2436.643,78.723,99.747
1857_2023_t3-Ho1-40_Racine_X200_09µm_square.jpg,72,120368.979,1671.791,73.375,87.842
1857_2024_t3-Ho1-40_Racine_X200_09µm_square.jpg,31,147122.226,4745.878,89.683,136.029
1858_2021_t3-Ho3-42_Tige_X200_09µm_square.jpg,186,638794.431,3434.379,84.691,83.578
1858_2022_t3-Ho3-42_Tige_X200_09µm_square.jpg,393,542135.711,1379.480,71.876,66.486
1858_2023_t3-Ho3-42_Tige_X200_09µm_square.jpg,79,712778.719,9022.515,94.500,123.318
1858_2024_t3-Ho3-42_Tige_X200_09µm_square.jpg,225,624649.426,2776.220,82.816,74.374
1859_2021_t3-Ho3-42_Racine_X200_09µm_square.jpg,23,77641.143,3375.702,83.144,113.573
1859_2022_t3-Ho3-42_Racine_X200_09µm_square.jpg,52,62630.617,1204.435,67.070,87.042
1859_2023_t3-Ho3-42_Racine_X200_09µm_square.jpg,27,80301.382,2974.125,85.993,113.056
1859_2024_t3-Ho3-42_Racine_X200_09µm_square.jpg,16,80800.793,5050.050,86.528,130.345
1860_2021_T3-Fe3-45_Tige_X200_09µm_square.jpg,46,334575.192,7273.374,84.765,128.580
1860_2022_T3-Fe3-45_Tige_X200_09µm_square.jpg,18,360730.730,20040.596,91.391,250.550
1860_2023_T3-Fe3-45_Tige_X200_09µm_square.jpg,80,259842.883,3248.036,65.831,90.776
1860_2024_T3-Fe3-45_Tige_X200_09µm_square.jpg,135,287571.688,2130.161,72.856,84.846
1861_2021_T3-Fe3-45_Racine_X200_09µm_square.jpg,47,344195.141,7323.301,84.912,126.957
1861_2022_T3-Fe3-45_Racine_X200_09µm_square.jpg,24,366331.024,15263.793,90.373,199.428
1861_2023_T3-Fe3-45_Racine_X200_09µm_square.jpg,83,273799.829,3298.793,67.546,95.619
1861_2024_T3-Fe3-45_Racine_X200_09µm_square.jpg,60,294544.277,4909.071,72.663,119.198
1862_2021_t3-Fe3-48_Tige_X200_09µm_square.jpg,127,749914.206,5904.836,84.489,103.619
1862_2022_t3-Fe3-48_Tige_X200_09µm_square.jpg,79,794524.432,10057.271,89.515,135.120
1862_2023_t3-Fe3-48_Tige_X200_09µm_square.jpg,165,680223.123,4122.564,76.638,92.952
1862_2024_t3-Fe3-48_Tige_X200_09µm_square.jpg,176,654681.930,3719.784,73.760,95.994
1863_2021_t3-Fe3-48_Racine_X200_09µm_square.jpg,40,172870.920,4321.773,74.686,118.747
1863_2022_t3-Fe3-48_Racine_X200_09µm_square.jpg,18,203252.837,11291.824,87.812,220.414
1863_2023_t3-Fe3-48_Racine_X200_09µm_square.jpg,37,177734.969,4803.648,76.787,125.001
1863_2024_t3-Fe3-48_Racine_X200_09µm_square.jpg,34,167802.057,4935.355,72.496,128.034
1864_2021_T3-Ft3-51_Tige_X200_09µm_square.jpg,14,277171.959,19797.997,76.426,263.713
1864_2022_T3-Ft3-51_Tige_X200_09µm_square.jpg,16,295933.527,18495.845,81.599,244.897
1864_2023_T3-Ft3-51_Tige_X200_09µm_square.jpg,57,234898.903,4121.033,64.770,102.890
1864_2024_T3-Ft3-51_Tige_X200_09µm_square.jpg,39,307442.723,7883.147,84.772,126.597
1865_2021_T3-Ft3-51_Racine_X200_09µm_square.jpg,58,256453.235,4421.608,78.699,115.990
1865_2022_T3-Ft3-51_Racine_X200_09µm_square.jpg,49,267009.038,5449.164,81.938,119.005
1865_2023_T3-Ft3-51_Racine_X200_09µm_square.jpg,74,245813.383,3321.802,75.434,97.714
1865_2024_T3-Ft3-51_Racine_X200_09µm_square.jpg,44,281284.963,6392.840,86.319,126.906
1866_2021_t3-Ft1-52_Tige_X200_11µm_square.jpg,33,297021.350,9000.647,80.262,175.719
1866_2022_t3-Ft1-52_Tige_X200_11µm_square.jpg,72,252673.441,3509.353,68.278,110.708
1866_2023_t3-Ft1-52_Tige_X200_11µm_square.jpg,12,332943.332,27745.278,89.969,383.448
1866_2024_t3-Ft1-52_Tige_X200_11µm_square.jpg,47,276603.821,5885.188,74.745,130.751
1867_2021_t3-Ft1-52_Racine_X200_09µm_square.jpg,29,399763.910,13784.962,82.744,166.085
1867_2022_t3-Ft1-52_Racine_X200_09µm_square.jpg,60,350043.776,5834.063,72.453,101.967
1867_2023_t3-Ft1-52_Racine_X200_09µm_square.jpg,81,337901.845,4171.628,69.940,84.360
1867_2024_t3-Ft1-52_Racine_X200_09µm_square.jpg,51,395340.960,7751.784,81.829,116.047
1868_2021_F1-Fe1-55_Tige_X200_09µm_square.jpg,100,238358.353,2383.584,67.687,86.577
1868_2022_F1-Fe1-55_Tige_X200_09µm_square.jpg,42,318735.043,7588.930,90.512,140.044
1868_2023_F1-Fe1-55_Tige_X200_09µm_square.jpg,33,321707.962,9748.726,91.356,172.365
1868_2024_F1-Fe1-55_Tige_X200_09µm_square.jpg,70,273095.889,3901.370,77.552,105.098
1869_2021_F1-Fe1-55_Racine_X200_09µm_square.jpg,80,348435.752,4355.447,75.757,95.173
1869_2022_F1-Fe1-55_Racine_X200_09µm_square.jpg,99,317977.440,3211.893,69.135,85.759
1869_2023_F1-Fe1-55_Racine_X200_09µm_square.jpg,61,383903.502,6293.500,83.469,118.021
1869_2024_F1-Fe1-55_Racine_X200_09µm_square.jpg,35,409166.197,11690.463,88.961,170.581
1870_2021_F1-Fe2-56_Tige_X200_09µm_square.jpg,25,103514.956,4140.598,83.044,138.767
1870_2022_F1-Fe2-56_Tige_X200_09µm_square.jpg,26,109140.171,4197.699,87.556,136.797
1870_2023_F1-Fe2-56_Tige_X200_09µm_square.jpg,23,101911.035,4430.915,81.757,166.778
1870_2024_F1-Fe2-56_Tige_X200_09µm_square.jpg,53,90861.297,1714.364,72.892,95.505
1871_2021_F1-Fe2-56_Racine_X200_09µm_square.jpg,15,90341.623,6022.775,86.314,178.705
1871_2022_F1-Fe2-56_Racine_X200_09µm_square.jpg,24,88303.732,3679.322,84.367,140.666
1871_2023_F1-Fe2-56_Racine_X200_09µm_square.jpg,15,92968.185,6197.879,88.824,187.081
1871_2024_F1-Fe2-56_Racine_X200_09µm_square.jpg,44,71873.276,1633.484,68.669,104.255
1872_2021_F1-Fe3-57_Tige_X200_09µm_square.jpg,47,377819.949,8038.722,85.236,123.008
1872_2022_F1-Fe3-57_Tige_X200_09µm_square.jpg,17,371993.470,21881.969,83.922,277.020
1872_2023_F1-Fe3-57_Tige_X200_09µm_square.jpg,92,316310.277,3438.155,71.360,86.491
1872_2024_F1-Fe3-57_Tige_X200_09µm_square.jpg,93,315586.889,3393.407,71.196,93.984
1873_2021_F1-Fe3-57_Racine_X200_09µm_square.jpg,9,190249.263,21138.807,88.875,315.675
1873_2022_F1-Fe3-57_Racine_X200_09µm_square.jpg,11,168338.430,15303.494,78.639,278.982
1873_2023_F1-Fe3-57_Racine_X200_09µm_square.jpg,49,161585.160,3297.656,75.484,95.572
1873_2024_F1-Fe3-57_Racine_X200_09µm_square.jpg,47,154657.749,3290.590,72.248,107.308
1874_2021_F1-Ft3-60_Tige_X200_09µm_square.jpg,27,592036.266,21927.269,88.010,244.855
1874_2022_F1-Ft3-60_Tige_X200_09µm_square.jpg,79,528959.910,6695.695,78.633,121.544
1874_2023_F1-Ft3-60_Tige_X200_09µm_square.jpg,52,591897.765,11382.649,87.989,177.910
1874_2024_F1-Ft3-60_Tige_X200_09µm_square.jpg,37,602108.271,16273.197,89.507,221.675
1875_2021_F1-Ft3-60_Racine_X200_11µm_square.jpg,26,94709.006,3642.654,77.090,126.711
1875_2022_F1-Ft3-60_Racine_X200_11µm_square.jpg,21,97860.168,4660.008,79.655,165.848
1875_2023_F1-Ft3-60_Racine_X200_11µm_square.jpg,29,98445.548,3394.674,80.131,131.992
1875_2024_F1-Ft3-60_Racine_X200_11µm_square.jpg,12,111935.664,9327.972,91.112,189.413
1876_2021_F2-Fe2-62_Tige_X200_09µm_square.jpg,47,109845.755,2337.144,82.015,110.596
1876_2022_F2-Fe2-62_Tige_X200_09µm_square.jpg,31,106028.439,3420.272,79.165,140.976
1876_2023_F2-Fe2-62_Tige_X200_09µm_square.jpg,34,115043.298,3383.626,85.895,134.978
1876_2024_F2-Fe2-62_Tige_X200_09µm_square.jpg,24,109811.254,4575.469,81.989,154.985
1877_2021_F2-Fe2-62_Racine_X200_09µm_square.jpg,77,206106.386,2676.706,70.464,89.701
1877_2022_F2-Fe2-62_Racine_X200_09µm_square.jpg,54,239675.882,4438.442,81.941,113.474
1877_2023_F2-Fe2-62_Racine_X200_09µm_square.jpg,48,243192.566,5066.512,83.144,116.900
1877_2024_F2-Fe2-62_Racine_X200_09µm_square.jpg,42,249339.924,5936.665,85.245,120.480
1878_2021_F2-Fe3-63_Tige_X200_11µm_square.jpg,42,262161.145,6241.932,79.001,119.977
1878_2022_F2-Fe3-63_Tige_X200_11µm_square.jpg,53,259301.303,4892.477,78.139,116.196
1878_2023_F2-Fe3-63_Tige_X200_11µm_square.jpg,38,275946.699,7261.755,83.155,148.049
1878_2024_F2-Fe3-63_Tige_X200_11µm_square.jpg,68,251774.557,3702.567,75.871,91.124
1879_2021_F2-Fe3-63_Racine_X200_09µm_square.jpg,26,143375.826,5514.455,64.879,161.254
1879_2022_F2-Fe3-63_Racine_X200_09µm_square.jpg,13,188498.589,14499.891,85.298,289.236
1879_2023_F2-Fe3-63_Racine_X200_09µm_square.jpg,20,167423.674,8371.184,75.761,176.596
1879_2024_F2-Fe3-63_Racine_X200_09µm_square.jpg,21,198347.992,9445.142,89.755,206.176
1880_2021_F2-Ft2-65_Tige_X200_09µm_square.jpg,19,86151.664,4534.298,76.157,138.328
1880_2022_F2-Ft2-65_Tige_X200_09µm_square.jpg,10,101675.290,10167.529,89.880,252.632
1880_2023_F2-Ft2-65_Tige_X200_09µm_square.jpg,16,83111.393,5194.462,73.470,170.289
1880_2024_F2-Ft2-65_Tige_X200_09µm_square.jpg,21,85333.276,4063.489,75.434,129.213
1881_2021_F2-Ft2-65_Racine_X200_09µm_square.jpg,14,91454.349,6532.454,80.106,197.428
1881_2022_F2-Ft2-65_Racine_X200_09µm_square.jpg,16,98129.312,6133.082,85.953,209.490
1881_2023_F2-Ft2-65_Racine_X200_09µm_square.jpg,23,93483.203,4064.487,81.883,166.831
1881_2024_F2-Ft2-65_Racine_X200_09µm_square.jpg,14,90658.955,6475.640,79.410,202.005
1882_2021_F2-Ft3-66_Tige_X200_11µm_square.jpg,18,90380.227,5021.124,84.463,140.113
1882_2022_F2-Ft3-66_Tige_X200_11µm_square.jpg,27,78828.341,2919.568,73.668,114.311
1882_2023_F2-Ft3-66_Tige_X200_11µm_square.jpg,28,80760.545,2884.305,75.473,113.331
1882_2024_F2-Ft3-66_Tige_X200_11µm_square.jpg,20,88551.245,4427.562,82.754,136.627
1883_2021_F2-Ft3-66_Racine_X200_09µm_square.jpg,23,201107.070,8743.786,88.634,186.885
1883_2022_F2-Ft3-66_Racine_X200_09µm_square.jpg,32,190077.592,5939.925,83.773,174.641
1883_2023_F2-Ft3-66_Racine_X200_09µm_square.jpg,25,199636.760,7985.470,87.986,218.201
1883_2024_F2-Ft3-66_Racine_X200_09µm_square.jpg,35,188265.860,5379.025,82.974,184.149
1884_2021_F3-Fe3-69_Tige_X200_09µm_square.jpg,112,359821.729,3212.694,77.743,88.281
1884_2022_F3-Fe3-69_Tige_X200_09µm_square.jpg,164,340183.688,2074.291,73.500,76.442
1884_2023_F3-Fe3-69_Tige_X200_09µm_square.jpg,112,393485.133,3513.260,85.016,95.464
1884_2024_F3-Fe3-69_Tige_X200_09µm_square.jpg,84,415856.209,4950.669,89.850,112.940
1885_2021_F3-Fe3-69_Racine_X200_09µm_square.jpg,25,281077.423,11243.097,86.953,160.469
1885_2022_F3-Fe3-69_Racine_X200_09µm_square.jpg,43,264074.188,6141.260,81.693,120.881
1885_2023_F3-Fe3-69_Racine_X200_09µm_square.jpg,57,237294.650,4163.064,73.409,106.327
1885_2024_F3-Fe3-69_Racine_X200_09µm_square.jpg,62,240402.281,3877.456,74.370,112.196
1886_2021_F3-Ft1-70_Tige_X200_09µm_square.jpg,37,320925.988,8673.675,77.220,146.747
1886_2022_F3-Ft1-70_Tige_X200_09µm_square.jpg,38,349911.791,9208.205,84.194,177.812
1886_2023_F3-Ft1-70_Tige_X200_09µm_square.jpg,87,317250.505,3646.558,76.336,107.014
1886_2024_F3-Ft1-70_Tige_X200_09µm_square.jpg,44,364439.070,8282.706,87.690,112.499
1887_2021_F3-Ft1-70_Racine_X200_09µm_square.jpg,22,82943.826,3770.174,80.177,134.326
1887_2022_F3-Ft1-70_Racine_X200_09µm_square.jpg,18,90209.105,5011.617,87.200,160.234
1887_2023_F3-Ft1-70_Racine_X200_09µm_square.jpg,22,85515.629,3887.074,82.663,138.387
1887_2024_F3-Ft1-70_Racine_X200_09µm_square.jpg,27,82599.932,3059.257,79.845,122.383
1888_2021_F3-Ft2-71_Tige_X200_09µm_square.jpg,62,185486.247,2991.714,72.873,83.151
1888_2022_F3-Ft2-71_Tige_X200_09µm_square.jpg,48,208471.740,4343.161,81.904,105.901
1888_2023_F3-Ft2-71_Tige_X200_09µm_square.jpg,62,200080.586,3227.106,78.607,99.119
1888_2024_F3-Ft2-71_Tige_X200_09µm_square.jpg,22,224670.292,10212.286,88.268,190.032
1889_2021_F3-Ft2-71_Racine_X200_09µm_square.jpg,30,228019.122,7600.637,84.343,143.754
1889_2022_F3-Ft2-71_Racine_X200_09µm_square.jpg,16,241626.987,15101.687,89.377,235.806
1889_2023_F3-Ft2-71_Racine_X200_09µm_square.jpg,37,215452.819,5823.049,79.695,136.097
1889_2024_F3-Ft2-71_Racine_X200_09µm_square.jpg,43,194748.615,4529.038,72.036,135.629
1890_2021_P1-Fe1-73_Tige_X200_11µm_square.jpg,25,99903.262,3996.130,79.376,131.755
1890_2022_P1-Fe1-73_Tige_X200_11µm_square.jpg,13,114833.015,8833.309,91.238,214.482
1890_2023_P1-Fe1-73_Tige_X200_11µm_square.jpg,27,98816.274,3659.862,78.512,137.275
1890_2024_P1-Fe1-73_Tige_X200_11µm_square.jpg,35,87563.925,2501.826,69.572,97.349
1891_2021_P1-Fe1-73_Racine_X200_09µm_square.jpg,62,147468.858,2378.530,72.686,98.604
1891_2022_P1-Fe1-73_Racine_X200_09µm_square.jpg,28,176857.443,6316.337,87.171,170.355
1891_2023_P1-Fe1-73_Racine_X200_09µm_square.jpg,32,168866.320,5277.073,83.233,145.727
1891_2024_P1-Fe1-73_Racine_X200_09µm_square.jpg,37,158489.034,4283.487,78.118,141.772
1892_2021_P1-Fe2-74_Tige_X200_09µm_square.jpg,64,87086.419,1360.725,61.462,82.799
1892_2022_P1-Fe2-74_Tige_X200_09µm_square.jpg,19,128057.278,6739.857,90.378,181.990
1892_2023_P1-Fe2-74_Tige_X200_09µm_square.jpg,18,129013.112,7167.395,91.052,182.315
1892_2024_P1-Fe2-74_Tige_X200_09µm_square.jpg,19,113358.330,5966.228,80.004,156.581
1893_2021_P1-Fe2-74_Racine_X200_09µm_square.jpg,61,160646.296,2633.546,74.506,101.475
1893_2022_P1-Fe2-74_Racine_X200_09µm_square.jpg,15,168366.635,11224.442,78.086,216.841
1893_2023_P1-Fe2-74_Racine_X200_09µm_square.jpg,47,175247.499,3728.670,81.277,129.094
1893_2024_P1-Fe2-74_Racine_X200_09µm_square.jpg,19,194374.325,10230.228,90.148,204.724
1894_2021_P1-Fe3-75_Tige_X200_11µm_square.jpg,20,109929.814,5496.491,81.249,164.737
1894_2022_P1-Fe3-75_Tige_X200_11µm_square.jpg,17,109419.449,6436.438,80.872,191.986
1894_2023_P1-Fe3-75_Tige_X200_11µm_square.jpg,22,96977.160,4408.053,71.676,159.184
1894_2024_P1-Fe3-75_Tige_X200_11µm_square.jpg,21,116327.969,5539.427,85.978,154.179
1895_2021_P1-Fe3-75_Racine_X200_09µm_square.jpg,61,461263.188,7561.692,86.978,125.419
1895_2022_P1-Fe3-75_Racine_X200_09µm_square.jpg,87,428293.591,4922.915,80.761,106.281
1895_2023_P1-Fe3-75_Racine_X200_09µm_square.jpg,93,435841.698,4686.470,82.184,106.906
1895_2024_P1-Fe3-75_Racine_X200_09µm_square.jpg,120,419583.176,3496.526,79.119,105.642
1896_2021_P1-Ft2-77_Tige_X200_09µm_square.jpg,49,170587.421,3481.376,70.676,103.667
1896_2022_P1-Ft2-77_Tige_X200_09µm_square.jpg,35,203958.965,5827.399,84.503,128.766
1896_2023_P1-Ft2-77_Tige_X200_09µm_square.jpg,42,197080.302,4692.388,81.653,117.600
1896_2024_P1-Ft2-77_Tige_X200_09µm_square.jpg,27,200114.550,7411.650,82.910,144.350
1897_2021_P1-Ft2-77_Racine_X200_09µm_square.jpg,36,178288.870,4952.469,73.867,137.277
1897_2022_P1-Ft2-77_Racine_X200_09µm_square.jpg,29,200957.025,6929.553,83.259,165.640
1897_2023_P1-Ft2-77_Racine_X200_09µm_square.jpg,32,203242.432,6351.326,84.206,148.649
1897_2024_P1-Ft2-77_Racine_X200_09µm_square.jpg,29,195984.550,6758.088,81.199,150.519
1898_2021_P1-Ft3-78_Tige_X200_09µm_square.jpg,22,200708.141,9123.097,87.229,145.293
1898_2022_P1-Ft3-78_Tige_X200_09µm_square.jpg,13,213760.181,16443.091,92.901,271.470
1898_2023_P1-Ft3-78_Tige_X200_09µm_square.jpg,44,174995.873,3977.179,76.054,110.411
1898_2024_P1-Ft3-78_Tige_X200_09µm_square.jpg,60,139537.159,2325.619,60.643,83.623
1899_2021_P1-Ft3-78_Racine_X200_09µm_square.jpg,46,266632.570,5796.360,83.591,113.993
1899_2022_P1-Ft3-78_Racine_X200_09µm_square.jpg,35,273885.540,7825.301,85.864,136.693
1899_2023_P1-Ft3-78_Racine_X200_09µm_square.jpg,47,255091.360,5427.476,79.972,115.879
1899_2024_P1-Ft3-78_Racine_X200_09µm_square.jpg,84,218040.490,2595.720,68.357,85.612
1900_2021_P2-Fe3-81_Tige_X200_09µm_square.jpg,22,171371.311,7789.605,83.642,133.468
1900_2022_P2-Fe3-81_Tige_X200_09µm_square.jpg,39,173484.772,4448.327,84.674,115.801
1900_2023_P2-Fe3-81_Tige_X200_09µm_square.jpg,40,168044.094,4201.102,82.018,118.849
1900_2024_P2-Fe3-81_Tige_X200_09µm_square.jpg,54,128335.457,2376.583,62.638,98.605
1901_2021_P2-Fe3-81_Racine_X200_09µm_square.jpg,26,197236.906,7586.035,83.320,160.802
1901_2022_P2-Fe3-81_Racine_X200_09µm_square.jpg,29,200328.651,6907.885,84.627,151.380
1901_2023_P2-Fe3-81_Racine_X200_09µm_square.jpg,16,204480.829,12780.052,86.381,234.695
1901_2024_P2-Fe3-81_Racine_X200_09µm_square.jpg,36,134971.266,3749.202,57.017,105.464
1902_2021_P3-Fe2-86_Tige_X200_09µm_square.jpg,26,188722.823,7258.570,85.215,138.254
1902_2022_P3-Fe2-86_Tige_X200_09µm_square.jpg,36,175329.643,4870.268,79.168,113.070
1902_2023_P3-Fe2-86_Tige_X200_09µm_square.jpg,23,180332.781,7840.556,81.427,152.684
1902_2024_P3-Fe2-86_Tige_X200_09µm_square.jpg,55,144774.949,2632.272,65.371,86.092
1903_2021_P3-Fe2-86_Racine_X200_09µm_square.jpg,40,324715.655,8117.891,85.181,136.235
1903_2022_P3-Fe2-86_Racine_X200_09µm_square.jpg,53,312554.284,5897.251,81.991,115.781
1903_2023_P3-Fe2-86_Racine_X200_09µm_square.jpg,29,333120.206,11486.904,87.386,174.908
1903_2024_P3-Fe2-86_Racine_X200_09µm_square.jpg,96,237133.659,2470.142,62.206,84.895
1904_2021_P3-Ft1-88_Tige_X200_09µm_square.jpg,51,282318.290,5535.653,80.356,103.211
1904_2022_P3-Ft1-88_Tige_X200_09µm_square.jpg,43,291069.754,6769.064,82.847,118.545
1904_2023_P3-Ft1-88_Tige_X200_09µm_square.jpg,98,238359.720,2432.242,67.844,77.606
1904_2024_P3-Ft1-88_Tige_X200_09µm_square.jpg,41,309723.188,7554.224,88.156,120.700
1905_2021_P3-Ft1-88_Racine_X200_09µm_square.jpg,37,233528.811,6311.589,79.164,121.675
1905_2022_P3-Ft1-88_Racine_X200_09µm_square.jpg,78,193223.282,2477.222,65.501,83.113
1905_2023_P3-Ft1-88_Racine_X200_09µm_square.jpg,19,271823.810,14306.516,92.145,210.946
1905_2024_P3-Ft1-88_Racine_X200_09µm_square.jpg,58,215973.310,3723.678,73.213,87.443
1906_2021_P3-Ft2-89_Tige_X200_09µm_square.jpg,13,171623.478,13201.806,90.625,180.143
1906_2022_P3-Ft2-89_Tige_X200_09µm_square.jpg,19,152571.117,8030.059,80.565,166.973
1906_2023_P3-Ft2-89_Tige_X200_09µm_square.jpg,29,143171.301,4936.941,75.601,126.955
1906_2024_P3-Ft2-89_Tige_X200_09µm_square.jpg,44,118014.574,2682.149,62.317,95.729
1907_2021_P3-Ft2-89_Racine_X200_09µm_square.jpg,18,212501.252,11805.625,89.902,193.695
1907_2022_P3-Ft2-89_Racine_X200_09µm_square.jpg,25,187851.058,7514.042,79.473,156.647
1907_2023_P3-Ft2-89_Racine_X200_09µm_square.jpg,30,194917.275,6497.242,82.463,136.090
1907_2024_P3-Ft2-89_Racine_X200_09µm_square.jpg,75,148409.092,1978.788,62.787,106.768
1909_2021_T1-Ho1-1_Racine_X200_09µm_square.jpg,13,35298.000,2715.231,77.217,122.415
1909_2022_T1-Ho1-1_Racine_X200_09µm_square.jpg,11,37079.890,3370.899,81.115,175.557
1909_2023_T1-Ho1-1_Racine_X200_09µm_square.jpg,24,36027.404,1501.142,78.813,108.500
1909_2024_T1-Ho1-1_Racine_X200_09µm_square.jpg,14,39342.845,2810.203,86.065,141.451
1910_2021_T1-Fe3-9_Tige_X200_09µm_square.jpg,47,252787.341,5378.454,82.199,107.368
1910_2022_T1-Fe3-9_Tige_X200_09µm_square.jpg,62,235466.767,3797.851,76.567,104.006
1910_2023_T1-Fe3-9_Tige_X200_09µm_square.jpg,55,260458.112,4735.602,84.693,114.221
1910_2024_T1-Fe3-9_Tige_X200_09µm_square.jpg,78,226990.464,2910.134,73.810,84.270
1911_2021_T1-Fe3-9_Racine_X200_09µm_square.jpg,33,300688.348,9111.768,87.929,144.003
1911_2022_T1-Fe3-9_Racine_X200_09µm_square.jpg,57,272155.932,4774.665,79.585,119.602
1911_2023_T1-Fe3-9_Racine_X200_09µm_square.jpg,81,260797.633,3219.724,76.263,100.261
1911_2024_T1-Fe3-9_Racine_X200_09µm_square.jpg,84,253130.948,3013.464,74.022,88.772
1912_2021_T2-Ho1-19_Tige_X200_09µm_square.jpg,36,631854.141,17551.504,95.597,145.889
1912_2022_T2-Ho1-19_Tige_X200_09µm_square.jpg,173,527958.897,3051.786,79.878,82.123
1912_2023_T2-Ho1-19_Tige_X200_09µm_square.jpg,289,418217.200,1447.118,63.274,65.993
1912_2024_T2-Ho1-19_Tige_X200_09µm_square.jpg,155,515271.829,3324.334,77.958,73.400
1913_2021_T1-Ho1-19_Racine_X200_09µm_square.jpg,383,645744.869,1686.018,67.755,62.026
1913_2022_T1-Ho1-19_Racine_X200_09µm_square.jpg,248,752028.195,3032.372,78.907,75.891
1913_2023_T1-Ho1-19_Racine_X200_09µm_square.jpg,147,845619.586,5752.514,88.727,93.710
1913_2024_T1-Ho1-19_Racine_X200_09µm_square.jpg,131,852857.446,6510.362,89.487,100.038
1914_2021_T1-Fe1-7_Tige_X200_09µm_square.jpg,85,844151.451,9931.194,84.984,144.595
1914_2022_T1-Fe1-7_Tige_X200_09µm_square.jpg,29,890503.005,30707.000,89.650,252.030
1914_2023_T1-Fe1-7_Tige_X200_09µm_square.jpg,117,728313.035,6224.898,73.322,107.548
1914_2024_T1-Fe1-7_Tige_X200_09µm_square.jpg,119,668315.515,5616.097,67.282,127.717
1915_2021_T1-Fe1-7_Racine_X200_09µm_square.jpg,44,382897.842,8702.224,84.779,134.208
1915_2022_T1-Fe1-7_Racine_X200_09µm_square.jpg,21,403522.627,19215.363,89.346,230.417
1915_2023_T1-Fe1-7_Racine_X200_09µm_square.jpg,48,325885.045,6789.272,72.156,132.255
1915_2024_T1-Fe1-7_Racine_X200_09µm_square.jpg,39,296738.222,7608.672,65.702,154.799
1916_2021_T1-Ho3-3_Tige_X200_09µm_square.jpg,87,160922.835,1849.688,70.081,78.372
1916_2022_T1-Ho3-3_Tige_X200_09µm_square.jpg,44,195639.832,4446.360,85.200,112.684
1916_2023_T1-Ho3-3_Tige_X200_09µm_square.jpg,36,205812.866,5717.024,89.630,129.690
1916_2024_T1-Ho3-3_Tige_X200_09µm_square.jpg,63,174306.179,2766.765,75.909,103.723
1917_2021_T1-Ho3-3_Racine_X200_09µm_square.jpg,54,141382.566,2618.196,67.291,90.345
1917_2022_T1-Ho3-3_Racine_X200_09µm_square.jpg,39,168986.244,4332.981,80.428,113.545
1917_2023_T1-Ho3-3_Racine_X200_09µm_square.jpg,21,191234.399,9106.400,91.017,189.313
1917_2024_T1-Ho3-3_Racine_X200_09µm_square.jpg,39,162725.544,4172.450,77.449,123.522
1918_2021_F1-Ft2-59_Tige_X200_09µm_square.jpg,14,185067.871,13219.134,91.620,210.400
1918_2022_F1-Ft2-59_Tige_X200_09µm_square.jpg,23,177154.245,7702.358,87.702,149.822
1918_2023_F1-Ft2-59_Tige_X200_09µm_square.jpg,38,127471.069,3354.502,63.106,95.185
1918_2024_F1-Ft2-59_Tige_X200_09µm_square.jpg,50,138498.358,2769.967,68.565,82.849
1919_2021_F1-Ft2-59_Racine_X200_09µm_square.jpg,40,194996.414,4874.910,82.571,120.111
1919_2022_F1-Ft2-59_Racine_X200_09µm_square.jpg,29,208384.940,7185.688,88.241,153.688
1919_2023_F1-Ft2-59_Racine_X200_09µm_square.jpg,40,186415.519,4660.388,78.938,126.112
1919_2024_F1-Ft2-59_Racine_X200_09µm_square.jpg,52,166310.679,3198.282,70.424,109.362
1920_2021_T1-Ft2-14_Tige_X200_09µm_square.jpg,59,94254.768,1597.538,47.102,73.518
1920_2022_T1-Ft2-14_Tige_X200_09µm_square.jpg,33,158921.081,4815.790,79.418,128.361
1920_2023_T1-Ft2-14_Tige_X200_09µm_square.jpg,14,189797.773,13556.984,94.849,230.228
1920_2024_T1-Ft2-14_Tige_X200_09µm_square.jpg,11,190260.216,17296.383,95.080,280.227
1921_2021_T1-Ft2-14_Racine_X200_09µm_square.jpg,73,311636.781,4268.997,80.987,107.551
1921_2022_T1-Ft2-14_Racine_X200_09µm_square.jpg,46,324275.374,7049.465,84.271,143.871
1921_2023_T1-Ft2-14_Racine_X200_09µm_square.jpg,83,298740.261,3599.280,77.635,106.528
1921_2024_T1-Ft2-14_Racine_X200_09µm_square.jpg,29,352503.859,12155.305,91.607,189.381
1922_2021_T3-Ft1-49_Tige_X200_09µm_square.jpg,47,312705.957,6653.318,83.856,114.422
1922_2022_T3-Ft1-49_Tige_X200_09µm_square.jpg,32,335814.122,10494.191,90.053,153.535
1922_2023_T3-Ft1-49_Tige_X200_09µm_square.jpg,100,226048.593,2260.486,60.618,70.113
1922_2024_T3-Ft1-49_Tige_X200_09µm_square.jpg,65,297715.412,4580.237,79.836,95.217
1923_2021_T3-Ft1-49_Racine_X200_09µm_square.jpg,59,477391.643,8091.384,82.015,118.023
1923_2022_T3-Ft1-49_Racine_X200_09µm_square.jpg,79,481539.172,6095.433,82.728,116.080
1923_2023_T3-Ft1-49_Racine_X200_09µm_square.jpg,87,450241.081,5175.185,77.351,110.200
1923_2024_T3-Ft1-49_Racine_X200_09µm_square.jpg,77,463155.136,6015.002,79.569,125.638
1924_2021_T2-Ho2-20_Tige_X200_09µm_square.jpg,214,1185431.403,5539.399,85.904,81.908
1924_2022_T2-Ho2-20_Tige_X200_09µm_square.jpg,247,1154665.649,4674.760,83.674,81.938
1924_2023_T2-Ho2-20_Tige_X200_09µm_square.jpg,607,943113.918,1553.730,68.344,58.091
1924_2024_T2-Ho2-20_Tige_X200_09µm_square.jpg,326,1171096.336,3592.320,84.865,69.716
1925_2021_T2-Ho2-20_Racine_X200_09µm_square.jpg,306,772070.602,2523.107,82.042,68.710
1925_2022_T2-Ho2-20_Racine_X200_09µm_square.jpg,248,741913.764,2991.588,78.837,68.915
1925_2023_T2-Ho2-20_Racine_X200_09µm_square.jpg,465,689464.099,1482.718,73.264,65.225
1925_2024_T2-Ho2-20_Racine_X200_09µm_square.jpg,141,857363.625,6080.593,91.105,98.116
1926_2021_T2-Ho3-21_Tige_X200_09µm_square.jpg,60,249428.630,4157.144,88.023,99.193
1926_2022_T2-Ho3-21_Tige_X200_09µm_square.jpg,40,260522.460,6513.061,91.938,131.377
1926_2023_T2-Ho3-21_Tige_X200_09µm_square.jpg,75,219918.488,2932.247,77.609,95.949
1926_2024_T2-Ho3-21_Tige_X200_09µm_square.jpg,106,176430.306,1664.437,62.262,78.304
1927_2021_T2-Ho3-21_Racine_X200_09µm_square.jpg,58,272146.354,4692.179,87.893,107.662
1927_2022_T2-Ho3-21_Racine_X200_09µm_square.jpg,100,255414.989,2554.150,82.489,87.426
1927_2023_T2-Ho3-21_Racine_X200_09µm_square.jpg,74,261066.773,3527.929,84.314,97.184
1927_2024_T2-Ho3-21_Racine_X200_09µm_square.jpg,120,223700.205,1864.168,72.246,73.421
1928_2021_T2-Ft1-31_Tige_X200_09µm_square.jpg,57,204979.153,3596.125,82.331,100.743
1928_2022_T2-Ft1-31_Tige_X200_09µm_square.jpg,37,217810.228,5886.763,87.485,141.109
1928_2023_T2-Ft1-31_Tige_X200_09µm_square.jpg,56,195213.533,3485.956,78.409,111.167
1928_2024_T2-Ft1-31_Tige_X200_09µm_square.jpg,39,202834.199,5200.877,81.470,140.401
1929_2021_T2-Ft1-31_Racine_X200_09µm_square.jpg,57,169725.228,2977.636,72.412,102.103
1929_2022_T2-Ft1-31_Racine_X200_09µm_square.jpg,39,197185.159,5056.030,84.128,130.653
1929_2023_T2-Ft1-31_Racine_X200_09µm_square.jpg,46,190849.157,4148.895,81.424,120.830
1929_2024_T2-Ft1-31_Racine_X200_09µm_square.jpg,31,206171.545,6650.695,87.962,148.562
1930_2021_T3-Ft2-50_Tige_X200_09µm_square.jpg,85,440973.517,5187.924,83.126,97.939
1930_2022_T3-Ft2-50_Tige_X200_09µm_square.jpg,77,454499.492,5902.591,85.676,98.455
1930_2023_T3-Ft2-50_Tige_X200_09µm_square.jpg,181,337359.998,1863.867,63.594,69.150
1930_2024_T3-Ft2-50_Tige_X200_09µm_square.jpg,78,455096.379,5834.569,85.788,101.104
1931_2021_T3-Ft2-50_Racine_X200_09µm_square.jpg,60,294656.528,4910.942,77.836,113.376
1931_2022_T3-Ft2-50_Racine_X200_09µm_square.jpg,64,274948.424,4296.069,72.630,119.396
1931_2023_T3-Ft2-50_Racine_X200_09µm_square.jpg,65,294162.873,4525.583,77.706,118.657
1931_2024_T3-Ft2-50_Racine_X200_09µm_square.jpg,27,344695.912,12766.515,91.055,189.885
1932_2021_T3-Ho3-39_Tige_X200_09µm_square.jpg,380,387272.896,1019.139,54.403,57.556
1932_2022_T3-Ho3-39_Tige_X200_09µm_square.jpg,101,643486.834,6371.157,90.396,93.370
1932_2023_T3-Ho3-39_Tige_X200_09µm_square.jpg,88,642244.050,7298.228,90.221,111.752
1932_2024_T3-Ho3-39_Tige_X200_09µm_square.jpg,139,570312.720,4102.969,80.117,77.472
1933_2021_T3-Ho3-39_Racine_X200_09µm_square.jpg,17,87382.945,5140.173,87.949,152.932
1933_2022_T3-Ho3-39_Racine_X200_09µm_square.jpg,33,79268.061,2402.062,79.781,108.698
1933_2023_T3-Ho3-39_Racine_X200_09µm_square.jpg,30,76427.115,2547.570,76.922,120.222
1933_2024_T3-Ho3-39_Racine_X200_09µm_square.jpg,18,81762.656,4542.370,82.292,114.035
1934_2021_T3-Fe2-44_Tige_X200_09µm_square.jpg,33,124055.420,3759.255,75.504,101.380
1934_2022_T3-Fe2-44_Tige_X200_09µm_square.jpg,35,128323.959,3666.399,78.102,107.718
1934_2023_T3-Fe2-44_Tige_X200_09µm_square.jpg,39,116323.040,2982.642,70.798,102.318
1934_2024_T3-Fe2-44_Tige_X200_09µm_square.jpg,16,147262.144,9203.884,89.628,152.684
1935_2021_T3-Fe2-44_Racine_X200_09µm_square.jpg,36,160661.086,4462.808,80.454,116.807
1935_2022_T3-Fe2-44_Racine_X200_09µm_square.jpg,87,158454.263,1821.313,79.348,91.858
1935_2023_T3-Fe2-44_Racine_X200_09µm_square.jpg,51,147716.378,2896.400,73.971,106.762
1935_2024_T3-Fe2-44_Racine_X200_09µm_square.jpg,23,168593.881,7330.169,84.426,169.476
1936_2022_F1-Ft1-58_Tige_X200_09µm_square.jpg,15,164390.510,10959.367,76.857,175.511
1936_2023_F1-Ft1-58_Tige_X200_09µm_square.jpg,32,133856.630,4183.020,62.581,112.715
1936_2024_F1-Ft1-58_Tige_X200_09µm_square.jpg,24,150526.656,6271.944,70.375,152.265
1937_2021_F1-Ft1-58_Racine_X200_09µm_square.jpg,40,235999.840,5899.996,81.711,131.784
1937_2022_F1-Ft1-58_Racine_X200_09µm_square.jpg,32,249603.039,7800.095,86.421,162.262
1937_2023_F1-Ft1-58_Racine_X200_09µm_square.jpg,39,243660.214,6247.698,84.363,132.145
1937_2024_F1-Ft1-58_Racine_X200_09µm_square.jpg,59,195522.926,3313.948,67.696,100.776
1938_2021_T3-Fe1-43_Tige_X200_09µm_square.jpg,115,454214.765,3949.694,74.774,80.579
1938_2022_T3-Fe1-43_Tige_X200_09µm_square.jpg,34,534250.551,15713.252,87.950,171.330
1938_2023_T3-Fe1-43_Tige_X200_09µm_square.jpg,59,462627.256,7841.140,76.159,116.765
1938_2024_T3-Fe1-43_Tige_X200_09µm_square.jpg,70,449910.895,6427.299,74.066,113.616
1939_2021_T3-Fe1-43_Racine_X200_09µm_square.jpg,90,374259.458,4158.438,78.347,90.871
1939_2022_T3-Fe1-43_Racine_X200_09µm_square.jpg,52,397722.457,7648.509,83.259,121.111
1939_2023_T3-Fe1-43_Racine_X200_09µm_square.jpg,81,365442.275,4511.633,76.501,93.135
1939_2024_T3-Fe1-43_Racine_X200_09µm_square.jpg,61,366767.754,6012.586,76.779,98.109
1940_2021_P3-Fe3-87_Tige_X200_09µm_square.jpg,61,354977.362,5819.301,88.512,110.534
1940_2022_P3-Fe3-87_Tige_X200_09µm_square.jpg,176,315863.977,1794.682,78.760,69.542
1940_2023_P3-Fe3-87_Tige_X200_09µm_square.jpg,100,313107.893,3131.079,78.072,90.023
1940_2024_P3-Fe3-87_Tige_X200_09µm_square.jpg,121,313479.733,2590.742,78.165,88.477
1941_2021_P3-Fe3-87_Racine_X200_09µm_square.jpg,70,397906.169,5684.374,87.067,103.474
1941_2022_P3-Fe3-87_Racine_X200_09µm_square.jpg,191,334561.210,1751.629,73.207,66.007
1941_2023_P3-Fe3-87_Racine_X200_09µm_square.jpg,84,393968.397,4690.100,86.206,100.245
1941_2024_P3-Fe3-87_Racine_X200_09µm_square.jpg,157,334301.664,2129.310,73.150,74.733
1942_2021_P2-Ft3-84_Tige_X200_09µm_square.jpg,26,162682.553,6257.021,80.455,131.947
1942_2022_P2-Ft3-84_Tige_X200_09µm_square.jpg,22,152913.095,6950.595,75.624,161.799
1942_2023_P2-Ft3-84_Tige_X200_09µm_square.jpg,28,160955.971,5748.428,79.601,135.633
1942_2024_P2-Ft3-84_Tige_X200_09µm_square.jpg,24,164948.522,6872.855,81.576,152.900
1943_2021_P2-Ft3-84_Racine_X200_09µm_square.jpg,30,129888.178,4329.606,61.619,134.611
1943_2022_P2-Ft3-84_Racine_X200_09µm_square.jpg,20,174156.683,8707.834,82.620,194.255
1943_2023_P2-Ft3-84_Racine_X200_09µm_square.jpg,24,175467.912,7311.163,83.242,177.382
1943_2024_P2-Ft3-84_Racine_X200_09µm_square.jpg,14,191688.638,13692.046,90.937,272.213
1944_2021_P3-Fe1-85_Tige_X200_09µm_square.jpg,101,453961.209,4494.665,81.722,85.691
1944_2022_P3-Fe1-85_Tige_X200_09µm_square.jpg,64,485547.593,7586.681,87.409,113.178
1944_2023_P3-Fe1-85_Tige_X200_09µm_square.jpg,192,392506.021,2044.302,70.659,72.381
1944_2024_P3-Fe1-85_Tige_X200_09µm_square.jpg,90,438457.842,4871.754,78.931,99.070
1945_2021_P3-Fe1-85_Racine_X200_09µm_2_UNSURE_1965_square.jpg,55,297310.475,5405.645,82.543,131.388
1945_2022_P3-Fe1-85_Racine_X200_09µm_2_UNSURE_1965_square.jpg,28,323062.447,11537.945,89.693,171.658
1945_2023_P3-Fe1-85_Racine_X200_09µm_2_UNSURE_1965_square.jpg,60,245934.404,4098.907,68.280,103.617
1945_2024_P3-Fe1-85_Racine_X200_09µm_2_UNSURE_1965_square.jpg,39,286116.715,7336.326,79.436,138.227
1946_2021_P3-Ft3-90_Tige_X200_09µm_square.jpg,42,546657.216,13015.648,72.725,167.194
1946_2022_P3-Ft3-90_Tige_X200_09µm_square.jpg,101,644651.289,6382.686,85.762,114.175
1946_2023_P3-Ft3-90_Tige_X200_09µm_square.jpg,136,636595.844,4680.852,84.690,106.787
1946_2024_P3-Ft3-90_Tige_X200_09µm_square.jpg,81,663566.182,8192.175,88.278,123.056
1947_2021_P3-Ft3-90_Racine_X200_09µm_square.jpg,69,350796.434,5084.006,81.250,110.687
1947_2022_P3-Ft3-90_Racine_X200_09µm_square.jpg,77,327515.248,4253.445,75.858,99.494
1947_2023_P3-Ft3-90_Racine_X200_09µm_square.jpg,51,375039.789,7353.721,86.866,123.850
1947_2024_P3-Ft3-90_Racine_X200_09µm_square.jpg,89,331090.515,3720.118,76.686,93.962
1948_2021_P2-Ft2-83_Tige_X200_09µm_square.jpg,49,186744.624,3811.115,82.255,93.491
1948_2022_P2-Ft2-83_Tige_X200_09µm_square.jpg,20,195959.637,9797.982,86.314,165.144
1948_2023_P2-Ft2-83_Tige_X200_09µm_square.jpg,38,176933.280,4656.139,77.934,111.675
1948_2024_P2-Ft2-83_Tige_X200_09µm_square.jpg,53,159122.602,3002.313,70.089,90.554
1949_2021_P2-Ft2-83_Racine_X200_09µm_square.jpg,68,537096.983,7898.485,80.536,131.711
1949_2022_P2-Ft2-83_Racine_X200_09µm_square.jpg,43,568546.447,13222.010,85.252,177.929
1949_2023_P2-Ft2-83_Racine_X200_09µm_square.jpg,65,513845.340,7905.313,77.050,112.904
1949_2024_P2-Ft2-83_Racine_X200_09µm_square.jpg,95,481329.150,5066.623,72.174,94.597
1950_2021_P2-Ft1-82_Tige_X200_09µm_square.jpg,197,557942.992,2832.198,76.934,63.676
1950_2022_P2-Ft1-82_Tige_X200_09µm_square.jpg,100,645612.051,6456.121,89.022,92.795
1950_2023_P2-Ft1-82_Tige_X200_09µm_square.jpg,143,575482.901,4024.356,79.352,70.187
1950_2024_P2-Ft1-82_Tige_X200_09µm_square.jpg,188,508402.483,2704.269,70.103,62.290
1951_2021_P2-Ft1-82_Racine_X200_09µm_square.jpg,118,474920.320,4024.748,61.651,103.782
1951_2022_P2-Ft1-82_Racine_X200_09µm_square.jpg,61,683223.131,11200.379,88.691,156.650
1951_2023_P2-Ft1-82_Racine_X200_09µm_square.jpg,48,707999.802,14749.996,91.907,187.422
1951_2024_P2-Ft1-82_Racine_X200_09µm_square.jpg,55,672797.082,12232.674,87.338,138.730
1952_2021_P2-Fe2-80_Tige_X200_09µm_square.jpg,42,297037.757,7072.328,87.521,137.984
1952_2022_P2-Fe2-80_Tige_X200_09µm_square.jpg,60,270079.166,4501.319,79.578,118.186
1952_2023_P2-Fe2-80_Tige_X200_09µm_square.jpg,67,259249.554,3869.396,76.387,111.766
1952_2024_P2-Fe2-80_Tige_X200_09µm_square.jpg,61,257718.465,4224.893,75.936,121.638
1953_2021_P2-Fe2-80_Racine_X200_09µm_square.jpg,38,261427.090,6879.660,86.230,158.166
1953_2022_P2-Fe2-80_Racine_X200_09µm_square.jpg,48,243321.261,5069.193,80.258,138.216
1953_2023_P2-Fe2-80_Racine_X200_09µm_square.jpg,33,261191.614,7914.897,86.152,166.435
1953_2024_P2-Fe2-80_Racine_X200_09µm_square.jpg,58,228826.014,3945.276,75.476,111.329
1954_2021_F3-Fe1-67_Tige_X200_09µm_square.jpg,44,317992.208,7227.096,79.445,134.773
1954_2022_F3-Fe1-67_Tige_X200_09µm_square.jpg,30,336124.884,11204.163,83.976,179.578
1954_2023_F3-Fe1-67_Tige_X200_09µm_square.jpg,58,302507.737,5215.651,75.577,134.738
1954_2024_F3-Fe1-67_Tige_X200_09µm_square.jpg,35,356417.843,10183.367,89.046,164.272
1955_2021_F3-Fe1-67_Racine_X200_09µm_square.jpg,36,194283.704,5396.770,76.483,115.791
1955_2022_F3-Fe1-67_Racine_X200_09µm_square.jpg,103,154807.520,1502.986,60.943,82.588
1955_2023_F3-Fe1-67_Racine_X200_09µm_square.jpg,20,231760.330,11588.017,91.236,214.122
1955_2024_F3-Fe1-67_Racine_X200_09µm_square.jpg,23,237531.755,10327.468,93.508,166.891
1956_2021_F2-Ft1-64_Tige_X200_09µm_1_square.jpg,33,235508.653,7136.626,82.102,138.053
1956_2022_F2-Ft1-64_Tige_X200_09µm_1_square.jpg,22,260131.201,11824.146,90.686,182.937
1956_2023_F2-Ft1-64_Tige_X200_09µm_1_square.jpg,56,194384.186,3471.146,67.766,97.255
1956_2024_F2-Ft1-64_Tige_X200_09µm_1_square.jpg,55,217625.419,3956.826,75.868,103.642
1957_2021_F2-Ft1-64_Racine_X200_09µm_square.jpg,54,339559.971,6288.148,81.691,114.790
1957_2022_F2-Ft1-64_Racine_X200_09µm_square.jpg,34,369710.832,10873.848,88.945,174.532
1957_2023_F2-Ft1-64_Racine_X200_09µm_square.jpg,32,369685.361,11552.668,88.939,190.801
1957_2024_F2-Ft1-64_Racine_X200_09µm_square.jpg,72,278553.555,3868.799,67.014,91.926
1958_2021_F2-Fe1-61_Tige_X200_09µm_square.jpg,17,77788.997,4575.823,83.975,146.571
1958_2022_F2-Fe1-61_Tige_X200_09µm_square.jpg,21,72108.197,3433.724,77.843,135.786
1958_2023_F2-Fe1-61_Tige_X200_09µm_square.jpg,15,73031.999,4868.800,78.840,177.214
1958_2024_F2-Fe1-61_Tige_X200_09µm_square.jpg,21,77440.173,3687.627,83.599,129.805
1959_2021_F2-Fe1-61_Racine_X200_09µm_square.jpg,53,204983.804,3867.619,78.691,93.103
1959_2022_F2-Fe1-61_Racine_X200_09µm_square.jpg,83,178038.615,2145.044,68.347,103.613
1959_2023_F2-Fe1-61_Racine_X200_09µm_square.jpg,40,223953.745,5598.844,85.974,154.434
1959_2024_F2-Fe1-61_Racine_X200_09µm_square.jpg,45,233491.020,5188.689,89.635,133.461
1960_2021_F3-Fe2-68_Tige_X200_09µm_square.jpg,128,647665.541,5059.887,73.872,91.005
1960_2022_F3-Fe2-68_Tige_X200_09µm_square.jpg,79,749670.807,9489.504,85.506,129.564
1960_2023_F3-Fe2-68_Tige_X200_09µm_square.jpg,65,767969.646,11814.918,87.593,150.463
1960_2024_F3-Fe2-68_Tige_X200_09µm_square.jpg,139,634888.439,4567.543,72.414,100.374
1961_2021_F3-Fe2-68_Racine_X200_09µm_square.jpg,135,456003.209,3377.802,74.828,86.232
1961_2022_F3-Fe2-68_Racine_X200_09µm_square.jpg,89,524835.948,5897.033,86.123,110.474
1961_2023_F3-Fe2-68_Racine_X200_09µm_square.jpg,75,526207.663,7016.102,86.348,116.729
1961_2024_F3-Fe2-68_Racine_X200_09µm_square.jpg,150,446594.889,2977.299,73.284,88.566
1962_2021_F3-Ft3-72_Tige_X200_09µm_square.jpg,53,289868.048,5469.208,77.083,123.200
1962_2022_F3-Ft3-72_Tige_X200_09µm_square.jpg,54,286812.440,5311.341,76.270,106.583
1962_2023_F3-Ft3-72_Tige_X200_09µm_square.jpg,52,312862.857,6016.593,83.198,117.756
1962_2024_F3-Ft3-72_Tige_X200_09µm_square.jpg,55,309247.052,5622.674,82.236,109.815
1963_2021_F3-Ft3-72_Racine_X200_09µm_square.jpg,17,98310.565,5782.974,84.099,169.451
1963_2022_F3-Ft3-72_Racine_X200_09µm_square.jpg,17,100290.684,5899.452,85.793,184.338
1963_2023_F3-Ft3-72_Racine_X200_09µm_square.jpg,27,93947.567,3479.540,80.367,130.631
1963_2024_F3-Ft3-72_Racine_X200_09µm_square.jpg,34,88486.354,2602.540,75.695,112.446
1964_2021_P2-Fe1-79_Tige_X200_09µm_square.jpg,58,118512.890,2043.326,74.810,89.537
1964_2022_P2-Fe1-79_Tige_X200_09µm_square.jpg,27,139676.798,5173.215,88.170,153.355
1964_2023_P2-Fe1-79_Tige_X200_09µm_square.jpg,70,117182.494,1674.036,73.970,99.452
1964_2024_P2-Fe1-79_Tige_X200_09µm_square.jpg,28,129732.386,4633.299,81.892,123.330
1965_2021_P2-Fe1-79_Racine_X200_09µm_UNSURE_1945_square.jpg,12,85064.676,7088.723,72.195,148.241
1965_2022_P2-Fe1-79_Racine_X200_09µm_UNSURE_1945_square.jpg,15,96071.432,6404.762,81.537,174.384
1965_2023_P2-Fe1-79_Racine_X200_09µm_UNSURE_1945_square.jpg,13,84495.998,6499.692,71.713,197.096
1965_2024_P2-Fe1-79_Racine_X200_09µm_UNSURE_1945_square.jpg,9,95063.030,10562.559,80.681,188.489
1966_2021_P1-Ft1-76_Tige_X200_09µm_square.jpg,46,114386.175,2486.656,75.380,84.241
1966_2022_P1-Ft1-76_Tige_X200_09µm_square.jpg,19,136486.477,7183.499,89.944,165.682
1966_2023_P1-Ft1-76_Tige_X200_09µm_square.jpg,32,130175.119,4067.972,85.785,115.737
1966_2024_P1-Ft1-76_Tige_X200_09µm_square.jpg,52,104863.690,2016.609,69.105,87.871
1967_2021_P1-Ft1-76_Racine_X200_09µm_square.jpg,19,297491.196,15657.431,82.639,218.013
1967_2022_P1-Ft1-76_Racine_X200_09µm_square.jpg,45,316386.928,7030.821,87.888,130.117
1967_2023_P1-Ft1-76_Racine_X200_09µm_square.jpg,62,296975.892,4789.934,82.496,124.861
1967_2024_P1-Ft1-76_Racine_X200_09µm_square.jpg,47,310408.236,6604.431,86.227,95.165
1968_2021_t2-Ft3-36_Tige_X200_09µm_square.jpg,35,131397.357,3754.210,79.898,119.313
1968_2022_t2-Ft3-36_Tige_X200_09µm_square.jpg,26,135122.681,5197.026,82.164,158.898
1968_2023_t2-Ft3-36_Tige_X200_09µm_square.jpg,33,134584.388,4078.315,81.836,145.686
1968_2024_t2-Ft3-36_Tige_X200_09µm_square.jpg,38,129757.847,3414.680,78.901,110.199
1969_2023_t2-Ft3-36_Racine_X200_09µm_square.jpg,103,175436.424,1703.266,45.536,102.630
1969_2024_t2-Ft3-36_Racine_X200_09µm_square.jpg,63,320846.850,5092.807,83.278,152.021
1970_2021_t1-Ft1-16_Tige_X200_09µm_square.jpg,101,645346.215,6389.566,79.439,109.593
1970_2022_t1-Ft1-16_Tige_X200_09µm_square.jpg,97,679369.670,7003.811,83.627,86.206
1970_2023_t1-Ft1-16_Tige_X200_09µm_square.jpg,90,693340.295,7703.781,85.347,90.329
1970_2024_t1-Ft1-16_Tige_X200_09µm_square.jpg,100,681133.228,6811.332,83.844,110.408
1971_2021_t1-Ft1-16_Racine_X200_09µm_square.jpg,37,163977.629,4431.828,76.303,106.846
1971_2022_t1-Ft1-16_Racine_X200_09µm_square.jpg,25,188970.345,7558.814,87.932,157.314
1971_2023_t1-Ft1-16_Racine_X200_09µm_square.jpg,50,156566.140,3131.323,72.854,101.709
1971_2024_t1-Ft1-16_Racine_X200_09µm_square.jpg,40,164601.344,4115.034,76.593,96.678
1972_2021_t1-Fe1-10_Tige_X200_09µm_square.jpg,38,193534.036,5093.001,79.763,126.051
1972_2022_t1-Fe1-10_Tige_X200_09µm_square.jpg,33,195888.169,5936.005,80.734,151.239
1972_2023_t1-Fe1-10_Tige_X200_09µm_square.jpg,30,190545.518,6351.517,78.532,156.485
1972_2024_t1-Fe1-10_Tige_X200_09µm_square.jpg,40,179654.860,4491.372,74.043,102.233
1973_2021_t1-Fe1-10_Racine_X200_09µm_square.jpg,34,167505.528,4926.633,80.827,109.745
1973_2022_t1-Fe1-10_Racine_X200_09µm_square.jpg,26,170582.498,6560.865,82.312,167.424
1973_2023_t1-Fe1-10_Racine_X200_09µm_square.jpg,32,176324.356,5510.136,85.083,148.484
1973_2024_t1-Fe1-10_Racine_X200_09µm_square.jpg,37,150900.945,4078.404,72.815,140.769
1974_2021_t3-Ft2-53_Tige_X200_09µm_2_square.jpg,14,167570.695,11969.335,73.075,179.843
1974_2022_t3-Ft2-53_Tige_X200_09µm_2_square.jpg,17,173667.125,10215.713,75.734,202.368
1974_2023_t3-Ft2-53_Tige_X200_09µm_2_square.jpg,28,189908.657,6782.452,82.816,148.334
1974_2024_t3-Ft2-53_Tige_X200_09µm_2_square.jpg,46,176256.176,3831.656,76.863,104.440
1975_2021_t3-Ft2-53_Racine_X200_09µm_square.jpg,16,55780.417,3486.276,77.517,117.666
1975_2022_t3-Ft2-53_Racine_X200_09µm_square.jpg,17,59971.473,3527.734,83.341,132.026
1975_2023_t3-Ft2-53_Racine_X200_09µm_square.jpg,13,60617.914,4662.916,84.240,171.731
1975_2024_t3-Ft2-53_Racine_X200_09µm_square.jpg,16,58900.366,3681.273,81.853,149.803
1976_2021_t2-Ft1-34_Tige_X200_09µm_square.jpg,73,303242.625,4154.009,66.123,101.353
1976_2022_t2-Ft1-34_Tige_X200_09µm_square.jpg,40,383976.883,9599.422,83.727,151.625
1976_2023_t2-Ft1-34_Tige_X200_09µm_square.jpg,38,371701.078,9781.607,81.051,166.545
1976_2024_t2-Ft1-34_Tige_X200_09µm_square.jpg,29,400562.866,13812.513,87.344,185.027
1977_2021_t1-Ft3-18_Racine_X200_09µm_square.jpg,56,280834.841,5014.908,84.474,131.840
1977_2022_t1-Ft3-18_Racine_X200_09µm_square.jpg,60,288292.321,4804.872,86.718,133.092
1977_2023_t1-Ft3-18_Racine_X200_09µm_square.jpg,69,256211.750,3713.214,77.068,104.144
1977_2024_t1-Ft3-18_Racine_X200_09µm_square.jpg,48,270064.368,5626.341,81.235,128.041
1978_2021_t2-Ft2-35_Tige_X200_09µm_square.jpg,23,196629.898,8549.126,80.230,168.751
1978_2022_t2-Ft2-35_Tige_X200_09µm_square.jpg,29,200401.756,6910.405,81.769,152.217
1978_2023_t2-Ft2-35_Tige_X200_09µm_square.jpg,24,208214.370,8675.599,84.956,179.931
1978_2024_t2-Ft2-35_Tige_X200_09µm_square.jpg,28,198450.666,7087.524,80.973,150.086
1979_2021_t2-Ft2-35_Racine_X200_09µm_square.jpg,13,64288.747,4945.288,80.749,138.002
1979_2022_t2-Ft2-35_Racine_X200_09µm_square.jpg,14,64342.411,4595.887,80.816,157.681
1979_2023_t2-Ft2-35_Racine_X200_09µm_square.jpg,10,66619.056,6661.906,83.676,214.385
1979_2024_t2-Ft2-35_Racine_X200_09µm_square.jpg,14,58879.284,4205.663,73.955,144.789
1980_2021_t3-Ho2-41_Tige_X200_09µm_square.jpg,52,355305.940,6832.807,90.062,109.485
1980_2022_t3-Ho2-41_Tige_X200_09µm_square.jpg,90,330301.703,3670.019,83.724,79.215
1980_2023_t3-Ho2-41_Tige_X200_09µm_square.jpg,203,274690.234,1353.154,69.628,58.127
1980_2024_t3-Ho2-41_Tige_X200_09µm_square.jpg,166,295512.157,1780.194,74.906,64.148
1981_2021_t3-Ho2-41_Racine_X200_09µm_square.jpg,4,72606.515,18151.629,84.855,416.608
1981_2022_t3-Ho2-41_Racine_X200_09µm_square.jpg,9,71520.896,7946.766,83.586,215.924
1981_2023_t3-Ho2-41_Racine_X200_09µm_square.jpg,26,56682.313,2180.089,66.244,93.998
1981_2024_t3-Ho2-41_Racine_X200_09µm_square.jpg,13,69776.519,5367.425,81.547,157.939
1982_2021_t1-Ho3-6_Tige_X200_09µm_square.jpg,76,375427.489,4939.835,85.481,93.269
1982_2022_t1-Ho3-6_Tige_X200_09µm_square.jpg,209,285681.112,1366.895,65.047,64.216
1982_2023_t1-Ho3-6_Tige_X200_09µm_square.jpg,103,366725.290,3560.440,83.500,92.931
1982_2024_t1-Ho3-6_Tige_X200_09µm_square.jpg,86,367742.466,4276.075,83.732,85.448
1983_2021_t1-Ho2-5_Tige_X200_09µm_square.jpg,95,317811.525,3345.384,81.940,83.795
1983_2022_t1-Ho2-5_Tige_X200_09µm_square.jpg,106,306231.421,2888.976,78.954,84.085
1983_2023_t1-Ho2-5_Tige_X200_09µm_square.jpg,62,332384.777,5361.045,85.697,107.717
1983_2024_t1-Ho2-5_Tige_X200_09µm_square.jpg,100,310329.115,3103.291,80.011,83.333
1984_2021_t1-Ho1-4_Tige_X200_09µm_square.jpg,54,262689.041,4864.612,89.102,100.100
1984_2022_t1-Ho1-4_Tige_X200_09µm_square.jpg,150,195942.654,1306.284,66.462,66.907
1984_2023_t1-Ho1-4_Tige_X200_09µm_square.jpg,97,238761.661,2461.460,80.986,76.539
1984_2024_t1-Ho1-4_Tige_X200_09µm_square.jpg,86,250019.215,2907.200,84.804,79.703
1985_2021_t2-Ho1-22_Tige_X200_09µm_square.jpg,324,806425.081,2488.966,76.155,58.888
1985_2022_t2-Ho1-22_Tige_X200_09µm_square.jpg,250,902153.762,3608.615,85.195,71.739
1985_2023_t2-Ho1-22_Tige_X200_09µm_square.jpg,333,886632.846,2662.561,83.730,73.867
1985_2024_t2-Ho1-22_Tige_X200_09µm_square.jpg,368,789595.712,2145.641,74.566,69.680
1986_2021_t2-Ho2-23_Tige_X200_11µm_square.jpg,37,189026.197,5108.816,85.287,106.435
1986_2022_t2-Ho2-23_Tige_X200_11µm_square.jpg,77,175899.143,2284.404,79.364,73.134
1986_2023_t2-Ho2-23_Tige_X200_11µm_square.jpg,79,157017.636,1987.565,70.845,69.646
1986_2024_t2-Ho2-23_Tige_X200_11µm_square.jpg,53,176649.083,3333.002,79.703,79.132
